#-----------------------------------------------------------
# Vivado v2024.2 (64-bit)
# SW Build 5239630 on Fri Nov 08 22:35:27 MST 2024
# IP Build 5239520 on Sun Nov 10 16:12:51 MST 2024
# SharedData Build 5239561 on Fri Nov 08 14:39:27 MST 2024
# Start of session at: Wed Oct 15 19:23:45 2025
# Process ID         : 7624
# Current directory  : C:/Users/fallo/Desktop/CECS 440/Lab 5/Lab5
# Command line       : vivado.exe -gui_launcher_event rodinguilauncherevent5108 C:\Users\fallo\Desktop\CECS 440\Lab 5\Lab5\Lab5.xpr
# Log file           : C:/Users/fallo/Desktop/CECS 440/Lab 5/Lab5/vivado.log
# Journal file       : C:/Users/fallo/Desktop/CECS 440/Lab 5/Lab5\vivado.jou
# Running On         : S340
# Platform           : Windows Server 2016 or Windows 10
# Operating System   : 26100
# Processor Detail   : AMD Ryzen 7 7800X3D 8-Core Processor           
# CPU Frequency      : 4192 MHz
# CPU Physical cores : 8
# CPU Logical cores  : 16
# Host memory        : 33411 MB
# Swap memory        : 10737 MB
# Total Virtual      : 44149 MB
# Available Virtual  : 34723 MB
#-----------------------------------------------------------
start_gui
open_project {C:/Users/fallo/Desktop/CECS 440/Lab 5/Lab5/Lab5.xpr}
WARNING: [Board 49-26] cannot add Board Part xilinx.com:zcu208ld:part0:2.0 available at E:/Vivado/2024.2/data/xhub/boards/XilinxBoardStore/boards/Xilinx/zcu208ld/production/2.0/board.xml as part xczu58dr-fsvg1517-2-i specified in board_part file is either invalid or not available
WARNING: [Board 49-26] cannot add Board Part xilinx.com:zcu216ld:part0:2.0 available at E:/Vivado/2024.2/data/xhub/boards/XilinxBoardStore/boards/Xilinx/zcu216ld/production/2.0/board.xml as part xczu59dr-ffvf1760-2-i specified in board_part file is either invalid or not available
WARNING: [Board 49-26] cannot add Board Part xilinx.com:zcu670ld:part0:1.0 available at E:/Vivado/2024.2/data/xhub/boards/XilinxBoardStore/boards/Xilinx/zcu670ld/1.0/board.xml as part xczu57dr-fsve1156-2-i specified in board_part file is either invalid or not available
INFO: [filemgmt 56-3] Default IP Output Path : Could not find the directory 'C:/Users/fallo/Desktop/CECS 440/Lab 5/Lab5/Lab5.gen/sources_1'.
Scanning sources...
Finished scanning sources
INFO: [IP_Flow 19-234] Refreshing IP repositories
INFO: [IP_Flow 19-1704] No user IP repositories specified
INFO: [IP_Flow 19-2313] Loaded Vivado IP repository 'E:/Vivado/2024.2/data/ip'.
open_project: Time (s): cpu = 00:00:14 ; elapsed = 00:00:07 . Memory (MB): peak = 1597.645 ; gain = 340.094
update_compile_order -fileset sources_1
launch_simulation
Command: launch_simulation 
INFO: [Vivado 12-12493] Simulation top is 'datapathTester'
WARNING: [Vivado 12-13340] Unable to auto find GCC executables from simulator install path! (path not set)
INFO: [Vivado 12-5682] Launching behavioral simulation in 'C:/Users/fallo/Desktop/CECS 440/Lab 5/Lab5/Lab5.sim/sim_1/behav/xsim'
INFO: [SIM-utils-51] Simulation object is 'sim_1'
INFO: [SIM-utils-72] Using boost library from 'E:/Vivado/2024.2/tps/boost_1_72_0'
INFO: [SIM-utils-54] Inspecting design source files for 'datapathTester' in fileset 'sim_1'...
INFO: [USF-XSim-97] Finding global include files...
INFO: [USF-XSim-98] Fetching design files from 'sim_1'...
INFO: [USF-XSim-2] XSim::Compile design
INFO: [USF-XSim-61] Executing 'COMPILE and ANALYZE' step in 'C:/Users/fallo/Desktop/CECS 440/Lab 5/Lab5/Lab5.sim/sim_1/behav/xsim'
"xvlog --incr --relax -prj datapathTester_vlog.prj"
INFO: [USF-XSim-69] 'compile' step finished in '1' seconds
INFO: [USF-XSim-3] XSim::Elaborate design
INFO: [USF-XSim-61] Executing 'ELABORATE' step in 'C:/Users/fallo/Desktop/CECS 440/Lab 5/Lab5/Lab5.sim/sim_1/behav/xsim'
"xelab --incr --debug typical --relax --mt 2 -L xil_defaultlib -L unisims_ver -L unimacro_ver -L secureip --snapshot datapathTester_behav xil_defaultlib.datapathTester xil_defaultlib.glbl -log elaborate.log"
Vivado Simulator v2024.2.0
Copyright 1986-2022 Xilinx, Inc. All Rights Reserved.
Copyright 2022-2024 Advanced Micro Devices, Inc. All Rights Reserved.
Running: E:/Vivado/2024.2/bin/unwrapped/win64.o/xelab.exe --incr --debug typical --relax --mt 2 -L xil_defaultlib -L unisims_ver -L unimacro_ver -L secureip --snapshot datapathTester_behav xil_defaultlib.datapathTester xil_defaultlib.glbl -log elaborate.log 
Using 2 slave threads.
Starting static elaboration
Pass Through NonSizing Optimizer
WARNING: [VRFC 10-5021] port 'op_code' is not connected on this instance [C:/Users/fallo/Desktop/CECS 440/Lab 5/Lab5/Lab5.srcs/sim_1/new/testbench_skeleton-lab5.v:14]
Completed static elaboration
INFO: [XSIM 43-4323] No Change in HDL. Linking previously generated obj files to create kernel
INFO: [USF-XSim-69] 'elaborate' step finished in '2' seconds
INFO: [USF-XSim-4] XSim::Simulate design
INFO: [USF-XSim-61] Executing 'SIMULATE' step in 'C:/Users/fallo/Desktop/CECS 440/Lab 5/Lab5/Lab5.sim/sim_1/behav/xsim'
INFO: [USF-XSim-98] *** Running xsim
   with args "datapathTester_behav -key {Behavioral:sim_1:Functional:datapathTester} -tclbatch {datapathTester.tcl} -log {simulate.log}"
INFO: [USF-XSim-8] Loading simulator feature
Time resolution is 1 ps
source datapathTester.tcl
# set curr_wave [current_wave_config]
# if { [string length $curr_wave] == 0 } {
#   if { [llength [get_objects]] > 0} {
#     add_wave /
#     set_property needs_save false [current_wave_config]
#   } else {
#      send_msg_id Add_Wave-1 WARNING "No top level signals found. Simulator will start without a wave window. If you want to open a wave window go to 'File->New Waveform Configuration' or type 'create_wave_config' in the TCL console."
#   }
# }
# run 1000ns
Registers Initialized!
	Register	Content
          0	0x00000000
          1	0xffff0000
          2	0x0a0a0a0a
          3	0x000001f4
          4	0x000003e8
          5	0x00000005
          6	0x00000006
          7	0x00000007
          8	0x00000008
          9	0x00000009
         10	0x0000000a
         11	0x0000000b
         12	0x0000000c
         13	0x0000000d
         14	0x0000000e
         15	0x0000000f
         16	0x00000010
         17	0x00000011
         18	0x00000012
         19	0x00000013
         20	0x00000014
         21	0x00000015
         22	0x00000016
         23	0x00000017
         24	0x00000018
         25	0x00000019
         26	0x0000001a
         27	0x0000001b
         28	0x0000001c
         29	0x0000001d
         30	0x0000001e
         31	0x0000001f

Checking test case
srca =          x, srcb =          x
add $ALUout, $11, $ 4 performed
sum =          z
Test Failed!!!

Checking test case
srca =          x, srcb =          x
increment $ALUout, $11 performed
d_out =          z
Test Failed!!!

Checking test case
srca = xxxxxxxx, srcb = xxxxxxxx
and $ALUout, $ 1, $10 performed
d_out = zzzzzzzz
Test Failed!!!

Checking test case
srca = xxxxxxxx, srcb = xxxxxxxx
or $ALUout, $ 1, $10 performed
d_out = zzzzzzzz
Test Failed!!!

Checking test case
srca = xxxxxxxx, srcb = xxxxxxxx
xor $ALUout, $10, $ 1 performed
d_out = zzzzzzzz
Test Failed!!!

Checking test case
srca = xxxxxxxx, srcb = xxxxxxxx
not $ALUout, $10 performed
d_out = zzzzzzzz
Test Failed!!!

Checking test case
srca =          x, srcb =          x
sll $ALUout, $ 4, performed
d_out =          z
Test Failed!!!

Checking test case
srca = xxxxxxxx, srcb = xxxxxxxx
nop operation performed
d_out = zzzzzzzz
Test Failed!!!
$finish called at time : 146 ns : File "C:/Users/fallo/Desktop/CECS 440/Lab 5/Lab5/Lab5.srcs/sim_1/new/testbench_skeleton-lab5.v" Line 105
INFO: [USF-XSim-96] XSim completed. Design snapshot 'datapathTester_behav' loaded.
INFO: [USF-XSim-97] XSim simulation ran for 1000ns
launch_simulation: Time (s): cpu = 00:00:03 ; elapsed = 00:00:06 . Memory (MB): peak = 1666.691 ; gain = 20.055
close_sim
INFO: [Simtcl 6-16] Simulation closed
launch_simulation
Command: launch_simulation 
INFO: [Vivado 12-12493] Simulation top is 'datapathTester'
WARNING: [Vivado 12-13340] Unable to auto find GCC executables from simulator install path! (path not set)
INFO: [Vivado 12-5682] Launching behavioral simulation in 'C:/Users/fallo/Desktop/CECS 440/Lab 5/Lab5/Lab5.sim/sim_1/behav/xsim'
INFO: [SIM-utils-51] Simulation object is 'sim_1'
INFO: [SIM-utils-72] Using boost library from 'E:/Vivado/2024.2/tps/boost_1_72_0'
INFO: [SIM-utils-54] Inspecting design source files for 'datapathTester' in fileset 'sim_1'...
INFO: [USF-XSim-97] Finding global include files...
INFO: [USF-XSim-98] Fetching design files from 'sim_1'...
INFO: [USF-XSim-2] XSim::Compile design
INFO: [USF-XSim-61] Executing 'COMPILE and ANALYZE' step in 'C:/Users/fallo/Desktop/CECS 440/Lab 5/Lab5/Lab5.sim/sim_1/behav/xsim'
"xvlog --incr --relax -prj datapathTester_vlog.prj"
INFO: [USF-XSim-69] 'compile' step finished in '2' seconds
INFO: [USF-XSim-3] XSim::Elaborate design
INFO: [USF-XSim-61] Executing 'ELABORATE' step in 'C:/Users/fallo/Desktop/CECS 440/Lab 5/Lab5/Lab5.sim/sim_1/behav/xsim'
"xelab --incr --debug typical --relax --mt 2 -L xil_defaultlib -L unisims_ver -L unimacro_ver -L secureip --snapshot datapathTester_behav xil_defaultlib.datapathTester xil_defaultlib.glbl -log elaborate.log"
Vivado Simulator v2024.2.0
Copyright 1986-2022 Xilinx, Inc. All Rights Reserved.
Copyright 2022-2024 Advanced Micro Devices, Inc. All Rights Reserved.
Running: E:/Vivado/2024.2/bin/unwrapped/win64.o/xelab.exe --incr --debug typical --relax --mt 2 -L xil_defaultlib -L unisims_ver -L unimacro_ver -L secureip --snapshot datapathTester_behav xil_defaultlib.datapathTester xil_defaultlib.glbl -log elaborate.log 
Using 2 slave threads.
Starting static elaboration
Pass Through NonSizing Optimizer
WARNING: [VRFC 10-5021] port 'op_code' is not connected on this instance [C:/Users/fallo/Desktop/CECS 440/Lab 5/Lab5/Lab5.srcs/sim_1/new/testbench_skeleton-lab5.v:14]
Completed static elaboration
INFO: [XSIM 43-4323] No Change in HDL. Linking previously generated obj files to create kernel
INFO: [USF-XSim-69] 'elaborate' step finished in '1' seconds
INFO: [USF-XSim-4] XSim::Simulate design
INFO: [USF-XSim-61] Executing 'SIMULATE' step in 'C:/Users/fallo/Desktop/CECS 440/Lab 5/Lab5/Lab5.sim/sim_1/behav/xsim'
INFO: [USF-XSim-98] *** Running xsim
   with args "datapathTester_behav -key {Behavioral:sim_1:Functional:datapathTester} -tclbatch {datapathTester.tcl} -log {simulate.log}"
INFO: [USF-XSim-8] Loading simulator feature
Time resolution is 1 ps
source datapathTester.tcl
# set curr_wave [current_wave_config]
# if { [string length $curr_wave] == 0 } {
#   if { [llength [get_objects]] > 0} {
#     add_wave /
#     set_property needs_save false [current_wave_config]
#   } else {
#      send_msg_id Add_Wave-1 WARNING "No top level signals found. Simulator will start without a wave window. If you want to open a wave window go to 'File->New Waveform Configuration' or type 'create_wave_config' in the TCL console."
#   }
# }
# run 1000ns
Registers Initialized!
	Register	Content
          0	0x00000000
          1	0xffff0000
          2	0x0a0a0a0a
          3	0x000001f4
          4	0x000003e8
          5	0x00000005
          6	0x00000006
          7	0x00000007
          8	0x00000008
          9	0x00000009
         10	0x0000000a
         11	0x0000000b
         12	0x0000000c
         13	0x0000000d
         14	0x0000000e
         15	0x0000000f
         16	0x00000010
         17	0x00000011
         18	0x00000012
         19	0x00000013
         20	0x00000014
         21	0x00000015
         22	0x00000016
         23	0x00000017
         24	0x00000018
         25	0x00000019
         26	0x0000001a
         27	0x0000001b
         28	0x0000001c
         29	0x0000001d
         30	0x0000001e
         31	0x0000001f

Checking test case
srca =          x, srcb =          x
add $ALUout, $11, $ 4 performed
sum =          z
Test Failed!!!

Checking test case
srca =          x, srcb =          x
increment $ALUout, $11 performed
d_out =          z
Test Failed!!!

Checking test case
srca = xxxxxxxx, srcb = xxxxxxxx
and $ALUout, $ 1, $10 performed
d_out = zzzzzzzz
Test Failed!!!

Checking test case
srca = xxxxxxxx, srcb = xxxxxxxx
or $ALUout, $ 1, $10 performed
d_out = zzzzzzzz
Test Failed!!!

Checking test case
srca = xxxxxxxx, srcb = xxxxxxxx
xor $ALUout, $10, $ 1 performed
d_out = zzzzzzzz
Test Failed!!!

Checking test case
srca = xxxxxxxx, srcb = xxxxxxxx
not $ALUout, $10 performed
d_out = zzzzzzzz
Test Failed!!!

Checking test case
srca =          x, srcb =          x
sll $ALUout, $ 4, performed
d_out =          z
Test Failed!!!

Checking test case
srca = xxxxxxxx, srcb = xxxxxxxx
nop operation performed
d_out = zzzzzzzz
Test Failed!!!
$finish called at time : 146 ns : File "C:/Users/fallo/Desktop/CECS 440/Lab 5/Lab5/Lab5.srcs/sim_1/new/testbench_skeleton-lab5.v" Line 105
INFO: [USF-XSim-96] XSim completed. Design snapshot 'datapathTester_behav' loaded.
INFO: [USF-XSim-97] XSim simulation ran for 1000ns
WARNING: [filemgmt 56-199] Attempt to get parsing info during refresh. "On-the-fly" syntax checking information may be incorrect. [C:\Users\fallo\Desktop\CECS 440\Lab 5\Lab5\Lab5.srcs\sim_1\new\testbench_skeleton-lab5.v:]
WARNING: [filemgmt 56-199] Attempt to get parsing info during refresh. "On-the-fly" syntax checking information may be incorrect. [C:\Users\fallo\Desktop\CECS 440\Lab 5\Lab5\Lab5.srcs\sources_1\new\alu.v:]
WARNING: [filemgmt 56-199] Attempt to get parsing info during refresh. "On-the-fly" syntax checking information may be incorrect. [C:\Users\fallo\Desktop\CECS 440\Lab 5\Lab5\Lab5.srcs\sources_1\new\aluout.v:]
WARNING: [filemgmt 56-199] Attempt to get parsing info during refresh. "On-the-fly" syntax checking information may be incorrect. [C:\Users\fallo\Desktop\CECS 440\Lab 5\Lab5\Lab5.srcs\sources_1\new\design.v:]
WARNING: [filemgmt 56-199] Attempt to get parsing info during refresh. "On-the-fly" syntax checking information may be incorrect. [C:\Users\fallo\Desktop\CECS 440\Lab 5\Lab5\Lab5.srcs\sim_1\new\testbench_skeleton-lab5.v:]
WARNING: [filemgmt 56-199] Attempt to get parsing info during refresh. "On-the-fly" syntax checking information may be incorrect. [C:\Users\fallo\Desktop\CECS 440\Lab 5\Lab5\Lab5.srcs\sim_1\new\testbench_skeleton-lab5.v:]
WARNING: [filemgmt 56-199] Attempt to get parsing info during refresh. "On-the-fly" syntax checking information may be incorrect. [C:\Users\fallo\Desktop\CECS 440\Lab 5\Lab5\Lab5.srcs\sim_1\new\testbench_skeleton-lab5.v:]
WARNING: [filemgmt 56-199] Attempt to get parsing info during refresh. "On-the-fly" syntax checking information may be incorrect. [C:\Users\fallo\Desktop\CECS 440\Lab 5\Lab5\Lab5.srcs\sources_1\new\alu.v:]
WARNING: [filemgmt 56-199] Attempt to get parsing info during refresh. "On-the-fly" syntax checking information may be incorrect. [C:\Users\fallo\Desktop\CECS 440\Lab 5\Lab5\Lab5.srcs\sources_1\new\aluout.v:]
WARNING: [filemgmt 56-199] Attempt to get parsing info during refresh. "On-the-fly" syntax checking information may be incorrect. [C:\Users\fallo\Desktop\CECS 440\Lab 5\Lab5\Lab5.srcs\sources_1\new\design.v:]
WARNING: [filemgmt 56-199] Attempt to get parsing info during refresh. "On-the-fly" syntax checking information may be incorrect. [C:\Users\fallo\Desktop\CECS 440\Lab 5\Lab5\Lab5.srcs\sources_1\new\alu.v:]
WARNING: [filemgmt 56-199] Attempt to get parsing info during refresh. "On-the-fly" syntax checking information may be incorrect. [C:\Users\fallo\Desktop\CECS 440\Lab 5\Lab5\Lab5.srcs\sources_1\new\alu.v:]
WARNING: [filemgmt 56-199] Attempt to get parsing info during refresh. "On-the-fly" syntax checking information may be incorrect. [C:\Users\fallo\Desktop\CECS 440\Lab 5\Lab5\Lab5.srcs\sim_1\new\testbench_skeleton-lab5.v:]
WARNING: [filemgmt 56-199] Attempt to get parsing info during refresh. "On-the-fly" syntax checking information may be incorrect. [C:\Users\fallo\Desktop\CECS 440\Lab 5\Lab5\Lab5.srcs\sources_1\new\alu.v:]
WARNING: [filemgmt 56-199] Attempt to get parsing info during refresh. "On-the-fly" syntax checking information may be incorrect. [C:\Users\fallo\Desktop\CECS 440\Lab 5\Lab5\Lab5.srcs\sources_1\new\aluout.v:]
WARNING: [filemgmt 56-199] Attempt to get parsing info during refresh. "On-the-fly" syntax checking information may be incorrect. [C:\Users\fallo\Desktop\CECS 440\Lab 5\Lab5\Lab5.srcs\sources_1\new\design.v:]
WARNING: [filemgmt 56-199] Attempt to get parsing info during refresh. "On-the-fly" syntax checking information may be incorrect. [C:\Users\fallo\Desktop\CECS 440\Lab 5\Lab5\Lab5.srcs\sources_1\new\design.v:]
WARNING: [filemgmt 56-199] Attempt to get parsing info during refresh. "On-the-fly" syntax checking information may be incorrect. [C:\Users\fallo\Desktop\CECS 440\Lab 5\Lab5\Lab5.srcs\sources_1\new\design.v:]
ERROR: [Common 17-180] Spawn failed: No error
WARNING: [filemgmt 56-199] Attempt to get parsing info during refresh. "On-the-fly" syntax checking information may be incorrect. [C:\Users\fallo\Desktop\CECS 440\Lab 5\Lab5\Lab5.srcs\sim_1\new\testbench_skeleton-lab5.v:]
WARNING: [filemgmt 56-199] Attempt to get parsing info during refresh. "On-the-fly" syntax checking information may be incorrect. [C:\Users\fallo\Desktop\CECS 440\Lab 5\Lab5\Lab5.srcs\sources_1\new\alu.v:]
WARNING: [filemgmt 56-199] Attempt to get parsing info during refresh. "On-the-fly" syntax checking information may be incorrect. [C:\Users\fallo\Desktop\CECS 440\Lab 5\Lab5\Lab5.srcs\sources_1\new\aluout.v:]
WARNING: [filemgmt 56-199] Attempt to get parsing info during refresh. "On-the-fly" syntax checking information may be incorrect. [C:\Users\fallo\Desktop\CECS 440\Lab 5\Lab5\Lab5.srcs\sources_1\new\design.v:]
WARNING: [filemgmt 56-199] Attempt to get parsing info during refresh. "On-the-fly" syntax checking information may be incorrect. [C:\Users\fallo\Desktop\CECS 440\Lab 5\Lab5\Lab5.srcs\sim_1\new\testbench_skeleton-lab5.v:]
WARNING: [filemgmt 56-199] Attempt to get parsing info during refresh. "On-the-fly" syntax checking information may be incorrect. [C:\Users\fallo\Desktop\CECS 440\Lab 5\Lab5\Lab5.srcs\sim_1\new\testbench_skeleton-lab5.v:]
WARNING: [filemgmt 56-199] Attempt to get parsing info during refresh. "On-the-fly" syntax checking information may be incorrect. [C:\Users\fallo\Desktop\CECS 440\Lab 5\Lab5\Lab5.srcs\sim_1\new\testbench_skeleton-lab5.v:]
WARNING: [filemgmt 56-199] Attempt to get parsing info during refresh. "On-the-fly" syntax checking information may be incorrect. [C:\Users\fallo\Desktop\CECS 440\Lab 5\Lab5\Lab5.srcs\sources_1\new\alu.v:]
WARNING: [filemgmt 56-199] Attempt to get parsing info during refresh. "On-the-fly" syntax checking information may be incorrect. [C:\Users\fallo\Desktop\CECS 440\Lab 5\Lab5\Lab5.srcs\sources_1\new\aluout.v:]
WARNING: [filemgmt 56-199] Attempt to get parsing info during refresh. "On-the-fly" syntax checking information may be incorrect. [C:\Users\fallo\Desktop\CECS 440\Lab 5\Lab5\Lab5.srcs\sources_1\new\design.v:]
WARNING: [filemgmt 56-199] Attempt to get parsing info during refresh. "On-the-fly" syntax checking information may be incorrect. [C:\Users\fallo\Desktop\CECS 440\Lab 5\Lab5\Lab5.srcs\sources_1\new\aluout.v:]
WARNING: [filemgmt 56-199] Attempt to get parsing info during refresh. "On-the-fly" syntax checking information may be incorrect. [C:\Users\fallo\Desktop\CECS 440\Lab 5\Lab5\Lab5.srcs\sources_1\new\aluout.v:]
ERROR: [Common 17-180] Spawn failed: No error
WARNING: [filemgmt 56-199] Attempt to get parsing info during refresh. "On-the-fly" syntax checking information may be incorrect. [C:\Users\fallo\Desktop\CECS 440\Lab 5\Lab5\Lab5.srcs\sim_1\new\testbench_skeleton-lab5.v:]
WARNING: [filemgmt 56-199] Attempt to get parsing info during refresh. "On-the-fly" syntax checking information may be incorrect. [C:\Users\fallo\Desktop\CECS 440\Lab 5\Lab5\Lab5.srcs\sources_1\new\alu.v:]
WARNING: [filemgmt 56-199] Attempt to get parsing info during refresh. "On-the-fly" syntax checking information may be incorrect. [C:\Users\fallo\Desktop\CECS 440\Lab 5\Lab5\Lab5.srcs\sources_1\new\aluout.v:]
WARNING: [filemgmt 56-199] Attempt to get parsing info during refresh. "On-the-fly" syntax checking information may be incorrect. [C:\Users\fallo\Desktop\CECS 440\Lab 5\Lab5\Lab5.srcs\sources_1\new\design.v:]
WARNING: [filemgmt 56-199] Attempt to get parsing info during refresh. "On-the-fly" syntax checking information may be incorrect. [C:\Users\fallo\Desktop\CECS 440\Lab 5\Lab5\Lab5.srcs\sources_1\new\design.v:]
WARNING: [filemgmt 56-199] Attempt to get parsing info during refresh. "On-the-fly" syntax checking information may be incorrect. [C:\Users\fallo\Desktop\CECS 440\Lab 5\Lab5\Lab5.srcs\sources_1\new\design.v:]
ERROR: [Common 17-180] Spawn failed: No error
WARNING: [filemgmt 56-199] Attempt to get parsing info during refresh. "On-the-fly" syntax checking information may be incorrect. [C:\Users\fallo\Desktop\CECS 440\Lab 5\Lab5\Lab5.srcs\sim_1\new\testbench_skeleton-lab5.v:]
WARNING: [filemgmt 56-199] Attempt to get parsing info during refresh. "On-the-fly" syntax checking information may be incorrect. [C:\Users\fallo\Desktop\CECS 440\Lab 5\Lab5\Lab5.srcs\sources_1\new\alu.v:]
WARNING: [filemgmt 56-199] Attempt to get parsing info during refresh. "On-the-fly" syntax checking information may be incorrect. [C:\Users\fallo\Desktop\CECS 440\Lab 5\Lab5\Lab5.srcs\sources_1\new\aluout.v:]
WARNING: [filemgmt 56-199] Attempt to get parsing info during refresh. "On-the-fly" syntax checking information may be incorrect. [C:\Users\fallo\Desktop\CECS 440\Lab 5\Lab5\Lab5.srcs\sources_1\new\design.v:]
WARNING: [filemgmt 56-199] Attempt to get parsing info during refresh. "On-the-fly" syntax checking information may be incorrect. [C:\Users\fallo\Desktop\CECS 440\Lab 5\Lab5\Lab5.srcs\sim_1\new\testbench_skeleton-lab5.v:]
WARNING: [filemgmt 56-199] Attempt to get parsing info during refresh. "On-the-fly" syntax checking information may be incorrect. [C:\Users\fallo\Desktop\CECS 440\Lab 5\Lab5\Lab5.srcs\sim_1\new\testbench_skeleton-lab5.v:]
WARNING: [filemgmt 56-199] Attempt to get parsing info during refresh. "On-the-fly" syntax checking information may be incorrect. [C:\Users\fallo\Desktop\CECS 440\Lab 5\Lab5\Lab5.srcs\sim_1\new\testbench_skeleton-lab5.v:]
WARNING: [filemgmt 56-199] Attempt to get parsing info during refresh. "On-the-fly" syntax checking information may be incorrect. [C:\Users\fallo\Desktop\CECS 440\Lab 5\Lab5\Lab5.srcs\sources_1\new\alu.v:]
WARNING: [filemgmt 56-199] Attempt to get parsing info during refresh. "On-the-fly" syntax checking information may be incorrect. [C:\Users\fallo\Desktop\CECS 440\Lab 5\Lab5\Lab5.srcs\sources_1\new\aluout.v:]
WARNING: [filemgmt 56-199] Attempt to get parsing info during refresh. "On-the-fly" syntax checking information may be incorrect. [C:\Users\fallo\Desktop\CECS 440\Lab 5\Lab5\Lab5.srcs\sources_1\new\design.v:]
WARNING: [filemgmt 56-199] Attempt to get parsing info during refresh. "On-the-fly" syntax checking information may be incorrect. [C:\Users\fallo\Desktop\CECS 440\Lab 5\Lab5\Lab5.srcs\sources_1\new\aluout.v:]
WARNING: [filemgmt 56-199] Attempt to get parsing info during refresh. "On-the-fly" syntax checking information may be incorrect. [C:\Users\fallo\Desktop\CECS 440\Lab 5\Lab5\Lab5.srcs\sources_1\new\aluout.v:]
ERROR: [Common 17-180] Spawn failed: No error
WARNING: [filemgmt 56-199] Attempt to get parsing info during refresh. "On-the-fly" syntax checking information may be incorrect. [C:\Users\fallo\Desktop\CECS 440\Lab 5\Lab5\Lab5.srcs\sim_1\new\testbench_skeleton-lab5.v:]
WARNING: [filemgmt 56-199] Attempt to get parsing info during refresh. "On-the-fly" syntax checking information may be incorrect. [C:\Users\fallo\Desktop\CECS 440\Lab 5\Lab5\Lab5.srcs\sources_1\new\alu.v:]
WARNING: [filemgmt 56-199] Attempt to get parsing info during refresh. "On-the-fly" syntax checking information may be incorrect. [C:\Users\fallo\Desktop\CECS 440\Lab 5\Lab5\Lab5.srcs\sources_1\new\aluout.v:]
WARNING: [filemgmt 56-199] Attempt to get parsing info during refresh. "On-the-fly" syntax checking information may be incorrect. [C:\Users\fallo\Desktop\CECS 440\Lab 5\Lab5\Lab5.srcs\sources_1\new\design.v:]
WARNING: [filemgmt 56-199] Attempt to get parsing info during refresh. "On-the-fly" syntax checking information may be incorrect. [C:\Users\fallo\Desktop\CECS 440\Lab 5\Lab5\Lab5.srcs\sources_1\new\design.v:]
WARNING: [filemgmt 56-199] Attempt to get parsing info during refresh. "On-the-fly" syntax checking information may be incorrect. [C:\Users\fallo\Desktop\CECS 440\Lab 5\Lab5\Lab5.srcs\sources_1\new\design.v:]
ERROR: [Common 17-180] Spawn failed: No error
WARNING: [filemgmt 56-199] Attempt to get parsing info during refresh. "On-the-fly" syntax checking information may be incorrect. [C:\Users\fallo\Desktop\CECS 440\Lab 5\Lab5\Lab5.srcs\sim_1\new\testbench_skeleton-lab5.v:]
WARNING: [filemgmt 56-199] Attempt to get parsing info during refresh. "On-the-fly" syntax checking information may be incorrect. [C:\Users\fallo\Desktop\CECS 440\Lab 5\Lab5\Lab5.srcs\sources_1\new\regfile.v:]
WARNING: [filemgmt 56-199] Attempt to get parsing info during refresh. "On-the-fly" syntax checking information may be incorrect. [C:\Users\fallo\Desktop\CECS 440\Lab 5\Lab5\Lab5.srcs\sources_1\new\alu.v:]
WARNING: [filemgmt 56-199] Attempt to get parsing info during refresh. "On-the-fly" syntax checking information may be incorrect. [C:\Users\fallo\Desktop\CECS 440\Lab 5\Lab5\Lab5.srcs\sources_1\new\aluout.v:]
WARNING: [filemgmt 56-199] Attempt to get parsing info during refresh. "On-the-fly" syntax checking information may be incorrect. [C:\Users\fallo\Desktop\CECS 440\Lab 5\Lab5\Lab5.srcs\sources_1\new\design.v:]
WARNING: [filemgmt 56-199] Attempt to get parsing info during refresh. "On-the-fly" syntax checking information may be incorrect. [C:\Users\fallo\Desktop\CECS 440\Lab 5\Lab5\Lab5.srcs\sim_1\new\testbench_skeleton-lab5.v:]
WARNING: [filemgmt 56-199] Attempt to get parsing info during refresh. "On-the-fly" syntax checking information may be incorrect. [C:\Users\fallo\Desktop\CECS 440\Lab 5\Lab5\Lab5.srcs\sim_1\new\testbench_skeleton-lab5.v:]
WARNING: [filemgmt 56-199] Attempt to get parsing info during refresh. "On-the-fly" syntax checking information may be incorrect. [C:\Users\fallo\Desktop\CECS 440\Lab 5\Lab5\Lab5.srcs\sim_1\new\testbench_skeleton-lab5.v:]
WARNING: [filemgmt 56-199] Attempt to get parsing info during refresh. "On-the-fly" syntax checking information may be incorrect. [C:\Users\fallo\Desktop\CECS 440\Lab 5\Lab5\Lab5.srcs\sources_1\new\regfile.v:]
WARNING: [filemgmt 56-199] Attempt to get parsing info during refresh. "On-the-fly" syntax checking information may be incorrect. [C:\Users\fallo\Desktop\CECS 440\Lab 5\Lab5\Lab5.srcs\sources_1\new\alu.v:]
WARNING: [filemgmt 56-199] Attempt to get parsing info during refresh. "On-the-fly" syntax checking information may be incorrect. [C:\Users\fallo\Desktop\CECS 440\Lab 5\Lab5\Lab5.srcs\sources_1\new\aluout.v:]
WARNING: [filemgmt 56-199] Attempt to get parsing info during refresh. "On-the-fly" syntax checking information may be incorrect. [C:\Users\fallo\Desktop\CECS 440\Lab 5\Lab5\Lab5.srcs\sources_1\new\design.v:]
WARNING: [filemgmt 56-199] Attempt to get parsing info during refresh. "On-the-fly" syntax checking information may be incorrect. [C:\Users\fallo\Desktop\CECS 440\Lab 5\Lab5\Lab5.srcs\sources_1\new\aluout.v:]
WARNING: [filemgmt 56-199] Attempt to get parsing info during refresh. "On-the-fly" syntax checking information may be incorrect. [C:\Users\fallo\Desktop\CECS 440\Lab 5\Lab5\Lab5.srcs\sources_1\new\aluout.v:]
WARNING: [filemgmt 56-199] Attempt to get parsing info during refresh. "On-the-fly" syntax checking information may be incorrect. [C:\Users\fallo\Desktop\CECS 440\Lab 5\Lab5\Lab5.srcs\sim_1\new\testbench_skeleton-lab5.v:]
WARNING: [filemgmt 56-199] Attempt to get parsing info during refresh. "On-the-fly" syntax checking information may be incorrect. [C:\Users\fallo\Desktop\CECS 440\Lab 5\Lab5\Lab5.srcs\sources_1\new\regfile.v:]
WARNING: [filemgmt 56-199] Attempt to get parsing info during refresh. "On-the-fly" syntax checking information may be incorrect. [C:\Users\fallo\Desktop\CECS 440\Lab 5\Lab5\Lab5.srcs\sources_1\new\alu.v:]
WARNING: [filemgmt 56-199] Attempt to get parsing info during refresh. "On-the-fly" syntax checking information may be incorrect. [C:\Users\fallo\Desktop\CECS 440\Lab 5\Lab5\Lab5.srcs\sources_1\new\aluout.v:]
WARNING: [filemgmt 56-199] Attempt to get parsing info during refresh. "On-the-fly" syntax checking information may be incorrect. [C:\Users\fallo\Desktop\CECS 440\Lab 5\Lab5\Lab5.srcs\sources_1\new\design.v:]
WARNING: [filemgmt 56-199] Attempt to get parsing info during refresh. "On-the-fly" syntax checking information may be incorrect. [C:\Users\fallo\Desktop\CECS 440\Lab 5\Lab5\Lab5.srcs\sources_1\new\design.v:]
WARNING: [filemgmt 56-199] Attempt to get parsing info during refresh. "On-the-fly" syntax checking information may be incorrect. [C:\Users\fallo\Desktop\CECS 440\Lab 5\Lab5\Lab5.srcs\sources_1\new\design.v:]
WARNING: [filemgmt 56-199] Attempt to get parsing info during refresh. "On-the-fly" syntax checking information may be incorrect. [C:\Users\fallo\Desktop\CECS 440\Lab 5\Lab5\Lab5.srcs\sim_1\new\testbench_skeleton-lab5.v:]
WARNING: [filemgmt 56-199] Attempt to get parsing info during refresh. "On-the-fly" syntax checking information may be incorrect. [C:\Users\fallo\Desktop\CECS 440\Lab 5\Lab5\Lab5.srcs\sources_1\new\regfile.v:]
WARNING: [filemgmt 56-199] Attempt to get parsing info during refresh. "On-the-fly" syntax checking information may be incorrect. [C:\Users\fallo\Desktop\CECS 440\Lab 5\Lab5\Lab5.srcs\sources_1\new\alu.v:]
WARNING: [filemgmt 56-199] Attempt to get parsing info during refresh. "On-the-fly" syntax checking information may be incorrect. [C:\Users\fallo\Desktop\CECS 440\Lab 5\Lab5\Lab5.srcs\sources_1\new\aluout.v:]
WARNING: [filemgmt 56-199] Attempt to get parsing info during refresh. "On-the-fly" syntax checking information may be incorrect. [C:\Users\fallo\Desktop\CECS 440\Lab 5\Lab5\Lab5.srcs\sources_1\new\design.v:]
WARNING: [filemgmt 56-199] Attempt to get parsing info during refresh. "On-the-fly" syntax checking information may be incorrect. [C:\Users\fallo\Desktop\CECS 440\Lab 5\Lab5\Lab5.srcs\sources_1\new\alu.v:]
WARNING: [filemgmt 56-199] Attempt to get parsing info during refresh. "On-the-fly" syntax checking information may be incorrect. [C:\Users\fallo\Desktop\CECS 440\Lab 5\Lab5\Lab5.srcs\sources_1\new\alu.v:]
ERROR: [Common 17-180] Spawn failed: No error
WARNING: [filemgmt 56-199] Attempt to get parsing info during refresh. "On-the-fly" syntax checking information may be incorrect. [C:\Users\fallo\Desktop\CECS 440\Lab 5\Lab5\Lab5.srcs\sim_1\new\testbench_skeleton-lab5.v:]
WARNING: [filemgmt 56-199] Attempt to get parsing info during refresh. "On-the-fly" syntax checking information may be incorrect. [C:\Users\fallo\Desktop\CECS 440\Lab 5\Lab5\Lab5.srcs\sources_1\new\regfile.v:]
WARNING: [filemgmt 56-199] Attempt to get parsing info during refresh. "On-the-fly" syntax checking information may be incorrect. [C:\Users\fallo\Desktop\CECS 440\Lab 5\Lab5\Lab5.srcs\sources_1\new\alu.v:]
WARNING: [filemgmt 56-199] Attempt to get parsing info during refresh. "On-the-fly" syntax checking information may be incorrect. [C:\Users\fallo\Desktop\CECS 440\Lab 5\Lab5\Lab5.srcs\sources_1\new\aluout.v:]
WARNING: [filemgmt 56-199] Attempt to get parsing info during refresh. "On-the-fly" syntax checking information may be incorrect. [C:\Users\fallo\Desktop\CECS 440\Lab 5\Lab5\Lab5.srcs\sources_1\new\design.v:]
WARNING: [filemgmt 56-199] Attempt to get parsing info during refresh. "On-the-fly" syntax checking information may be incorrect. [C:\Users\fallo\Desktop\CECS 440\Lab 5\Lab5\Lab5.srcs\sim_1\new\testbench_skeleton-lab5.v:]
WARNING: [filemgmt 56-199] Attempt to get parsing info during refresh. "On-the-fly" syntax checking information may be incorrect. [C:\Users\fallo\Desktop\CECS 440\Lab 5\Lab5\Lab5.srcs\sim_1\new\testbench_skeleton-lab5.v:]
WARNING: [filemgmt 56-199] Attempt to get parsing info during refresh. "On-the-fly" syntax checking information may be incorrect. [C:\Users\fallo\Desktop\CECS 440\Lab 5\Lab5\Lab5.srcs\sim_1\new\testbench_skeleton-lab5.v:]
WARNING: [filemgmt 56-199] Attempt to get parsing info during refresh. "On-the-fly" syntax checking information may be incorrect. [C:\Users\fallo\Desktop\CECS 440\Lab 5\Lab5\Lab5.srcs\sources_1\new\regfile.v:]
WARNING: [filemgmt 56-199] Attempt to get parsing info during refresh. "On-the-fly" syntax checking information may be incorrect. [C:\Users\fallo\Desktop\CECS 440\Lab 5\Lab5\Lab5.srcs\sources_1\new\alu.v:]
WARNING: [filemgmt 56-199] Attempt to get parsing info during refresh. "On-the-fly" syntax checking information may be incorrect. [C:\Users\fallo\Desktop\CECS 440\Lab 5\Lab5\Lab5.srcs\sources_1\new\aluout.v:]
WARNING: [filemgmt 56-199] Attempt to get parsing info during refresh. "On-the-fly" syntax checking information may be incorrect. [C:\Users\fallo\Desktop\CECS 440\Lab 5\Lab5\Lab5.srcs\sources_1\new\design.v:]
WARNING: [filemgmt 56-199] Attempt to get parsing info during refresh. "On-the-fly" syntax checking information may be incorrect. [C:\Users\fallo\Desktop\CECS 440\Lab 5\Lab5\Lab5.srcs\sources_1\new\aluout.v:]
WARNING: [filemgmt 56-199] Attempt to get parsing info during refresh. "On-the-fly" syntax checking information may be incorrect. [C:\Users\fallo\Desktop\CECS 440\Lab 5\Lab5\Lab5.srcs\sources_1\new\aluout.v:]
WARNING: [filemgmt 56-199] Attempt to get parsing info during refresh. "On-the-fly" syntax checking information may be incorrect. [C:\Users\fallo\Desktop\CECS 440\Lab 5\Lab5\Lab5.srcs\sim_1\new\testbench_skeleton-lab5.v:]
WARNING: [filemgmt 56-199] Attempt to get parsing info during refresh. "On-the-fly" syntax checking information may be incorrect. [C:\Users\fallo\Desktop\CECS 440\Lab 5\Lab5\Lab5.srcs\sources_1\new\regfile.v:]
WARNING: [filemgmt 56-199] Attempt to get parsing info during refresh. "On-the-fly" syntax checking information may be incorrect. [C:\Users\fallo\Desktop\CECS 440\Lab 5\Lab5\Lab5.srcs\sources_1\new\alu.v:]
WARNING: [filemgmt 56-199] Attempt to get parsing info during refresh. "On-the-fly" syntax checking information may be incorrect. [C:\Users\fallo\Desktop\CECS 440\Lab 5\Lab5\Lab5.srcs\sources_1\new\aluout.v:]
WARNING: [filemgmt 56-199] Attempt to get parsing info during refresh. "On-the-fly" syntax checking information may be incorrect. [C:\Users\fallo\Desktop\CECS 440\Lab 5\Lab5\Lab5.srcs\sources_1\new\design.v:]
WARNING: [filemgmt 56-199] Attempt to get parsing info during refresh. "On-the-fly" syntax checking information may be incorrect. [C:\Users\fallo\Desktop\CECS 440\Lab 5\Lab5\Lab5.srcs\sources_1\new\design.v:]
WARNING: [filemgmt 56-199] Attempt to get parsing info during refresh. "On-the-fly" syntax checking information may be incorrect. [C:\Users\fallo\Desktop\CECS 440\Lab 5\Lab5\Lab5.srcs\sources_1\new\design.v:]
WARNING: [filemgmt 56-199] Attempt to get parsing info during refresh. "On-the-fly" syntax checking information may be incorrect. [C:\Users\fallo\Desktop\CECS 440\Lab 5\Lab5\Lab5.srcs\sim_1\new\testbench_skeleton-lab5.v:]
WARNING: [filemgmt 56-199] Attempt to get parsing info during refresh. "On-the-fly" syntax checking information may be incorrect. [C:\Users\fallo\Desktop\CECS 440\Lab 5\Lab5\Lab5.srcs\sources_1\new\regfile.v:]
WARNING: [filemgmt 56-199] Attempt to get parsing info during refresh. "On-the-fly" syntax checking information may be incorrect. [C:\Users\fallo\Desktop\CECS 440\Lab 5\Lab5\Lab5.srcs\sources_1\new\alu.v:]
WARNING: [filemgmt 56-199] Attempt to get parsing info during refresh. "On-the-fly" syntax checking information may be incorrect. [C:\Users\fallo\Desktop\CECS 440\Lab 5\Lab5\Lab5.srcs\sources_1\new\aluout.v:]
WARNING: [filemgmt 56-199] Attempt to get parsing info during refresh. "On-the-fly" syntax checking information may be incorrect. [C:\Users\fallo\Desktop\CECS 440\Lab 5\Lab5\Lab5.srcs\sources_1\new\design.v:]
WARNING: [filemgmt 56-199] Attempt to get parsing info during refresh. "On-the-fly" syntax checking information may be incorrect. [C:\Users\fallo\Desktop\CECS 440\Lab 5\Lab5\Lab5.srcs\sources_1\new\alu.v:]
WARNING: [filemgmt 56-199] Attempt to get parsing info during refresh. "On-the-fly" syntax checking information may be incorrect. [C:\Users\fallo\Desktop\CECS 440\Lab 5\Lab5\Lab5.srcs\sources_1\new\alu.v:]
ERROR: [Common 17-180] Spawn failed: No error
update_compile_order -fileset sources_1
WARNING: [filemgmt 56-199] Attempt to get parsing info during refresh. "On-the-fly" syntax checking information may be incorrect. [C:\Users\fallo\Desktop\CECS 440\Lab 5\Lab5\Lab5.srcs\sim_1\new\testbench_skeleton-lab5.v:]
WARNING: [filemgmt 56-199] Attempt to get parsing info during refresh. "On-the-fly" syntax checking information may be incorrect. [C:\Users\fallo\Desktop\CECS 440\Lab 5\Lab5\Lab5.srcs\sources_1\new\regfile.v:]
WARNING: [filemgmt 56-199] Attempt to get parsing info during refresh. "On-the-fly" syntax checking information may be incorrect. [C:\Users\fallo\Desktop\CECS 440\Lab 5\Lab5\Lab5.srcs\sources_1\new\alu.v:]
WARNING: [filemgmt 56-199] Attempt to get parsing info during refresh. "On-the-fly" syntax checking information may be incorrect. [C:\Users\fallo\Desktop\CECS 440\Lab 5\Lab5\Lab5.srcs\sources_1\new\aluout.v:]
WARNING: [filemgmt 56-199] Attempt to get parsing info during refresh. "On-the-fly" syntax checking information may be incorrect. [C:\Users\fallo\Desktop\CECS 440\Lab 5\Lab5\Lab5.srcs\sources_1\new\design.v:]
WARNING: [filemgmt 56-199] Attempt to get parsing info during refresh. "On-the-fly" syntax checking information may be incorrect. [C:\Users\fallo\Desktop\CECS 440\Lab 5\Lab5\Lab5.srcs\sim_1\new\testbench_skeleton-lab5.v:]
WARNING: [filemgmt 56-199] Attempt to get parsing info during refresh. "On-the-fly" syntax checking information may be incorrect. [C:\Users\fallo\Desktop\CECS 440\Lab 5\Lab5\Lab5.srcs\sim_1\new\testbench_skeleton-lab5.v:]
WARNING: [filemgmt 56-199] Attempt to get parsing info during refresh. "On-the-fly" syntax checking information may be incorrect. [C:\Users\fallo\Desktop\CECS 440\Lab 5\Lab5\Lab5.srcs\sim_1\new\testbench_skeleton-lab5.v:]
WARNING: [filemgmt 56-199] Attempt to get parsing info during refresh. "On-the-fly" syntax checking information may be incorrect. [C:\Users\fallo\Desktop\CECS 440\Lab 5\Lab5\Lab5.srcs\sources_1\new\regfile.v:]
WARNING: [filemgmt 56-199] Attempt to get parsing info during refresh. "On-the-fly" syntax checking information may be incorrect. [C:\Users\fallo\Desktop\CECS 440\Lab 5\Lab5\Lab5.srcs\sources_1\new\alu.v:]
WARNING: [filemgmt 56-199] Attempt to get parsing info during refresh. "On-the-fly" syntax checking information may be incorrect. [C:\Users\fallo\Desktop\CECS 440\Lab 5\Lab5\Lab5.srcs\sources_1\new\aluout.v:]
WARNING: [filemgmt 56-199] Attempt to get parsing info during refresh. "On-the-fly" syntax checking information may be incorrect. [C:\Users\fallo\Desktop\CECS 440\Lab 5\Lab5\Lab5.srcs\sources_1\new\design.v:]
WARNING: [filemgmt 56-199] Attempt to get parsing info during refresh. "On-the-fly" syntax checking information may be incorrect. [C:\Users\fallo\Desktop\CECS 440\Lab 5\Lab5\Lab5.srcs\sources_1\new\aluout.v:]
WARNING: [filemgmt 56-199] Attempt to get parsing info during refresh. "On-the-fly" syntax checking information may be incorrect. [C:\Users\fallo\Desktop\CECS 440\Lab 5\Lab5\Lab5.srcs\sources_1\new\aluout.v:]
WARNING: [filemgmt 56-199] Attempt to get parsing info during refresh. "On-the-fly" syntax checking information may be incorrect. [C:\Users\fallo\Desktop\CECS 440\Lab 5\Lab5\Lab5.srcs\sim_1\new\testbench_skeleton-lab5.v:]
WARNING: [filemgmt 56-199] Attempt to get parsing info during refresh. "On-the-fly" syntax checking information may be incorrect. [C:\Users\fallo\Desktop\CECS 440\Lab 5\Lab5\Lab5.srcs\sources_1\new\regfile.v:]
WARNING: [filemgmt 56-199] Attempt to get parsing info during refresh. "On-the-fly" syntax checking information may be incorrect. [C:\Users\fallo\Desktop\CECS 440\Lab 5\Lab5\Lab5.srcs\sources_1\new\alu.v:]
WARNING: [filemgmt 56-199] Attempt to get parsing info during refresh. "On-the-fly" syntax checking information may be incorrect. [C:\Users\fallo\Desktop\CECS 440\Lab 5\Lab5\Lab5.srcs\sources_1\new\aluout.v:]
WARNING: [filemgmt 56-199] Attempt to get parsing info during refresh. "On-the-fly" syntax checking information may be incorrect. [C:\Users\fallo\Desktop\CECS 440\Lab 5\Lab5\Lab5.srcs\sources_1\new\design.v:]
WARNING: [filemgmt 56-199] Attempt to get parsing info during refresh. "On-the-fly" syntax checking information may be incorrect. [C:\Users\fallo\Desktop\CECS 440\Lab 5\Lab5\Lab5.srcs\sources_1\new\design.v:]
WARNING: [filemgmt 56-199] Attempt to get parsing info during refresh. "On-the-fly" syntax checking information may be incorrect. [C:\Users\fallo\Desktop\CECS 440\Lab 5\Lab5\Lab5.srcs\sources_1\new\design.v:]
WARNING: [filemgmt 56-199] Attempt to get parsing info during refresh. "On-the-fly" syntax checking information may be incorrect. [C:\Users\fallo\Desktop\CECS 440\Lab 5\Lab5\Lab5.srcs\sim_1\new\testbench_skeleton-lab5.v:]
WARNING: [filemgmt 56-199] Attempt to get parsing info during refresh. "On-the-fly" syntax checking information may be incorrect. [C:\Users\fallo\Desktop\CECS 440\Lab 5\Lab5\Lab5.srcs\sources_1\new\regfile.v:]
WARNING: [filemgmt 56-199] Attempt to get parsing info during refresh. "On-the-fly" syntax checking information may be incorrect. [C:\Users\fallo\Desktop\CECS 440\Lab 5\Lab5\Lab5.srcs\sources_1\new\alu.v:]
WARNING: [filemgmt 56-199] Attempt to get parsing info during refresh. "On-the-fly" syntax checking information may be incorrect. [C:\Users\fallo\Desktop\CECS 440\Lab 5\Lab5\Lab5.srcs\sources_1\new\aluout.v:]
WARNING: [filemgmt 56-199] Attempt to get parsing info during refresh. "On-the-fly" syntax checking information may be incorrect. [C:\Users\fallo\Desktop\CECS 440\Lab 5\Lab5\Lab5.srcs\sources_1\new\design.v:]
WARNING: [filemgmt 56-199] Attempt to get parsing info during refresh. "On-the-fly" syntax checking information may be incorrect. [C:\Users\fallo\Desktop\CECS 440\Lab 5\Lab5\Lab5.srcs\sources_1\new\alu.v:]
WARNING: [filemgmt 56-199] Attempt to get parsing info during refresh. "On-the-fly" syntax checking information may be incorrect. [C:\Users\fallo\Desktop\CECS 440\Lab 5\Lab5\Lab5.srcs\sources_1\new\alu.v:]
ERROR: [Common 17-180] Spawn failed: No error
WARNING: [filemgmt 56-199] Attempt to get parsing info during refresh. "On-the-fly" syntax checking information may be incorrect. [C:\Users\fallo\Desktop\CECS 440\Lab 5\Lab5\Lab5.srcs\sim_1\new\testbench_skeleton-lab5.v:]
WARNING: [filemgmt 56-199] Attempt to get parsing info during refresh. "On-the-fly" syntax checking information may be incorrect. [C:\Users\fallo\Desktop\CECS 440\Lab 5\Lab5\Lab5.srcs\sources_1\new\regfile.v:]
WARNING: [filemgmt 56-199] Attempt to get parsing info during refresh. "On-the-fly" syntax checking information may be incorrect. [C:\Users\fallo\Desktop\CECS 440\Lab 5\Lab5\Lab5.srcs\sources_1\new\alu.v:]
WARNING: [filemgmt 56-199] Attempt to get parsing info during refresh. "On-the-fly" syntax checking information may be incorrect. [C:\Users\fallo\Desktop\CECS 440\Lab 5\Lab5\Lab5.srcs\sources_1\new\aluout.v:]
WARNING: [filemgmt 56-199] Attempt to get parsing info during refresh. "On-the-fly" syntax checking information may be incorrect. [C:\Users\fallo\Desktop\CECS 440\Lab 5\Lab5\Lab5.srcs\sources_1\new\design.v:]
WARNING: [filemgmt 56-199] Attempt to get parsing info during refresh. "On-the-fly" syntax checking information may be incorrect. [C:\Users\fallo\Desktop\CECS 440\Lab 5\Lab5\Lab5.srcs\sim_1\new\testbench_skeleton-lab5.v:]
WARNING: [filemgmt 56-199] Attempt to get parsing info during refresh. "On-the-fly" syntax checking information may be incorrect. [C:\Users\fallo\Desktop\CECS 440\Lab 5\Lab5\Lab5.srcs\sim_1\new\testbench_skeleton-lab5.v:]
WARNING: [filemgmt 56-199] Attempt to get parsing info during refresh. "On-the-fly" syntax checking information may be incorrect. [C:\Users\fallo\Desktop\CECS 440\Lab 5\Lab5\Lab5.srcs\sim_1\new\testbench_skeleton-lab5.v:]
WARNING: [filemgmt 56-199] Attempt to get parsing info during refresh. "On-the-fly" syntax checking information may be incorrect. [C:\Users\fallo\Desktop\CECS 440\Lab 5\Lab5\Lab5.srcs\sources_1\new\regfile.v:]
WARNING: [filemgmt 56-199] Attempt to get parsing info during refresh. "On-the-fly" syntax checking information may be incorrect. [C:\Users\fallo\Desktop\CECS 440\Lab 5\Lab5\Lab5.srcs\sources_1\new\alu.v:]
WARNING: [filemgmt 56-199] Attempt to get parsing info during refresh. "On-the-fly" syntax checking information may be incorrect. [C:\Users\fallo\Desktop\CECS 440\Lab 5\Lab5\Lab5.srcs\sources_1\new\aluout.v:]
WARNING: [filemgmt 56-199] Attempt to get parsing info during refresh. "On-the-fly" syntax checking information may be incorrect. [C:\Users\fallo\Desktop\CECS 440\Lab 5\Lab5\Lab5.srcs\sources_1\new\design.v:]
WARNING: [filemgmt 56-199] Attempt to get parsing info during refresh. "On-the-fly" syntax checking information may be incorrect. [C:\Users\fallo\Desktop\CECS 440\Lab 5\Lab5\Lab5.srcs\sources_1\new\aluout.v:]
WARNING: [filemgmt 56-199] Attempt to get parsing info during refresh. "On-the-fly" syntax checking information may be incorrect. [C:\Users\fallo\Desktop\CECS 440\Lab 5\Lab5\Lab5.srcs\sources_1\new\aluout.v:]
WARNING: [filemgmt 56-199] Attempt to get parsing info during refresh. "On-the-fly" syntax checking information may be incorrect. [C:\Users\fallo\Desktop\CECS 440\Lab 5\Lab5\Lab5.srcs\sim_1\new\testbench_skeleton-lab5.v:]
WARNING: [filemgmt 56-199] Attempt to get parsing info during refresh. "On-the-fly" syntax checking information may be incorrect. [C:\Users\fallo\Desktop\CECS 440\Lab 5\Lab5\Lab5.srcs\sources_1\new\regfile.v:]
WARNING: [filemgmt 56-199] Attempt to get parsing info during refresh. "On-the-fly" syntax checking information may be incorrect. [C:\Users\fallo\Desktop\CECS 440\Lab 5\Lab5\Lab5.srcs\sources_1\new\alu.v:]
WARNING: [filemgmt 56-199] Attempt to get parsing info during refresh. "On-the-fly" syntax checking information may be incorrect. [C:\Users\fallo\Desktop\CECS 440\Lab 5\Lab5\Lab5.srcs\sources_1\new\aluout.v:]
WARNING: [filemgmt 56-199] Attempt to get parsing info during refresh. "On-the-fly" syntax checking information may be incorrect. [C:\Users\fallo\Desktop\CECS 440\Lab 5\Lab5\Lab5.srcs\sources_1\new\design.v:]
WARNING: [filemgmt 56-199] Attempt to get parsing info during refresh. "On-the-fly" syntax checking information may be incorrect. [C:\Users\fallo\Desktop\CECS 440\Lab 5\Lab5\Lab5.srcs\sources_1\new\design.v:]
WARNING: [filemgmt 56-199] Attempt to get parsing info during refresh. "On-the-fly" syntax checking information may be incorrect. [C:\Users\fallo\Desktop\CECS 440\Lab 5\Lab5\Lab5.srcs\sources_1\new\design.v:]
WARNING: [filemgmt 56-199] Attempt to get parsing info during refresh. "On-the-fly" syntax checking information may be incorrect. [C:\Users\fallo\Desktop\CECS 440\Lab 5\Lab5\Lab5.srcs\sim_1\new\testbench_skeleton-lab5.v:]
WARNING: [filemgmt 56-199] Attempt to get parsing info during refresh. "On-the-fly" syntax checking information may be incorrect. [C:\Users\fallo\Desktop\CECS 440\Lab 5\Lab5\Lab5.srcs\sources_1\new\regfile.v:]
WARNING: [filemgmt 56-199] Attempt to get parsing info during refresh. "On-the-fly" syntax checking information may be incorrect. [C:\Users\fallo\Desktop\CECS 440\Lab 5\Lab5\Lab5.srcs\sources_1\new\alu.v:]
WARNING: [filemgmt 56-199] Attempt to get parsing info during refresh. "On-the-fly" syntax checking information may be incorrect. [C:\Users\fallo\Desktop\CECS 440\Lab 5\Lab5\Lab5.srcs\sources_1\new\aluout.v:]
WARNING: [filemgmt 56-199] Attempt to get parsing info during refresh. "On-the-fly" syntax checking information may be incorrect. [C:\Users\fallo\Desktop\CECS 440\Lab 5\Lab5\Lab5.srcs\sources_1\new\design.v:]
WARNING: [filemgmt 56-199] Attempt to get parsing info during refresh. "On-the-fly" syntax checking information may be incorrect. [C:\Users\fallo\Desktop\CECS 440\Lab 5\Lab5\Lab5.srcs\sources_1\new\alu.v:]
WARNING: [filemgmt 56-199] Attempt to get parsing info during refresh. "On-the-fly" syntax checking information may be incorrect. [C:\Users\fallo\Desktop\CECS 440\Lab 5\Lab5\Lab5.srcs\sources_1\new\alu.v:]
WARNING: [filemgmt 56-199] Attempt to get parsing info during refresh. "On-the-fly" syntax checking information may be incorrect. [C:\Users\fallo\Desktop\CECS 440\Lab 5\Lab5\Lab5.srcs\sim_1\new\testbench_skeleton-lab5.v:]
WARNING: [filemgmt 56-199] Attempt to get parsing info during refresh. "On-the-fly" syntax checking information may be incorrect. [C:\Users\fallo\Desktop\CECS 440\Lab 5\Lab5\Lab5.srcs\sources_1\new\regfile.v:]
WARNING: [filemgmt 56-199] Attempt to get parsing info during refresh. "On-the-fly" syntax checking information may be incorrect. [C:\Users\fallo\Desktop\CECS 440\Lab 5\Lab5\Lab5.srcs\sources_1\new\alu.v:]
WARNING: [filemgmt 56-199] Attempt to get parsing info during refresh. "On-the-fly" syntax checking information may be incorrect. [C:\Users\fallo\Desktop\CECS 440\Lab 5\Lab5\Lab5.srcs\sources_1\new\aluout.v:]
WARNING: [filemgmt 56-199] Attempt to get parsing info during refresh. "On-the-fly" syntax checking information may be incorrect. [C:\Users\fallo\Desktop\CECS 440\Lab 5\Lab5\Lab5.srcs\sources_1\new\design.v:]
WARNING: [filemgmt 56-199] Attempt to get parsing info during refresh. "On-the-fly" syntax checking information may be incorrect. [C:\Users\fallo\Desktop\CECS 440\Lab 5\Lab5\Lab5.srcs\sim_1\new\testbench_skeleton-lab5.v:]
WARNING: [filemgmt 56-199] Attempt to get parsing info during refresh. "On-the-fly" syntax checking information may be incorrect. [C:\Users\fallo\Desktop\CECS 440\Lab 5\Lab5\Lab5.srcs\sim_1\new\testbench_skeleton-lab5.v:]
WARNING: [filemgmt 56-199] Attempt to get parsing info during refresh. "On-the-fly" syntax checking information may be incorrect. [C:\Users\fallo\Desktop\CECS 440\Lab 5\Lab5\Lab5.srcs\sim_1\new\testbench_skeleton-lab5.v:]
WARNING: [filemgmt 56-199] Attempt to get parsing info during refresh. "On-the-fly" syntax checking information may be incorrect. [C:\Users\fallo\Desktop\CECS 440\Lab 5\Lab5\Lab5.srcs\sources_1\new\regfile.v:]
WARNING: [filemgmt 56-199] Attempt to get parsing info during refresh. "On-the-fly" syntax checking information may be incorrect. [C:\Users\fallo\Desktop\CECS 440\Lab 5\Lab5\Lab5.srcs\sources_1\new\alu.v:]
WARNING: [filemgmt 56-199] Attempt to get parsing info during refresh. "On-the-fly" syntax checking information may be incorrect. [C:\Users\fallo\Desktop\CECS 440\Lab 5\Lab5\Lab5.srcs\sources_1\new\aluout.v:]
WARNING: [filemgmt 56-199] Attempt to get parsing info during refresh. "On-the-fly" syntax checking information may be incorrect. [C:\Users\fallo\Desktop\CECS 440\Lab 5\Lab5\Lab5.srcs\sources_1\new\design.v:]
WARNING: [filemgmt 56-199] Attempt to get parsing info during refresh. "On-the-fly" syntax checking information may be incorrect. [C:\Users\fallo\Desktop\CECS 440\Lab 5\Lab5\Lab5.srcs\sources_1\new\aluout.v:]
WARNING: [filemgmt 56-199] Attempt to get parsing info during refresh. "On-the-fly" syntax checking information may be incorrect. [C:\Users\fallo\Desktop\CECS 440\Lab 5\Lab5\Lab5.srcs\sources_1\new\aluout.v:]
WARNING: [filemgmt 56-199] Attempt to get parsing info during refresh. "On-the-fly" syntax checking information may be incorrect. [C:\Users\fallo\Desktop\CECS 440\Lab 5\Lab5\Lab5.srcs\sim_1\new\testbench_skeleton-lab5.v:]
WARNING: [filemgmt 56-199] Attempt to get parsing info during refresh. "On-the-fly" syntax checking information may be incorrect. [C:\Users\fallo\Desktop\CECS 440\Lab 5\Lab5\Lab5.srcs\sources_1\new\regfile.v:]
WARNING: [filemgmt 56-199] Attempt to get parsing info during refresh. "On-the-fly" syntax checking information may be incorrect. [C:\Users\fallo\Desktop\CECS 440\Lab 5\Lab5\Lab5.srcs\sources_1\new\alu.v:]
WARNING: [filemgmt 56-199] Attempt to get parsing info during refresh. "On-the-fly" syntax checking information may be incorrect. [C:\Users\fallo\Desktop\CECS 440\Lab 5\Lab5\Lab5.srcs\sources_1\new\aluout.v:]
WARNING: [filemgmt 56-199] Attempt to get parsing info during refresh. "On-the-fly" syntax checking information may be incorrect. [C:\Users\fallo\Desktop\CECS 440\Lab 5\Lab5\Lab5.srcs\sources_1\new\design.v:]
WARNING: [filemgmt 56-199] Attempt to get parsing info during refresh. "On-the-fly" syntax checking information may be incorrect. [C:\Users\fallo\Desktop\CECS 440\Lab 5\Lab5\Lab5.srcs\sources_1\new\design.v:]
WARNING: [filemgmt 56-199] Attempt to get parsing info during refresh. "On-the-fly" syntax checking information may be incorrect. [C:\Users\fallo\Desktop\CECS 440\Lab 5\Lab5\Lab5.srcs\sources_1\new\design.v:]
ERROR: [Common 17-180] Spawn failed: No error
WARNING: [filemgmt 56-199] Attempt to get parsing info during refresh. "On-the-fly" syntax checking information may be incorrect. [C:\Users\fallo\Desktop\CECS 440\Lab 5\Lab5\Lab5.srcs\sim_1\new\testbench_skeleton-lab5.v:]
WARNING: [filemgmt 56-199] Attempt to get parsing info during refresh. "On-the-fly" syntax checking information may be incorrect. [C:\Users\fallo\Desktop\CECS 440\Lab 5\Lab5\Lab5.srcs\sources_1\new\regfile.v:]
WARNING: [filemgmt 56-199] Attempt to get parsing info during refresh. "On-the-fly" syntax checking information may be incorrect. [C:\Users\fallo\Desktop\CECS 440\Lab 5\Lab5\Lab5.srcs\sources_1\new\alu.v:]
WARNING: [filemgmt 56-199] Attempt to get parsing info during refresh. "On-the-fly" syntax checking information may be incorrect. [C:\Users\fallo\Desktop\CECS 440\Lab 5\Lab5\Lab5.srcs\sources_1\new\aluout.v:]
WARNING: [filemgmt 56-199] Attempt to get parsing info during refresh. "On-the-fly" syntax checking information may be incorrect. [C:\Users\fallo\Desktop\CECS 440\Lab 5\Lab5\Lab5.srcs\sources_1\new\design.v:]
WARNING: [filemgmt 56-199] Attempt to get parsing info during refresh. "On-the-fly" syntax checking information may be incorrect. [C:\Users\fallo\Desktop\CECS 440\Lab 5\Lab5\Lab5.srcs\sources_1\new\alu.v:]
WARNING: [filemgmt 56-199] Attempt to get parsing info during refresh. "On-the-fly" syntax checking information may be incorrect. [C:\Users\fallo\Desktop\CECS 440\Lab 5\Lab5\Lab5.srcs\sources_1\new\alu.v:]
ERROR: [Common 17-180] Spawn failed: No error
WARNING: [filemgmt 56-199] Attempt to get parsing info during refresh. "On-the-fly" syntax checking information may be incorrect. [C:\Users\fallo\Desktop\CECS 440\Lab 5\Lab5\Lab5.srcs\sim_1\new\testbench_skeleton-lab5.v:]
WARNING: [filemgmt 56-199] Attempt to get parsing info during refresh. "On-the-fly" syntax checking information may be incorrect. [C:\Users\fallo\Desktop\CECS 440\Lab 5\Lab5\Lab5.srcs\sources_1\new\regfile.v:]
WARNING: [filemgmt 56-199] Attempt to get parsing info during refresh. "On-the-fly" syntax checking information may be incorrect. [C:\Users\fallo\Desktop\CECS 440\Lab 5\Lab5\Lab5.srcs\sources_1\new\alu.v:]
WARNING: [filemgmt 56-199] Attempt to get parsing info during refresh. "On-the-fly" syntax checking information may be incorrect. [C:\Users\fallo\Desktop\CECS 440\Lab 5\Lab5\Lab5.srcs\sources_1\new\aluout.v:]
WARNING: [filemgmt 56-199] Attempt to get parsing info during refresh. "On-the-fly" syntax checking information may be incorrect. [C:\Users\fallo\Desktop\CECS 440\Lab 5\Lab5\Lab5.srcs\sources_1\new\design.v:]
WARNING: [filemgmt 56-199] Attempt to get parsing info during refresh. "On-the-fly" syntax checking information may be incorrect. [C:\Users\fallo\Desktop\CECS 440\Lab 5\Lab5\Lab5.srcs\sim_1\new\testbench_skeleton-lab5.v:]
WARNING: [filemgmt 56-199] Attempt to get parsing info during refresh. "On-the-fly" syntax checking information may be incorrect. [C:\Users\fallo\Desktop\CECS 440\Lab 5\Lab5\Lab5.srcs\sim_1\new\testbench_skeleton-lab5.v:]
WARNING: [filemgmt 56-199] Attempt to get parsing info during refresh. "On-the-fly" syntax checking information may be incorrect. [C:\Users\fallo\Desktop\CECS 440\Lab 5\Lab5\Lab5.srcs\sim_1\new\testbench_skeleton-lab5.v:]
WARNING: [filemgmt 56-199] Attempt to get parsing info during refresh. "On-the-fly" syntax checking information may be incorrect. [C:\Users\fallo\Desktop\CECS 440\Lab 5\Lab5\Lab5.srcs\sources_1\new\regfile.v:]
WARNING: [filemgmt 56-199] Attempt to get parsing info during refresh. "On-the-fly" syntax checking information may be incorrect. [C:\Users\fallo\Desktop\CECS 440\Lab 5\Lab5\Lab5.srcs\sources_1\new\alu.v:]
WARNING: [filemgmt 56-199] Attempt to get parsing info during refresh. "On-the-fly" syntax checking information may be incorrect. [C:\Users\fallo\Desktop\CECS 440\Lab 5\Lab5\Lab5.srcs\sources_1\new\aluout.v:]
WARNING: [filemgmt 56-199] Attempt to get parsing info during refresh. "On-the-fly" syntax checking information may be incorrect. [C:\Users\fallo\Desktop\CECS 440\Lab 5\Lab5\Lab5.srcs\sources_1\new\design.v:]
WARNING: [filemgmt 56-199] Attempt to get parsing info during refresh. "On-the-fly" syntax checking information may be incorrect. [C:\Users\fallo\Desktop\CECS 440\Lab 5\Lab5\Lab5.srcs\sources_1\new\design.v:]
WARNING: [filemgmt 56-199] Attempt to get parsing info during refresh. "On-the-fly" syntax checking information may be incorrect. [C:\Users\fallo\Desktop\CECS 440\Lab 5\Lab5\Lab5.srcs\sources_1\new\design.v:]
WARNING: [filemgmt 56-199] Attempt to get parsing info during refresh. "On-the-fly" syntax checking information may be incorrect. [C:\Users\fallo\Desktop\CECS 440\Lab 5\Lab5\Lab5.srcs\sim_1\new\testbench_skeleton-lab5.v:]
WARNING: [filemgmt 56-199] Attempt to get parsing info during refresh. "On-the-fly" syntax checking information may be incorrect. [C:\Users\fallo\Desktop\CECS 440\Lab 5\Lab5\Lab5.srcs\sources_1\new\regfile.v:]
WARNING: [filemgmt 56-199] Attempt to get parsing info during refresh. "On-the-fly" syntax checking information may be incorrect. [C:\Users\fallo\Desktop\CECS 440\Lab 5\Lab5\Lab5.srcs\sources_1\new\alu.v:]
WARNING: [filemgmt 56-199] Attempt to get parsing info during refresh. "On-the-fly" syntax checking information may be incorrect. [C:\Users\fallo\Desktop\CECS 440\Lab 5\Lab5\Lab5.srcs\sources_1\new\aluout.v:]
WARNING: [filemgmt 56-199] Attempt to get parsing info during refresh. "On-the-fly" syntax checking information may be incorrect. [C:\Users\fallo\Desktop\CECS 440\Lab 5\Lab5\Lab5.srcs\sources_1\new\design.v:]
WARNING: [filemgmt 56-199] Attempt to get parsing info during refresh. "On-the-fly" syntax checking information may be incorrect. [C:\Users\fallo\Desktop\CECS 440\Lab 5\Lab5\Lab5.srcs\sim_1\new\testbench_skeleton-lab5.v:]
WARNING: [filemgmt 56-199] Attempt to get parsing info during refresh. "On-the-fly" syntax checking information may be incorrect. [C:\Users\fallo\Desktop\CECS 440\Lab 5\Lab5\Lab5.srcs\sim_1\new\testbench_skeleton-lab5.v:]
WARNING: [filemgmt 56-199] Attempt to get parsing info during refresh. "On-the-fly" syntax checking information may be incorrect. [C:\Users\fallo\Desktop\CECS 440\Lab 5\Lab5\Lab5.srcs\sim_1\new\testbench_skeleton-lab5.v:]
WARNING: [filemgmt 56-199] Attempt to get parsing info during refresh. "On-the-fly" syntax checking information may be incorrect. [C:\Users\fallo\Desktop\CECS 440\Lab 5\Lab5\Lab5.srcs\sources_1\new\regfile.v:]
WARNING: [filemgmt 56-199] Attempt to get parsing info during refresh. "On-the-fly" syntax checking information may be incorrect. [C:\Users\fallo\Desktop\CECS 440\Lab 5\Lab5\Lab5.srcs\sources_1\new\alu.v:]
WARNING: [filemgmt 56-199] Attempt to get parsing info during refresh. "On-the-fly" syntax checking information may be incorrect. [C:\Users\fallo\Desktop\CECS 440\Lab 5\Lab5\Lab5.srcs\sources_1\new\aluout.v:]
WARNING: [filemgmt 56-199] Attempt to get parsing info during refresh. "On-the-fly" syntax checking information may be incorrect. [C:\Users\fallo\Desktop\CECS 440\Lab 5\Lab5\Lab5.srcs\sources_1\new\design.v:]
WARNING: [filemgmt 56-199] Attempt to get parsing info during refresh. "On-the-fly" syntax checking information may be incorrect. [C:\Users\fallo\Desktop\CECS 440\Lab 5\Lab5\Lab5.srcs\sources_1\new\design.v:]
WARNING: [filemgmt 56-199] Attempt to get parsing info during refresh. "On-the-fly" syntax checking information may be incorrect. [C:\Users\fallo\Desktop\CECS 440\Lab 5\Lab5\Lab5.srcs\sources_1\new\design.v:]
WARNING: [filemgmt 56-199] Attempt to get parsing info during refresh. "On-the-fly" syntax checking information may be incorrect. [C:\Users\fallo\Desktop\CECS 440\Lab 5\Lab5\Lab5.srcs\sim_1\new\testbench_skeleton-lab5.v:]
WARNING: [filemgmt 56-199] Attempt to get parsing info during refresh. "On-the-fly" syntax checking information may be incorrect. [C:\Users\fallo\Desktop\CECS 440\Lab 5\Lab5\Lab5.srcs\sources_1\new\regfile.v:]
WARNING: [filemgmt 56-199] Attempt to get parsing info during refresh. "On-the-fly" syntax checking information may be incorrect. [C:\Users\fallo\Desktop\CECS 440\Lab 5\Lab5\Lab5.srcs\sources_1\new\alu.v:]
WARNING: [filemgmt 56-199] Attempt to get parsing info during refresh. "On-the-fly" syntax checking information may be incorrect. [C:\Users\fallo\Desktop\CECS 440\Lab 5\Lab5\Lab5.srcs\sources_1\new\aluout.v:]
WARNING: [filemgmt 56-199] Attempt to get parsing info during refresh. "On-the-fly" syntax checking information may be incorrect. [C:\Users\fallo\Desktop\CECS 440\Lab 5\Lab5\Lab5.srcs\sources_1\new\design.v:]
WARNING: [filemgmt 56-199] Attempt to get parsing info during refresh. "On-the-fly" syntax checking information may be incorrect. [C:\Users\fallo\Desktop\CECS 440\Lab 5\Lab5\Lab5.srcs\sources_1\new\aluout.v:]
WARNING: [filemgmt 56-199] Attempt to get parsing info during refresh. "On-the-fly" syntax checking information may be incorrect. [C:\Users\fallo\Desktop\CECS 440\Lab 5\Lab5\Lab5.srcs\sources_1\new\aluout.v:]
ERROR: [Common 17-180] Spawn failed: No error
WARNING: [filemgmt 56-199] Attempt to get parsing info during refresh. "On-the-fly" syntax checking information may be incorrect. [C:\Users\fallo\Desktop\CECS 440\Lab 5\Lab5\Lab5.srcs\sim_1\new\testbench_skeleton-lab5.v:]
WARNING: [filemgmt 56-199] Attempt to get parsing info during refresh. "On-the-fly" syntax checking information may be incorrect. [C:\Users\fallo\Desktop\CECS 440\Lab 5\Lab5\Lab5.srcs\sources_1\new\regfile.v:]
WARNING: [filemgmt 56-199] Attempt to get parsing info during refresh. "On-the-fly" syntax checking information may be incorrect. [C:\Users\fallo\Desktop\CECS 440\Lab 5\Lab5\Lab5.srcs\sources_1\new\alu.v:]
WARNING: [filemgmt 56-199] Attempt to get parsing info during refresh. "On-the-fly" syntax checking information may be incorrect. [C:\Users\fallo\Desktop\CECS 440\Lab 5\Lab5\Lab5.srcs\sources_1\new\aluout.v:]
WARNING: [filemgmt 56-199] Attempt to get parsing info during refresh. "On-the-fly" syntax checking information may be incorrect. [C:\Users\fallo\Desktop\CECS 440\Lab 5\Lab5\Lab5.srcs\sources_1\new\design.v:]
WARNING: [filemgmt 56-199] Attempt to get parsing info during refresh. "On-the-fly" syntax checking information may be incorrect. [C:\Users\fallo\Desktop\CECS 440\Lab 5\Lab5\Lab5.srcs\sim_1\new\testbench_skeleton-lab5.v:]
WARNING: [filemgmt 56-199] Attempt to get parsing info during refresh. "On-the-fly" syntax checking information may be incorrect. [C:\Users\fallo\Desktop\CECS 440\Lab 5\Lab5\Lab5.srcs\sim_1\new\testbench_skeleton-lab5.v:]
WARNING: [filemgmt 56-199] Attempt to get parsing info during refresh. "On-the-fly" syntax checking information may be incorrect. [C:\Users\fallo\Desktop\CECS 440\Lab 5\Lab5\Lab5.srcs\sim_1\new\testbench_skeleton-lab5.v:]
WARNING: [filemgmt 56-199] Attempt to get parsing info during refresh. "On-the-fly" syntax checking information may be incorrect. [C:\Users\fallo\Desktop\CECS 440\Lab 5\Lab5\Lab5.srcs\sources_1\new\regfile.v:]
WARNING: [filemgmt 56-199] Attempt to get parsing info during refresh. "On-the-fly" syntax checking information may be incorrect. [C:\Users\fallo\Desktop\CECS 440\Lab 5\Lab5\Lab5.srcs\sources_1\new\alu.v:]
WARNING: [filemgmt 56-199] Attempt to get parsing info during refresh. "On-the-fly" syntax checking information may be incorrect. [C:\Users\fallo\Desktop\CECS 440\Lab 5\Lab5\Lab5.srcs\sources_1\new\aluout.v:]
WARNING: [filemgmt 56-199] Attempt to get parsing info during refresh. "On-the-fly" syntax checking information may be incorrect. [C:\Users\fallo\Desktop\CECS 440\Lab 5\Lab5\Lab5.srcs\sources_1\new\design.v:]
WARNING: [filemgmt 56-199] Attempt to get parsing info during refresh. "On-the-fly" syntax checking information may be incorrect. [C:\Users\fallo\Desktop\CECS 440\Lab 5\Lab5\Lab5.srcs\sources_1\new\aluout.v:]
WARNING: [filemgmt 56-199] Attempt to get parsing info during refresh. "On-the-fly" syntax checking information may be incorrect. [C:\Users\fallo\Desktop\CECS 440\Lab 5\Lab5\Lab5.srcs\sources_1\new\aluout.v:]
WARNING: [filemgmt 56-199] Attempt to get parsing info during refresh. "On-the-fly" syntax checking information may be incorrect. [C:\Users\fallo\Desktop\CECS 440\Lab 5\Lab5\Lab5.srcs\sim_1\new\testbench_skeleton-lab5.v:]
WARNING: [filemgmt 56-199] Attempt to get parsing info during refresh. "On-the-fly" syntax checking information may be incorrect. [C:\Users\fallo\Desktop\CECS 440\Lab 5\Lab5\Lab5.srcs\sources_1\new\regfile.v:]
WARNING: [filemgmt 56-199] Attempt to get parsing info during refresh. "On-the-fly" syntax checking information may be incorrect. [C:\Users\fallo\Desktop\CECS 440\Lab 5\Lab5\Lab5.srcs\sources_1\new\alu.v:]
WARNING: [filemgmt 56-199] Attempt to get parsing info during refresh. "On-the-fly" syntax checking information may be incorrect. [C:\Users\fallo\Desktop\CECS 440\Lab 5\Lab5\Lab5.srcs\sources_1\new\aluout.v:]
WARNING: [filemgmt 56-199] Attempt to get parsing info during refresh. "On-the-fly" syntax checking information may be incorrect. [C:\Users\fallo\Desktop\CECS 440\Lab 5\Lab5\Lab5.srcs\sources_1\new\design.v:]
WARNING: [filemgmt 56-199] Attempt to get parsing info during refresh. "On-the-fly" syntax checking information may be incorrect. [C:\Users\fallo\Desktop\CECS 440\Lab 5\Lab5\Lab5.srcs\sources_1\new\alu.v:]
WARNING: [filemgmt 56-199] Attempt to get parsing info during refresh. "On-the-fly" syntax checking information may be incorrect. [C:\Users\fallo\Desktop\CECS 440\Lab 5\Lab5\Lab5.srcs\sources_1\new\alu.v:]
WARNING: [filemgmt 56-199] Attempt to get parsing info during refresh. "On-the-fly" syntax checking information may be incorrect. [C:\Users\fallo\Desktop\CECS 440\Lab 5\Lab5\Lab5.srcs\sim_1\new\testbench_skeleton-lab5.v:]
WARNING: [filemgmt 56-199] Attempt to get parsing info during refresh. "On-the-fly" syntax checking information may be incorrect. [C:\Users\fallo\Desktop\CECS 440\Lab 5\Lab5\Lab5.srcs\sources_1\new\regfile.v:]
WARNING: [filemgmt 56-199] Attempt to get parsing info during refresh. "On-the-fly" syntax checking information may be incorrect. [C:\Users\fallo\Desktop\CECS 440\Lab 5\Lab5\Lab5.srcs\sources_1\new\alu.v:]
WARNING: [filemgmt 56-199] Attempt to get parsing info during refresh. "On-the-fly" syntax checking information may be incorrect. [C:\Users\fallo\Desktop\CECS 440\Lab 5\Lab5\Lab5.srcs\sources_1\new\aluout.v:]
WARNING: [filemgmt 56-199] Attempt to get parsing info during refresh. "On-the-fly" syntax checking information may be incorrect. [C:\Users\fallo\Desktop\CECS 440\Lab 5\Lab5\Lab5.srcs\sources_1\new\design.v:]
WARNING: [filemgmt 56-199] Attempt to get parsing info during refresh. "On-the-fly" syntax checking information may be incorrect. [C:\Users\fallo\Desktop\CECS 440\Lab 5\Lab5\Lab5.srcs\sources_1\new\design.v:]
WARNING: [filemgmt 56-199] Attempt to get parsing info during refresh. "On-the-fly" syntax checking information may be incorrect. [C:\Users\fallo\Desktop\CECS 440\Lab 5\Lab5\Lab5.srcs\sources_1\new\design.v:]
ERROR: [Common 17-180] Spawn failed: No error
WARNING: [filemgmt 56-199] Attempt to get parsing info during refresh. "On-the-fly" syntax checking information may be incorrect. [C:\Users\fallo\Desktop\CECS 440\Lab 5\Lab5\Lab5.srcs\sim_1\new\testbench_skeleton-lab5.v:]
WARNING: [filemgmt 56-199] Attempt to get parsing info during refresh. "On-the-fly" syntax checking information may be incorrect. [C:\Users\fallo\Desktop\CECS 440\Lab 5\Lab5\Lab5.srcs\sources_1\new\regfile.v:]
WARNING: [filemgmt 56-199] Attempt to get parsing info during refresh. "On-the-fly" syntax checking information may be incorrect. [C:\Users\fallo\Desktop\CECS 440\Lab 5\Lab5\Lab5.srcs\sources_1\new\alu.v:]
WARNING: [filemgmt 56-199] Attempt to get parsing info during refresh. "On-the-fly" syntax checking information may be incorrect. [C:\Users\fallo\Desktop\CECS 440\Lab 5\Lab5\Lab5.srcs\sources_1\new\aluout.v:]
WARNING: [filemgmt 56-199] Attempt to get parsing info during refresh. "On-the-fly" syntax checking information may be incorrect. [C:\Users\fallo\Desktop\CECS 440\Lab 5\Lab5\Lab5.srcs\sources_1\new\design.v:]
WARNING: [filemgmt 56-199] Attempt to get parsing info during refresh. "On-the-fly" syntax checking information may be incorrect. [C:\Users\fallo\Desktop\CECS 440\Lab 5\Lab5\Lab5.srcs\sim_1\new\testbench_skeleton-lab5.v:]
WARNING: [filemgmt 56-199] Attempt to get parsing info during refresh. "On-the-fly" syntax checking information may be incorrect. [C:\Users\fallo\Desktop\CECS 440\Lab 5\Lab5\Lab5.srcs\sim_1\new\testbench_skeleton-lab5.v:]
WARNING: [filemgmt 56-199] Attempt to get parsing info during refresh. "On-the-fly" syntax checking information may be incorrect. [C:\Users\fallo\Desktop\CECS 440\Lab 5\Lab5\Lab5.srcs\sim_1\new\testbench_skeleton-lab5.v:]
WARNING: [filemgmt 56-199] Attempt to get parsing info during refresh. "On-the-fly" syntax checking information may be incorrect. [C:\Users\fallo\Desktop\CECS 440\Lab 5\Lab5\Lab5.srcs\sources_1\new\regfile.v:]
WARNING: [filemgmt 56-199] Attempt to get parsing info during refresh. "On-the-fly" syntax checking information may be incorrect. [C:\Users\fallo\Desktop\CECS 440\Lab 5\Lab5\Lab5.srcs\sources_1\new\alu.v:]
WARNING: [filemgmt 56-199] Attempt to get parsing info during refresh. "On-the-fly" syntax checking information may be incorrect. [C:\Users\fallo\Desktop\CECS 440\Lab 5\Lab5\Lab5.srcs\sources_1\new\aluout.v:]
WARNING: [filemgmt 56-199] Attempt to get parsing info during refresh. "On-the-fly" syntax checking information may be incorrect. [C:\Users\fallo\Desktop\CECS 440\Lab 5\Lab5\Lab5.srcs\sources_1\new\design.v:]
WARNING: [filemgmt 56-199] Attempt to get parsing info during refresh. "On-the-fly" syntax checking information may be incorrect. [C:\Users\fallo\Desktop\CECS 440\Lab 5\Lab5\Lab5.srcs\sources_1\new\aluout.v:]
WARNING: [filemgmt 56-199] Attempt to get parsing info during refresh. "On-the-fly" syntax checking information may be incorrect. [C:\Users\fallo\Desktop\CECS 440\Lab 5\Lab5\Lab5.srcs\sources_1\new\aluout.v:]
WARNING: [filemgmt 56-199] Attempt to get parsing info during refresh. "On-the-fly" syntax checking information may be incorrect. [C:\Users\fallo\Desktop\CECS 440\Lab 5\Lab5\Lab5.srcs\sim_1\new\testbench_skeleton-lab5.v:]
WARNING: [filemgmt 56-199] Attempt to get parsing info during refresh. "On-the-fly" syntax checking information may be incorrect. [C:\Users\fallo\Desktop\CECS 440\Lab 5\Lab5\Lab5.srcs\sources_1\new\regfile.v:]
WARNING: [filemgmt 56-199] Attempt to get parsing info during refresh. "On-the-fly" syntax checking information may be incorrect. [C:\Users\fallo\Desktop\CECS 440\Lab 5\Lab5\Lab5.srcs\sources_1\new\alu.v:]
WARNING: [filemgmt 56-199] Attempt to get parsing info during refresh. "On-the-fly" syntax checking information may be incorrect. [C:\Users\fallo\Desktop\CECS 440\Lab 5\Lab5\Lab5.srcs\sources_1\new\aluout.v:]
WARNING: [filemgmt 56-199] Attempt to get parsing info during refresh. "On-the-fly" syntax checking information may be incorrect. [C:\Users\fallo\Desktop\CECS 440\Lab 5\Lab5\Lab5.srcs\sources_1\new\design.v:]
WARNING: [filemgmt 56-199] Attempt to get parsing info during refresh. "On-the-fly" syntax checking information may be incorrect. [C:\Users\fallo\Desktop\CECS 440\Lab 5\Lab5\Lab5.srcs\sources_1\new\design.v:]
WARNING: [filemgmt 56-199] Attempt to get parsing info during refresh. "On-the-fly" syntax checking information may be incorrect. [C:\Users\fallo\Desktop\CECS 440\Lab 5\Lab5\Lab5.srcs\sources_1\new\design.v:]
ERROR: [Common 17-180] Spawn failed: No error
WARNING: [filemgmt 56-199] Attempt to get parsing info during refresh. "On-the-fly" syntax checking information may be incorrect. [C:\Users\fallo\Desktop\CECS 440\Lab 5\Lab5\Lab5.srcs\sim_1\new\testbench_skeleton-lab5.v:]
WARNING: [filemgmt 56-199] Attempt to get parsing info during refresh. "On-the-fly" syntax checking information may be incorrect. [C:\Users\fallo\Desktop\CECS 440\Lab 5\Lab5\Lab5.srcs\sources_1\new\regfile.v:]
WARNING: [filemgmt 56-199] Attempt to get parsing info during refresh. "On-the-fly" syntax checking information may be incorrect. [C:\Users\fallo\Desktop\CECS 440\Lab 5\Lab5\Lab5.srcs\sources_1\new\alu.v:]
WARNING: [filemgmt 56-199] Attempt to get parsing info during refresh. "On-the-fly" syntax checking information may be incorrect. [C:\Users\fallo\Desktop\CECS 440\Lab 5\Lab5\Lab5.srcs\sources_1\new\aluout.v:]
WARNING: [filemgmt 56-199] Attempt to get parsing info during refresh. "On-the-fly" syntax checking information may be incorrect. [C:\Users\fallo\Desktop\CECS 440\Lab 5\Lab5\Lab5.srcs\sources_1\new\design.v:]
WARNING: [filemgmt 56-199] Attempt to get parsing info during refresh. "On-the-fly" syntax checking information may be incorrect. [C:\Users\fallo\Desktop\CECS 440\Lab 5\Lab5\Lab5.srcs\sources_1\new\alu.v:]
WARNING: [filemgmt 56-199] Attempt to get parsing info during refresh. "On-the-fly" syntax checking information may be incorrect. [C:\Users\fallo\Desktop\CECS 440\Lab 5\Lab5\Lab5.srcs\sources_1\new\alu.v:]
ERROR: [Common 17-180] Spawn failed: No error
WARNING: [filemgmt 56-199] Attempt to get parsing info during refresh. "On-the-fly" syntax checking information may be incorrect. [C:\Users\fallo\Desktop\CECS 440\Lab 5\Lab5\Lab5.srcs\sim_1\new\testbench_skeleton-lab5.v:]
WARNING: [filemgmt 56-199] Attempt to get parsing info during refresh. "On-the-fly" syntax checking information may be incorrect. [C:\Users\fallo\Desktop\CECS 440\Lab 5\Lab5\Lab5.srcs\sources_1\new\regfile.v:]
WARNING: [filemgmt 56-199] Attempt to get parsing info during refresh. "On-the-fly" syntax checking information may be incorrect. [C:\Users\fallo\Desktop\CECS 440\Lab 5\Lab5\Lab5.srcs\sources_1\new\alu.v:]
WARNING: [filemgmt 56-199] Attempt to get parsing info during refresh. "On-the-fly" syntax checking information may be incorrect. [C:\Users\fallo\Desktop\CECS 440\Lab 5\Lab5\Lab5.srcs\sources_1\new\aluout.v:]
WARNING: [filemgmt 56-199] Attempt to get parsing info during refresh. "On-the-fly" syntax checking information may be incorrect. [C:\Users\fallo\Desktop\CECS 440\Lab 5\Lab5\Lab5.srcs\sources_1\new\design.v:]
WARNING: [filemgmt 56-199] Attempt to get parsing info during refresh. "On-the-fly" syntax checking information may be incorrect. [C:\Users\fallo\Desktop\CECS 440\Lab 5\Lab5\Lab5.srcs\sim_1\new\testbench_skeleton-lab5.v:]
WARNING: [filemgmt 56-199] Attempt to get parsing info during refresh. "On-the-fly" syntax checking information may be incorrect. [C:\Users\fallo\Desktop\CECS 440\Lab 5\Lab5\Lab5.srcs\sim_1\new\testbench_skeleton-lab5.v:]
WARNING: [filemgmt 56-199] Attempt to get parsing info during refresh. "On-the-fly" syntax checking information may be incorrect. [C:\Users\fallo\Desktop\CECS 440\Lab 5\Lab5\Lab5.srcs\sim_1\new\testbench_skeleton-lab5.v:]
WARNING: [filemgmt 56-199] Attempt to get parsing info during refresh. "On-the-fly" syntax checking information may be incorrect. [C:\Users\fallo\Desktop\CECS 440\Lab 5\Lab5\Lab5.srcs\sources_1\new\regfile.v:]
WARNING: [filemgmt 56-199] Attempt to get parsing info during refresh. "On-the-fly" syntax checking information may be incorrect. [C:\Users\fallo\Desktop\CECS 440\Lab 5\Lab5\Lab5.srcs\sources_1\new\alu.v:]
WARNING: [filemgmt 56-199] Attempt to get parsing info during refresh. "On-the-fly" syntax checking information may be incorrect. [C:\Users\fallo\Desktop\CECS 440\Lab 5\Lab5\Lab5.srcs\sources_1\new\aluout.v:]
WARNING: [filemgmt 56-199] Attempt to get parsing info during refresh. "On-the-fly" syntax checking information may be incorrect. [C:\Users\fallo\Desktop\CECS 440\Lab 5\Lab5\Lab5.srcs\sources_1\new\design.v:]
WARNING: [filemgmt 56-199] Attempt to get parsing info during refresh. "On-the-fly" syntax checking information may be incorrect. [C:\Users\fallo\Desktop\CECS 440\Lab 5\Lab5\Lab5.srcs\sources_1\new\design.v:]
WARNING: [filemgmt 56-199] Attempt to get parsing info during refresh. "On-the-fly" syntax checking information may be incorrect. [C:\Users\fallo\Desktop\CECS 440\Lab 5\Lab5\Lab5.srcs\sources_1\new\design.v:]
add_bp {C:/Users/fallo/Desktop/CECS 440/Lab 5/Lab5/Lab5.srcs/sources_1/new/regfile.v} 25
remove_bps -file {C:/Users/fallo/Desktop/CECS 440/Lab 5/Lab5/Lab5.srcs/sources_1/new/regfile.v} -line 25
add_bp {C:/Users/fallo/Desktop/CECS 440/Lab 5/Lab5/Lab5.srcs/sources_1/new/regfile.v} 25
remove_bps -file {C:/Users/fallo/Desktop/CECS 440/Lab 5/Lab5/Lab5.srcs/sources_1/new/regfile.v} -line 25
WARNING: [filemgmt 56-199] Attempt to get parsing info during refresh. "On-the-fly" syntax checking information may be incorrect. [C:\Users\fallo\Desktop\CECS 440\Lab 5\Lab5\Lab5.srcs\sim_1\new\testbench_skeleton-lab5.v:]
WARNING: [filemgmt 56-199] Attempt to get parsing info during refresh. "On-the-fly" syntax checking information may be incorrect. [C:\Users\fallo\Desktop\CECS 440\Lab 5\Lab5\Lab5.srcs\sources_1\new\regfile.v:]
WARNING: [filemgmt 56-199] Attempt to get parsing info during refresh. "On-the-fly" syntax checking information may be incorrect. [C:\Users\fallo\Desktop\CECS 440\Lab 5\Lab5\Lab5.srcs\sources_1\new\alu.v:]
WARNING: [filemgmt 56-199] Attempt to get parsing info during refresh. "On-the-fly" syntax checking information may be incorrect. [C:\Users\fallo\Desktop\CECS 440\Lab 5\Lab5\Lab5.srcs\sources_1\new\aluout.v:]
WARNING: [filemgmt 56-199] Attempt to get parsing info during refresh. "On-the-fly" syntax checking information may be incorrect. [C:\Users\fallo\Desktop\CECS 440\Lab 5\Lab5\Lab5.srcs\sources_1\new\design.v:]
WARNING: [filemgmt 56-199] Attempt to get parsing info during refresh. "On-the-fly" syntax checking information may be incorrect. [C:\Users\fallo\Desktop\CECS 440\Lab 5\Lab5\Lab5.srcs\sim_1\new\testbench_skeleton-lab5.v:]
WARNING: [filemgmt 56-199] Attempt to get parsing info during refresh. "On-the-fly" syntax checking information may be incorrect. [C:\Users\fallo\Desktop\CECS 440\Lab 5\Lab5\Lab5.srcs\sim_1\new\testbench_skeleton-lab5.v:]
WARNING: [filemgmt 56-199] Attempt to get parsing info during refresh. "On-the-fly" syntax checking information may be incorrect. [C:\Users\fallo\Desktop\CECS 440\Lab 5\Lab5\Lab5.srcs\sim_1\new\testbench_skeleton-lab5.v:]
WARNING: [filemgmt 56-199] Attempt to get parsing info during refresh. "On-the-fly" syntax checking information may be incorrect. [C:\Users\fallo\Desktop\CECS 440\Lab 5\Lab5\Lab5.srcs\sources_1\new\regfile.v:]
WARNING: [filemgmt 56-199] Attempt to get parsing info during refresh. "On-the-fly" syntax checking information may be incorrect. [C:\Users\fallo\Desktop\CECS 440\Lab 5\Lab5\Lab5.srcs\sources_1\new\alu.v:]
WARNING: [filemgmt 56-199] Attempt to get parsing info during refresh. "On-the-fly" syntax checking information may be incorrect. [C:\Users\fallo\Desktop\CECS 440\Lab 5\Lab5\Lab5.srcs\sources_1\new\aluout.v:]
WARNING: [filemgmt 56-199] Attempt to get parsing info during refresh. "On-the-fly" syntax checking information may be incorrect. [C:\Users\fallo\Desktop\CECS 440\Lab 5\Lab5\Lab5.srcs\sources_1\new\design.v:]
WARNING: [filemgmt 56-199] Attempt to get parsing info during refresh. "On-the-fly" syntax checking information may be incorrect. [C:\Users\fallo\Desktop\CECS 440\Lab 5\Lab5\Lab5.srcs\sources_1\new\design.v:]
WARNING: [filemgmt 56-199] Attempt to get parsing info during refresh. "On-the-fly" syntax checking information may be incorrect. [C:\Users\fallo\Desktop\CECS 440\Lab 5\Lab5\Lab5.srcs\sources_1\new\design.v:]
WARNING: [filemgmt 56-199] Attempt to get parsing info during refresh. "On-the-fly" syntax checking information may be incorrect. [C:\Users\fallo\Desktop\CECS 440\Lab 5\Lab5\Lab5.srcs\sim_1\new\testbench_skeleton-lab5.v:]
WARNING: [filemgmt 56-199] Attempt to get parsing info during refresh. "On-the-fly" syntax checking information may be incorrect. [C:\Users\fallo\Desktop\CECS 440\Lab 5\Lab5\Lab5.srcs\sources_1\new\regfile.v:]
WARNING: [filemgmt 56-199] Attempt to get parsing info during refresh. "On-the-fly" syntax checking information may be incorrect. [C:\Users\fallo\Desktop\CECS 440\Lab 5\Lab5\Lab5.srcs\sources_1\new\alu.v:]
WARNING: [filemgmt 56-199] Attempt to get parsing info during refresh. "On-the-fly" syntax checking information may be incorrect. [C:\Users\fallo\Desktop\CECS 440\Lab 5\Lab5\Lab5.srcs\sources_1\new\aluout.v:]
WARNING: [filemgmt 56-199] Attempt to get parsing info during refresh. "On-the-fly" syntax checking information may be incorrect. [C:\Users\fallo\Desktop\CECS 440\Lab 5\Lab5\Lab5.srcs\sources_1\new\design.v:]
WARNING: [filemgmt 56-199] Attempt to get parsing info during refresh. "On-the-fly" syntax checking information may be incorrect. [C:\Users\fallo\Desktop\CECS 440\Lab 5\Lab5\Lab5.srcs\sources_1\new\aluout.v:]
WARNING: [filemgmt 56-199] Attempt to get parsing info during refresh. "On-the-fly" syntax checking information may be incorrect. [C:\Users\fallo\Desktop\CECS 440\Lab 5\Lab5\Lab5.srcs\sources_1\new\aluout.v:]
ERROR: [Common 17-180] Spawn failed: No error
WARNING: [filemgmt 56-199] Attempt to get parsing info during refresh. "On-the-fly" syntax checking information may be incorrect. [C:\Users\fallo\Desktop\CECS 440\Lab 5\Lab5\Lab5.srcs\sim_1\new\testbench_skeleton-lab5.v:]
WARNING: [filemgmt 56-199] Attempt to get parsing info during refresh. "On-the-fly" syntax checking information may be incorrect. [C:\Users\fallo\Desktop\CECS 440\Lab 5\Lab5\Lab5.srcs\sources_1\new\regfile.v:]
WARNING: [filemgmt 56-199] Attempt to get parsing info during refresh. "On-the-fly" syntax checking information may be incorrect. [C:\Users\fallo\Desktop\CECS 440\Lab 5\Lab5\Lab5.srcs\sources_1\new\alu.v:]
WARNING: [filemgmt 56-199] Attempt to get parsing info during refresh. "On-the-fly" syntax checking information may be incorrect. [C:\Users\fallo\Desktop\CECS 440\Lab 5\Lab5\Lab5.srcs\sources_1\new\aluout.v:]
WARNING: [filemgmt 56-199] Attempt to get parsing info during refresh. "On-the-fly" syntax checking information may be incorrect. [C:\Users\fallo\Desktop\CECS 440\Lab 5\Lab5\Lab5.srcs\sources_1\new\design.v:]
WARNING: [filemgmt 56-199] Attempt to get parsing info during refresh. "On-the-fly" syntax checking information may be incorrect. [C:\Users\fallo\Desktop\CECS 440\Lab 5\Lab5\Lab5.srcs\sim_1\new\testbench_skeleton-lab5.v:]
WARNING: [filemgmt 56-199] Attempt to get parsing info during refresh. "On-the-fly" syntax checking information may be incorrect. [C:\Users\fallo\Desktop\CECS 440\Lab 5\Lab5\Lab5.srcs\sim_1\new\testbench_skeleton-lab5.v:]
WARNING: [filemgmt 56-199] Attempt to get parsing info during refresh. "On-the-fly" syntax checking information may be incorrect. [C:\Users\fallo\Desktop\CECS 440\Lab 5\Lab5\Lab5.srcs\sim_1\new\testbench_skeleton-lab5.v:]
WARNING: [filemgmt 56-199] Attempt to get parsing info during refresh. "On-the-fly" syntax checking information may be incorrect. [C:\Users\fallo\Desktop\CECS 440\Lab 5\Lab5\Lab5.srcs\sources_1\new\regfile.v:]
WARNING: [filemgmt 56-199] Attempt to get parsing info during refresh. "On-the-fly" syntax checking information may be incorrect. [C:\Users\fallo\Desktop\CECS 440\Lab 5\Lab5\Lab5.srcs\sources_1\new\alu.v:]
WARNING: [filemgmt 56-199] Attempt to get parsing info during refresh. "On-the-fly" syntax checking information may be incorrect. [C:\Users\fallo\Desktop\CECS 440\Lab 5\Lab5\Lab5.srcs\sources_1\new\aluout.v:]
WARNING: [filemgmt 56-199] Attempt to get parsing info during refresh. "On-the-fly" syntax checking information may be incorrect. [C:\Users\fallo\Desktop\CECS 440\Lab 5\Lab5\Lab5.srcs\sources_1\new\design.v:]
WARNING: [filemgmt 56-199] Attempt to get parsing info during refresh. "On-the-fly" syntax checking information may be incorrect. [C:\Users\fallo\Desktop\CECS 440\Lab 5\Lab5\Lab5.srcs\sources_1\new\aluout.v:]
WARNING: [filemgmt 56-199] Attempt to get parsing info during refresh. "On-the-fly" syntax checking information may be incorrect. [C:\Users\fallo\Desktop\CECS 440\Lab 5\Lab5\Lab5.srcs\sources_1\new\aluout.v:]
ERROR: [Common 17-180] Spawn failed: No error
WARNING: [filemgmt 56-199] Attempt to get parsing info during refresh. "On-the-fly" syntax checking information may be incorrect. [C:\Users\fallo\Desktop\CECS 440\Lab 5\Lab5\Lab5.srcs\sim_1\new\testbench_skeleton-lab5.v:]
WARNING: [filemgmt 56-199] Attempt to get parsing info during refresh. "On-the-fly" syntax checking information may be incorrect. [C:\Users\fallo\Desktop\CECS 440\Lab 5\Lab5\Lab5.srcs\sources_1\new\regfile.v:]
WARNING: [filemgmt 56-199] Attempt to get parsing info during refresh. "On-the-fly" syntax checking information may be incorrect. [C:\Users\fallo\Desktop\CECS 440\Lab 5\Lab5\Lab5.srcs\sources_1\new\alu.v:]
WARNING: [filemgmt 56-199] Attempt to get parsing info during refresh. "On-the-fly" syntax checking information may be incorrect. [C:\Users\fallo\Desktop\CECS 440\Lab 5\Lab5\Lab5.srcs\sources_1\new\aluout.v:]
WARNING: [filemgmt 56-199] Attempt to get parsing info during refresh. "On-the-fly" syntax checking information may be incorrect. [C:\Users\fallo\Desktop\CECS 440\Lab 5\Lab5\Lab5.srcs\sources_1\new\design.v:]
WARNING: [filemgmt 56-199] Attempt to get parsing info during refresh. "On-the-fly" syntax checking information may be incorrect. [C:\Users\fallo\Desktop\CECS 440\Lab 5\Lab5\Lab5.srcs\sources_1\new\design.v:]
WARNING: [filemgmt 56-199] Attempt to get parsing info during refresh. "On-the-fly" syntax checking information may be incorrect. [C:\Users\fallo\Desktop\CECS 440\Lab 5\Lab5\Lab5.srcs\sources_1\new\design.v:]
WARNING: [filemgmt 56-199] Attempt to get parsing info during refresh. "On-the-fly" syntax checking information may be incorrect. [C:\Users\fallo\Desktop\CECS 440\Lab 5\Lab5\Lab5.srcs\sim_1\new\testbench_skeleton-lab5.v:]
WARNING: [filemgmt 56-199] Attempt to get parsing info during refresh. "On-the-fly" syntax checking information may be incorrect. [C:\Users\fallo\Desktop\CECS 440\Lab 5\Lab5\Lab5.srcs\sources_1\new\regfile.v:]
WARNING: [filemgmt 56-199] Attempt to get parsing info during refresh. "On-the-fly" syntax checking information may be incorrect. [C:\Users\fallo\Desktop\CECS 440\Lab 5\Lab5\Lab5.srcs\sources_1\new\alu.v:]
WARNING: [filemgmt 56-199] Attempt to get parsing info during refresh. "On-the-fly" syntax checking information may be incorrect. [C:\Users\fallo\Desktop\CECS 440\Lab 5\Lab5\Lab5.srcs\sources_1\new\aluout.v:]
WARNING: [filemgmt 56-199] Attempt to get parsing info during refresh. "On-the-fly" syntax checking information may be incorrect. [C:\Users\fallo\Desktop\CECS 440\Lab 5\Lab5\Lab5.srcs\sources_1\new\design.v:]
WARNING: [filemgmt 56-199] Attempt to get parsing info during refresh. "On-the-fly" syntax checking information may be incorrect. [C:\Users\fallo\Desktop\CECS 440\Lab 5\Lab5\Lab5.srcs\sources_1\new\alu.v:]
WARNING: [filemgmt 56-199] Attempt to get parsing info during refresh. "On-the-fly" syntax checking information may be incorrect. [C:\Users\fallo\Desktop\CECS 440\Lab 5\Lab5\Lab5.srcs\sources_1\new\alu.v:]
WARNING: [filemgmt 56-199] Attempt to get parsing info during refresh. "On-the-fly" syntax checking information may be incorrect. [C:\Users\fallo\Desktop\CECS 440\Lab 5\Lab5\Lab5.srcs\sim_1\new\testbench_skeleton-lab5.v:]
WARNING: [filemgmt 56-199] Attempt to get parsing info during refresh. "On-the-fly" syntax checking information may be incorrect. [C:\Users\fallo\Desktop\CECS 440\Lab 5\Lab5\Lab5.srcs\sources_1\new\regfile.v:]
WARNING: [filemgmt 56-199] Attempt to get parsing info during refresh. "On-the-fly" syntax checking information may be incorrect. [C:\Users\fallo\Desktop\CECS 440\Lab 5\Lab5\Lab5.srcs\sources_1\new\alu.v:]
WARNING: [filemgmt 56-199] Attempt to get parsing info during refresh. "On-the-fly" syntax checking information may be incorrect. [C:\Users\fallo\Desktop\CECS 440\Lab 5\Lab5\Lab5.srcs\sources_1\new\aluout.v:]
WARNING: [filemgmt 56-199] Attempt to get parsing info during refresh. "On-the-fly" syntax checking information may be incorrect. [C:\Users\fallo\Desktop\CECS 440\Lab 5\Lab5\Lab5.srcs\sources_1\new\design.v:]
WARNING: [filemgmt 56-199] Attempt to get parsing info during refresh. "On-the-fly" syntax checking information may be incorrect. [C:\Users\fallo\Desktop\CECS 440\Lab 5\Lab5\Lab5.srcs\sources_1\new\regfile.v:]
WARNING: [filemgmt 56-199] Attempt to get parsing info during refresh. "On-the-fly" syntax checking information may be incorrect. [C:\Users\fallo\Desktop\CECS 440\Lab 5\Lab5\Lab5.srcs\sources_1\new\regfile.v:]
ERROR: [Common 17-180] Spawn failed: No error
WARNING: [filemgmt 56-199] Attempt to get parsing info during refresh. "On-the-fly" syntax checking information may be incorrect. [C:\Users\fallo\Desktop\CECS 440\Lab 5\Lab5\Lab5.srcs\sim_1\new\testbench_skeleton-lab5.v:]
WARNING: [filemgmt 56-199] Attempt to get parsing info during refresh. "On-the-fly" syntax checking information may be incorrect. [C:\Users\fallo\Desktop\CECS 440\Lab 5\Lab5\Lab5.srcs\sources_1\new\regfile.v:]
WARNING: [filemgmt 56-199] Attempt to get parsing info during refresh. "On-the-fly" syntax checking information may be incorrect. [C:\Users\fallo\Desktop\CECS 440\Lab 5\Lab5\Lab5.srcs\sources_1\new\alu.v:]
WARNING: [filemgmt 56-199] Attempt to get parsing info during refresh. "On-the-fly" syntax checking information may be incorrect. [C:\Users\fallo\Desktop\CECS 440\Lab 5\Lab5\Lab5.srcs\sources_1\new\aluout.v:]
WARNING: [filemgmt 56-199] Attempt to get parsing info during refresh. "On-the-fly" syntax checking information may be incorrect. [C:\Users\fallo\Desktop\CECS 440\Lab 5\Lab5\Lab5.srcs\sources_1\new\design.v:]
WARNING: [filemgmt 56-199] Attempt to get parsing info during refresh. "On-the-fly" syntax checking information may be incorrect. [C:\Users\fallo\Desktop\CECS 440\Lab 5\Lab5\Lab5.srcs\sim_1\new\testbench_skeleton-lab5.v:]
WARNING: [filemgmt 56-199] Attempt to get parsing info during refresh. "On-the-fly" syntax checking information may be incorrect. [C:\Users\fallo\Desktop\CECS 440\Lab 5\Lab5\Lab5.srcs\sim_1\new\testbench_skeleton-lab5.v:]
WARNING: [filemgmt 56-199] Attempt to get parsing info during refresh. "On-the-fly" syntax checking information may be incorrect. [C:\Users\fallo\Desktop\CECS 440\Lab 5\Lab5\Lab5.srcs\sim_1\new\testbench_skeleton-lab5.v:]
WARNING: [filemgmt 56-199] Attempt to get parsing info during refresh. "On-the-fly" syntax checking information may be incorrect. [C:\Users\fallo\Desktop\CECS 440\Lab 5\Lab5\Lab5.srcs\sources_1\new\regfile.v:]
WARNING: [filemgmt 56-199] Attempt to get parsing info during refresh. "On-the-fly" syntax checking information may be incorrect. [C:\Users\fallo\Desktop\CECS 440\Lab 5\Lab5\Lab5.srcs\sources_1\new\alu.v:]
WARNING: [filemgmt 56-199] Attempt to get parsing info during refresh. "On-the-fly" syntax checking information may be incorrect. [C:\Users\fallo\Desktop\CECS 440\Lab 5\Lab5\Lab5.srcs\sources_1\new\aluout.v:]
WARNING: [filemgmt 56-199] Attempt to get parsing info during refresh. "On-the-fly" syntax checking information may be incorrect. [C:\Users\fallo\Desktop\CECS 440\Lab 5\Lab5\Lab5.srcs\sources_1\new\design.v:]
WARNING: [filemgmt 56-199] Attempt to get parsing info during refresh. "On-the-fly" syntax checking information may be incorrect. [C:\Users\fallo\Desktop\CECS 440\Lab 5\Lab5\Lab5.srcs\sources_1\new\aluout.v:]
WARNING: [filemgmt 56-199] Attempt to get parsing info during refresh. "On-the-fly" syntax checking information may be incorrect. [C:\Users\fallo\Desktop\CECS 440\Lab 5\Lab5\Lab5.srcs\sources_1\new\aluout.v:]
ERROR: [Common 17-180] Spawn failed: No error
WARNING: [filemgmt 56-199] Attempt to get parsing info during refresh. "On-the-fly" syntax checking information may be incorrect. [C:\Users\fallo\Desktop\CECS 440\Lab 5\Lab5\Lab5.srcs\sim_1\new\testbench_skeleton-lab5.v:]
WARNING: [filemgmt 56-199] Attempt to get parsing info during refresh. "On-the-fly" syntax checking information may be incorrect. [C:\Users\fallo\Desktop\CECS 440\Lab 5\Lab5\Lab5.srcs\sources_1\new\regfile.v:]
WARNING: [filemgmt 56-199] Attempt to get parsing info during refresh. "On-the-fly" syntax checking information may be incorrect. [C:\Users\fallo\Desktop\CECS 440\Lab 5\Lab5\Lab5.srcs\sources_1\new\alu.v:]
WARNING: [filemgmt 56-199] Attempt to get parsing info during refresh. "On-the-fly" syntax checking information may be incorrect. [C:\Users\fallo\Desktop\CECS 440\Lab 5\Lab5\Lab5.srcs\sources_1\new\aluout.v:]
WARNING: [filemgmt 56-199] Attempt to get parsing info during refresh. "On-the-fly" syntax checking information may be incorrect. [C:\Users\fallo\Desktop\CECS 440\Lab 5\Lab5\Lab5.srcs\sources_1\new\design.v:]
WARNING: [filemgmt 56-199] Attempt to get parsing info during refresh. "On-the-fly" syntax checking information may be incorrect. [C:\Users\fallo\Desktop\CECS 440\Lab 5\Lab5\Lab5.srcs\sources_1\new\design.v:]
WARNING: [filemgmt 56-199] Attempt to get parsing info during refresh. "On-the-fly" syntax checking information may be incorrect. [C:\Users\fallo\Desktop\CECS 440\Lab 5\Lab5\Lab5.srcs\sources_1\new\design.v:]
WARNING: [filemgmt 56-199] Attempt to get parsing info during refresh. "On-the-fly" syntax checking information may be incorrect. [C:\Users\fallo\Desktop\CECS 440\Lab 5\Lab5\Lab5.srcs\sim_1\new\testbench_skeleton-lab5.v:]
WARNING: [filemgmt 56-199] Attempt to get parsing info during refresh. "On-the-fly" syntax checking information may be incorrect. [C:\Users\fallo\Desktop\CECS 440\Lab 5\Lab5\Lab5.srcs\sources_1\new\regfile.v:]
WARNING: [filemgmt 56-199] Attempt to get parsing info during refresh. "On-the-fly" syntax checking information may be incorrect. [C:\Users\fallo\Desktop\CECS 440\Lab 5\Lab5\Lab5.srcs\sources_1\new\alu.v:]
WARNING: [filemgmt 56-199] Attempt to get parsing info during refresh. "On-the-fly" syntax checking information may be incorrect. [C:\Users\fallo\Desktop\CECS 440\Lab 5\Lab5\Lab5.srcs\sources_1\new\aluout.v:]
WARNING: [filemgmt 56-199] Attempt to get parsing info during refresh. "On-the-fly" syntax checking information may be incorrect. [C:\Users\fallo\Desktop\CECS 440\Lab 5\Lab5\Lab5.srcs\sources_1\new\design.v:]
WARNING: [filemgmt 56-199] Attempt to get parsing info during refresh. "On-the-fly" syntax checking information may be incorrect. [C:\Users\fallo\Desktop\CECS 440\Lab 5\Lab5\Lab5.srcs\sources_1\new\alu.v:]
WARNING: [filemgmt 56-199] Attempt to get parsing info during refresh. "On-the-fly" syntax checking information may be incorrect. [C:\Users\fallo\Desktop\CECS 440\Lab 5\Lab5\Lab5.srcs\sources_1\new\alu.v:]
ERROR: [Common 17-180] Spawn failed: No error
WARNING: [filemgmt 56-199] Attempt to get parsing info during refresh. "On-the-fly" syntax checking information may be incorrect. [C:\Users\fallo\Desktop\CECS 440\Lab 5\Lab5\Lab5.srcs\sim_1\new\testbench_skeleton-lab5.v:]
WARNING: [filemgmt 56-199] Attempt to get parsing info during refresh. "On-the-fly" syntax checking information may be incorrect. [C:\Users\fallo\Desktop\CECS 440\Lab 5\Lab5\Lab5.srcs\sources_1\new\regfile.v:]
WARNING: [filemgmt 56-199] Attempt to get parsing info during refresh. "On-the-fly" syntax checking information may be incorrect. [C:\Users\fallo\Desktop\CECS 440\Lab 5\Lab5\Lab5.srcs\sources_1\new\alu.v:]
WARNING: [filemgmt 56-199] Attempt to get parsing info during refresh. "On-the-fly" syntax checking information may be incorrect. [C:\Users\fallo\Desktop\CECS 440\Lab 5\Lab5\Lab5.srcs\sources_1\new\aluout.v:]
WARNING: [filemgmt 56-199] Attempt to get parsing info during refresh. "On-the-fly" syntax checking information may be incorrect. [C:\Users\fallo\Desktop\CECS 440\Lab 5\Lab5\Lab5.srcs\sources_1\new\design.v:]
WARNING: [filemgmt 56-199] Attempt to get parsing info during refresh. "On-the-fly" syntax checking information may be incorrect. [C:\Users\fallo\Desktop\CECS 440\Lab 5\Lab5\Lab5.srcs\sim_1\new\testbench_skeleton-lab5.v:]
WARNING: [filemgmt 56-199] Attempt to get parsing info during refresh. "On-the-fly" syntax checking information may be incorrect. [C:\Users\fallo\Desktop\CECS 440\Lab 5\Lab5\Lab5.srcs\sim_1\new\testbench_skeleton-lab5.v:]
WARNING: [filemgmt 56-199] Attempt to get parsing info during refresh. "On-the-fly" syntax checking information may be incorrect. [C:\Users\fallo\Desktop\CECS 440\Lab 5\Lab5\Lab5.srcs\sim_1\new\testbench_skeleton-lab5.v:]
WARNING: [filemgmt 56-199] Attempt to get parsing info during refresh. "On-the-fly" syntax checking information may be incorrect. [C:\Users\fallo\Desktop\CECS 440\Lab 5\Lab5\Lab5.srcs\sources_1\new\regfile.v:]
WARNING: [filemgmt 56-199] Attempt to get parsing info during refresh. "On-the-fly" syntax checking information may be incorrect. [C:\Users\fallo\Desktop\CECS 440\Lab 5\Lab5\Lab5.srcs\sources_1\new\alu.v:]
WARNING: [filemgmt 56-199] Attempt to get parsing info during refresh. "On-the-fly" syntax checking information may be incorrect. [C:\Users\fallo\Desktop\CECS 440\Lab 5\Lab5\Lab5.srcs\sources_1\new\aluout.v:]
WARNING: [filemgmt 56-199] Attempt to get parsing info during refresh. "On-the-fly" syntax checking information may be incorrect. [C:\Users\fallo\Desktop\CECS 440\Lab 5\Lab5\Lab5.srcs\sources_1\new\design.v:]
WARNING: [filemgmt 56-199] Attempt to get parsing info during refresh. "On-the-fly" syntax checking information may be incorrect. [C:\Users\fallo\Desktop\CECS 440\Lab 5\Lab5\Lab5.srcs\sources_1\new\aluout.v:]
WARNING: [filemgmt 56-199] Attempt to get parsing info during refresh. "On-the-fly" syntax checking information may be incorrect. [C:\Users\fallo\Desktop\CECS 440\Lab 5\Lab5\Lab5.srcs\sources_1\new\aluout.v:]
WARNING: [filemgmt 56-199] Attempt to get parsing info during refresh. "On-the-fly" syntax checking information may be incorrect. [C:\Users\fallo\Desktop\CECS 440\Lab 5\Lab5\Lab5.srcs\sim_1\new\testbench_skeleton-lab5.v:]
WARNING: [filemgmt 56-199] Attempt to get parsing info during refresh. "On-the-fly" syntax checking information may be incorrect. [C:\Users\fallo\Desktop\CECS 440\Lab 5\Lab5\Lab5.srcs\sources_1\new\regfile.v:]
WARNING: [filemgmt 56-199] Attempt to get parsing info during refresh. "On-the-fly" syntax checking information may be incorrect. [C:\Users\fallo\Desktop\CECS 440\Lab 5\Lab5\Lab5.srcs\sources_1\new\alu.v:]
WARNING: [filemgmt 56-199] Attempt to get parsing info during refresh. "On-the-fly" syntax checking information may be incorrect. [C:\Users\fallo\Desktop\CECS 440\Lab 5\Lab5\Lab5.srcs\sources_1\new\aluout.v:]
WARNING: [filemgmt 56-199] Attempt to get parsing info during refresh. "On-the-fly" syntax checking information may be incorrect. [C:\Users\fallo\Desktop\CECS 440\Lab 5\Lab5\Lab5.srcs\sources_1\new\design.v:]
WARNING: [filemgmt 56-199] Attempt to get parsing info during refresh. "On-the-fly" syntax checking information may be incorrect. [C:\Users\fallo\Desktop\CECS 440\Lab 5\Lab5\Lab5.srcs\sources_1\new\alu.v:]
WARNING: [filemgmt 56-199] Attempt to get parsing info during refresh. "On-the-fly" syntax checking information may be incorrect. [C:\Users\fallo\Desktop\CECS 440\Lab 5\Lab5\Lab5.srcs\sources_1\new\alu.v:]
WARNING: [filemgmt 56-199] Attempt to get parsing info during refresh. "On-the-fly" syntax checking information may be incorrect. [C:\Users\fallo\Desktop\CECS 440\Lab 5\Lab5\Lab5.srcs\sim_1\new\testbench_skeleton-lab5.v:]
WARNING: [filemgmt 56-199] Attempt to get parsing info during refresh. "On-the-fly" syntax checking information may be incorrect. [C:\Users\fallo\Desktop\CECS 440\Lab 5\Lab5\Lab5.srcs\sources_1\new\regfile.v:]
WARNING: [filemgmt 56-199] Attempt to get parsing info during refresh. "On-the-fly" syntax checking information may be incorrect. [C:\Users\fallo\Desktop\CECS 440\Lab 5\Lab5\Lab5.srcs\sources_1\new\alu.v:]
WARNING: [filemgmt 56-199] Attempt to get parsing info during refresh. "On-the-fly" syntax checking information may be incorrect. [C:\Users\fallo\Desktop\CECS 440\Lab 5\Lab5\Lab5.srcs\sources_1\new\aluout.v:]
WARNING: [filemgmt 56-199] Attempt to get parsing info during refresh. "On-the-fly" syntax checking information may be incorrect. [C:\Users\fallo\Desktop\CECS 440\Lab 5\Lab5\Lab5.srcs\sources_1\new\design.v:]
WARNING: [filemgmt 56-199] Attempt to get parsing info during refresh. "On-the-fly" syntax checking information may be incorrect. [C:\Users\fallo\Desktop\CECS 440\Lab 5\Lab5\Lab5.srcs\sources_1\new\design.v:]
WARNING: [filemgmt 56-199] Attempt to get parsing info during refresh. "On-the-fly" syntax checking information may be incorrect. [C:\Users\fallo\Desktop\CECS 440\Lab 5\Lab5\Lab5.srcs\sources_1\new\design.v:]
ERROR: [Common 17-180] Spawn failed: No error
WARNING: [filemgmt 56-199] Attempt to get parsing info during refresh. "On-the-fly" syntax checking information may be incorrect. [C:\Users\fallo\Desktop\CECS 440\Lab 5\Lab5\Lab5.srcs\sim_1\new\testbench_skeleton-lab5.v:]
WARNING: [filemgmt 56-199] Attempt to get parsing info during refresh. "On-the-fly" syntax checking information may be incorrect. [C:\Users\fallo\Desktop\CECS 440\Lab 5\Lab5\Lab5.srcs\sources_1\new\regfile.v:]
WARNING: [filemgmt 56-199] Attempt to get parsing info during refresh. "On-the-fly" syntax checking information may be incorrect. [C:\Users\fallo\Desktop\CECS 440\Lab 5\Lab5\Lab5.srcs\sources_1\new\alu.v:]
WARNING: [filemgmt 56-199] Attempt to get parsing info during refresh. "On-the-fly" syntax checking information may be incorrect. [C:\Users\fallo\Desktop\CECS 440\Lab 5\Lab5\Lab5.srcs\sources_1\new\aluout.v:]
WARNING: [filemgmt 56-199] Attempt to get parsing info during refresh. "On-the-fly" syntax checking information may be incorrect. [C:\Users\fallo\Desktop\CECS 440\Lab 5\Lab5\Lab5.srcs\sources_1\new\design.v:]
WARNING: [filemgmt 56-199] Attempt to get parsing info during refresh. "On-the-fly" syntax checking information may be incorrect. [C:\Users\fallo\Desktop\CECS 440\Lab 5\Lab5\Lab5.srcs\sources_1\new\aluout.v:]
WARNING: [filemgmt 56-199] Attempt to get parsing info during refresh. "On-the-fly" syntax checking information may be incorrect. [C:\Users\fallo\Desktop\CECS 440\Lab 5\Lab5\Lab5.srcs\sources_1\new\aluout.v:]
WARNING: [filemgmt 56-199] Attempt to get parsing info during refresh. "On-the-fly" syntax checking information may be incorrect. [C:\Users\fallo\Desktop\CECS 440\Lab 5\Lab5\Lab5.srcs\sim_1\new\testbench_skeleton-lab5.v:]
WARNING: [filemgmt 56-199] Attempt to get parsing info during refresh. "On-the-fly" syntax checking information may be incorrect. [C:\Users\fallo\Desktop\CECS 440\Lab 5\Lab5\Lab5.srcs\sources_1\new\regfile.v:]
WARNING: [filemgmt 56-199] Attempt to get parsing info during refresh. "On-the-fly" syntax checking information may be incorrect. [C:\Users\fallo\Desktop\CECS 440\Lab 5\Lab5\Lab5.srcs\sources_1\new\alu.v:]
WARNING: [filemgmt 56-199] Attempt to get parsing info during refresh. "On-the-fly" syntax checking information may be incorrect. [C:\Users\fallo\Desktop\CECS 440\Lab 5\Lab5\Lab5.srcs\sources_1\new\aluout.v:]
WARNING: [filemgmt 56-199] Attempt to get parsing info during refresh. "On-the-fly" syntax checking information may be incorrect. [C:\Users\fallo\Desktop\CECS 440\Lab 5\Lab5\Lab5.srcs\sources_1\new\design.v:]
WARNING: [filemgmt 56-199] Attempt to get parsing info during refresh. "On-the-fly" syntax checking information may be incorrect. [C:\Users\fallo\Desktop\CECS 440\Lab 5\Lab5\Lab5.srcs\sim_1\new\testbench_skeleton-lab5.v:]
WARNING: [filemgmt 56-199] Attempt to get parsing info during refresh. "On-the-fly" syntax checking information may be incorrect. [C:\Users\fallo\Desktop\CECS 440\Lab 5\Lab5\Lab5.srcs\sim_1\new\testbench_skeleton-lab5.v:]
ERROR: [Common 17-180] Spawn failed: No error
WARNING: [filemgmt 56-199] Attempt to get parsing info during refresh. "On-the-fly" syntax checking information may be incorrect. [C:\Users\fallo\Desktop\CECS 440\Lab 5\Lab5\Lab5.srcs\sim_1\new\testbench_skeleton-lab5.v:]
WARNING: [filemgmt 56-199] Attempt to get parsing info during refresh. "On-the-fly" syntax checking information may be incorrect. [C:\Users\fallo\Desktop\CECS 440\Lab 5\Lab5\Lab5.srcs\sources_1\new\regfile.v:]
WARNING: [filemgmt 56-199] Attempt to get parsing info during refresh. "On-the-fly" syntax checking information may be incorrect. [C:\Users\fallo\Desktop\CECS 440\Lab 5\Lab5\Lab5.srcs\sources_1\new\alu.v:]
WARNING: [filemgmt 56-199] Attempt to get parsing info during refresh. "On-the-fly" syntax checking information may be incorrect. [C:\Users\fallo\Desktop\CECS 440\Lab 5\Lab5\Lab5.srcs\sources_1\new\aluout.v:]
WARNING: [filemgmt 56-199] Attempt to get parsing info during refresh. "On-the-fly" syntax checking information may be incorrect. [C:\Users\fallo\Desktop\CECS 440\Lab 5\Lab5\Lab5.srcs\sources_1\new\design.v:]
WARNING: [filemgmt 56-199] Attempt to get parsing info during refresh. "On-the-fly" syntax checking information may be incorrect. [C:\Users\fallo\Desktop\CECS 440\Lab 5\Lab5\Lab5.srcs\sources_1\new\alu.v:]
WARNING: [filemgmt 56-199] Attempt to get parsing info during refresh. "On-the-fly" syntax checking information may be incorrect. [C:\Users\fallo\Desktop\CECS 440\Lab 5\Lab5\Lab5.srcs\sources_1\new\alu.v:]
ERROR: [Common 17-180] Spawn failed: No error
WARNING: [filemgmt 56-199] Attempt to get parsing info during refresh. "On-the-fly" syntax checking information may be incorrect. [C:\Users\fallo\Desktop\CECS 440\Lab 5\Lab5\Lab5.srcs\sim_1\new\testbench_skeleton-lab5.v:]
WARNING: [filemgmt 56-199] Attempt to get parsing info during refresh. "On-the-fly" syntax checking information may be incorrect. [C:\Users\fallo\Desktop\CECS 440\Lab 5\Lab5\Lab5.srcs\sources_1\new\regfile.v:]
WARNING: [filemgmt 56-199] Attempt to get parsing info during refresh. "On-the-fly" syntax checking information may be incorrect. [C:\Users\fallo\Desktop\CECS 440\Lab 5\Lab5\Lab5.srcs\sources_1\new\alu.v:]
WARNING: [filemgmt 56-199] Attempt to get parsing info during refresh. "On-the-fly" syntax checking information may be incorrect. [C:\Users\fallo\Desktop\CECS 440\Lab 5\Lab5\Lab5.srcs\sources_1\new\aluout.v:]
WARNING: [filemgmt 56-199] Attempt to get parsing info during refresh. "On-the-fly" syntax checking information may be incorrect. [C:\Users\fallo\Desktop\CECS 440\Lab 5\Lab5\Lab5.srcs\sources_1\new\design.v:]
WARNING: [filemgmt 56-199] Attempt to get parsing info during refresh. "On-the-fly" syntax checking information may be incorrect. [C:\Users\fallo\Desktop\CECS 440\Lab 5\Lab5\Lab5.srcs\sim_1\new\testbench_skeleton-lab5.v:]
WARNING: [filemgmt 56-199] Attempt to get parsing info during refresh. "On-the-fly" syntax checking information may be incorrect. [C:\Users\fallo\Desktop\CECS 440\Lab 5\Lab5\Lab5.srcs\sim_1\new\testbench_skeleton-lab5.v:]
WARNING: [filemgmt 56-199] Attempt to get parsing info during refresh. "On-the-fly" syntax checking information may be incorrect. [C:\Users\fallo\Desktop\CECS 440\Lab 5\Lab5\Lab5.srcs\sim_1\new\testbench_skeleton-lab5.v:]
WARNING: [filemgmt 56-199] Attempt to get parsing info during refresh. "On-the-fly" syntax checking information may be incorrect. [C:\Users\fallo\Desktop\CECS 440\Lab 5\Lab5\Lab5.srcs\sources_1\new\regfile.v:]
WARNING: [filemgmt 56-199] Attempt to get parsing info during refresh. "On-the-fly" syntax checking information may be incorrect. [C:\Users\fallo\Desktop\CECS 440\Lab 5\Lab5\Lab5.srcs\sources_1\new\alu.v:]
WARNING: [filemgmt 56-199] Attempt to get parsing info during refresh. "On-the-fly" syntax checking information may be incorrect. [C:\Users\fallo\Desktop\CECS 440\Lab 5\Lab5\Lab5.srcs\sources_1\new\aluout.v:]
WARNING: [filemgmt 56-199] Attempt to get parsing info during refresh. "On-the-fly" syntax checking information may be incorrect. [C:\Users\fallo\Desktop\CECS 440\Lab 5\Lab5\Lab5.srcs\sources_1\new\design.v:]
WARNING: [filemgmt 56-199] Attempt to get parsing info during refresh. "On-the-fly" syntax checking information may be incorrect. [C:\Users\fallo\Desktop\CECS 440\Lab 5\Lab5\Lab5.srcs\sources_1\new\aluout.v:]
WARNING: [filemgmt 56-199] Attempt to get parsing info during refresh. "On-the-fly" syntax checking information may be incorrect. [C:\Users\fallo\Desktop\CECS 440\Lab 5\Lab5\Lab5.srcs\sources_1\new\aluout.v:]
ERROR: [Common 17-180] Spawn failed: No error
WARNING: [filemgmt 56-199] Attempt to get parsing info during refresh. "On-the-fly" syntax checking information may be incorrect. [C:\Users\fallo\Desktop\CECS 440\Lab 5\Lab5\Lab5.srcs\sim_1\new\testbench_skeleton-lab5.v:]
WARNING: [filemgmt 56-199] Attempt to get parsing info during refresh. "On-the-fly" syntax checking information may be incorrect. [C:\Users\fallo\Desktop\CECS 440\Lab 5\Lab5\Lab5.srcs\sources_1\new\regfile.v:]
WARNING: [filemgmt 56-199] Attempt to get parsing info during refresh. "On-the-fly" syntax checking information may be incorrect. [C:\Users\fallo\Desktop\CECS 440\Lab 5\Lab5\Lab5.srcs\sources_1\new\alu.v:]
WARNING: [filemgmt 56-199] Attempt to get parsing info during refresh. "On-the-fly" syntax checking information may be incorrect. [C:\Users\fallo\Desktop\CECS 440\Lab 5\Lab5\Lab5.srcs\sources_1\new\aluout.v:]
WARNING: [filemgmt 56-199] Attempt to get parsing info during refresh. "On-the-fly" syntax checking information may be incorrect. [C:\Users\fallo\Desktop\CECS 440\Lab 5\Lab5\Lab5.srcs\sources_1\new\design.v:]
WARNING: [filemgmt 56-199] Attempt to get parsing info during refresh. "On-the-fly" syntax checking information may be incorrect. [C:\Users\fallo\Desktop\CECS 440\Lab 5\Lab5\Lab5.srcs\sources_1\new\design.v:]
WARNING: [filemgmt 56-199] Attempt to get parsing info during refresh. "On-the-fly" syntax checking information may be incorrect. [C:\Users\fallo\Desktop\CECS 440\Lab 5\Lab5\Lab5.srcs\sources_1\new\design.v:]
WARNING: [filemgmt 56-199] Attempt to get parsing info during refresh. "On-the-fly" syntax checking information may be incorrect. [C:\Users\fallo\Desktop\CECS 440\Lab 5\Lab5\Lab5.srcs\sim_1\new\testbench_skeleton-lab5.v:]
WARNING: [filemgmt 56-199] Attempt to get parsing info during refresh. "On-the-fly" syntax checking information may be incorrect. [C:\Users\fallo\Desktop\CECS 440\Lab 5\Lab5\Lab5.srcs\sources_1\new\regfile.v:]
WARNING: [filemgmt 56-199] Attempt to get parsing info during refresh. "On-the-fly" syntax checking information may be incorrect. [C:\Users\fallo\Desktop\CECS 440\Lab 5\Lab5\Lab5.srcs\sources_1\new\alu.v:]
WARNING: [filemgmt 56-199] Attempt to get parsing info during refresh. "On-the-fly" syntax checking information may be incorrect. [C:\Users\fallo\Desktop\CECS 440\Lab 5\Lab5\Lab5.srcs\sources_1\new\aluout.v:]
WARNING: [filemgmt 56-199] Attempt to get parsing info during refresh. "On-the-fly" syntax checking information may be incorrect. [C:\Users\fallo\Desktop\CECS 440\Lab 5\Lab5\Lab5.srcs\sources_1\new\design.v:]
WARNING: [filemgmt 56-199] Attempt to get parsing info during refresh. "On-the-fly" syntax checking information may be incorrect. [C:\Users\fallo\Desktop\CECS 440\Lab 5\Lab5\Lab5.srcs\sources_1\new\alu.v:]
WARNING: [filemgmt 56-199] Attempt to get parsing info during refresh. "On-the-fly" syntax checking information may be incorrect. [C:\Users\fallo\Desktop\CECS 440\Lab 5\Lab5\Lab5.srcs\sources_1\new\alu.v:]
ERROR: [Common 17-180] Spawn failed: No error
WARNING: [filemgmt 56-199] Attempt to get parsing info during refresh. "On-the-fly" syntax checking information may be incorrect. [C:\Users\fallo\Desktop\CECS 440\Lab 5\Lab5\Lab5.srcs\sim_1\new\testbench_skeleton-lab5.v:]
WARNING: [filemgmt 56-199] Attempt to get parsing info during refresh. "On-the-fly" syntax checking information may be incorrect. [C:\Users\fallo\Desktop\CECS 440\Lab 5\Lab5\Lab5.srcs\sources_1\new\regfile.v:]
WARNING: [filemgmt 56-199] Attempt to get parsing info during refresh. "On-the-fly" syntax checking information may be incorrect. [C:\Users\fallo\Desktop\CECS 440\Lab 5\Lab5\Lab5.srcs\sources_1\new\alu.v:]
WARNING: [filemgmt 56-199] Attempt to get parsing info during refresh. "On-the-fly" syntax checking information may be incorrect. [C:\Users\fallo\Desktop\CECS 440\Lab 5\Lab5\Lab5.srcs\sources_1\new\aluout.v:]
WARNING: [filemgmt 56-199] Attempt to get parsing info during refresh. "On-the-fly" syntax checking information may be incorrect. [C:\Users\fallo\Desktop\CECS 440\Lab 5\Lab5\Lab5.srcs\sources_1\new\design.v:]
WARNING: [filemgmt 56-199] Attempt to get parsing info during refresh. "On-the-fly" syntax checking information may be incorrect. [C:\Users\fallo\Desktop\CECS 440\Lab 5\Lab5\Lab5.srcs\sim_1\new\testbench_skeleton-lab5.v:]
WARNING: [filemgmt 56-199] Attempt to get parsing info during refresh. "On-the-fly" syntax checking information may be incorrect. [C:\Users\fallo\Desktop\CECS 440\Lab 5\Lab5\Lab5.srcs\sim_1\new\testbench_skeleton-lab5.v:]
WARNING: [filemgmt 56-199] Attempt to get parsing info during refresh. "On-the-fly" syntax checking information may be incorrect. [C:\Users\fallo\Desktop\CECS 440\Lab 5\Lab5\Lab5.srcs\sim_1\new\testbench_skeleton-lab5.v:]
WARNING: [filemgmt 56-199] Attempt to get parsing info during refresh. "On-the-fly" syntax checking information may be incorrect. [C:\Users\fallo\Desktop\CECS 440\Lab 5\Lab5\Lab5.srcs\sources_1\new\regfile.v:]
WARNING: [filemgmt 56-199] Attempt to get parsing info during refresh. "On-the-fly" syntax checking information may be incorrect. [C:\Users\fallo\Desktop\CECS 440\Lab 5\Lab5\Lab5.srcs\sources_1\new\alu.v:]
WARNING: [filemgmt 56-199] Attempt to get parsing info during refresh. "On-the-fly" syntax checking information may be incorrect. [C:\Users\fallo\Desktop\CECS 440\Lab 5\Lab5\Lab5.srcs\sources_1\new\aluout.v:]
WARNING: [filemgmt 56-199] Attempt to get parsing info during refresh. "On-the-fly" syntax checking information may be incorrect. [C:\Users\fallo\Desktop\CECS 440\Lab 5\Lab5\Lab5.srcs\sources_1\new\design.v:]
WARNING: [filemgmt 56-199] Attempt to get parsing info during refresh. "On-the-fly" syntax checking information may be incorrect. [C:\Users\fallo\Desktop\CECS 440\Lab 5\Lab5\Lab5.srcs\sources_1\new\design.v:]
WARNING: [filemgmt 56-199] Attempt to get parsing info during refresh. "On-the-fly" syntax checking information may be incorrect. [C:\Users\fallo\Desktop\CECS 440\Lab 5\Lab5\Lab5.srcs\sources_1\new\design.v:]
WARNING: [filemgmt 56-199] Attempt to get parsing info during refresh. "On-the-fly" syntax checking information may be incorrect. [C:\Users\fallo\Desktop\CECS 440\Lab 5\Lab5\Lab5.srcs\sim_1\new\testbench_skeleton-lab5.v:]
WARNING: [filemgmt 56-199] Attempt to get parsing info during refresh. "On-the-fly" syntax checking information may be incorrect. [C:\Users\fallo\Desktop\CECS 440\Lab 5\Lab5\Lab5.srcs\sources_1\new\regfile.v:]
WARNING: [filemgmt 56-199] Attempt to get parsing info during refresh. "On-the-fly" syntax checking information may be incorrect. [C:\Users\fallo\Desktop\CECS 440\Lab 5\Lab5\Lab5.srcs\sources_1\new\alu.v:]
WARNING: [filemgmt 56-199] Attempt to get parsing info during refresh. "On-the-fly" syntax checking information may be incorrect. [C:\Users\fallo\Desktop\CECS 440\Lab 5\Lab5\Lab5.srcs\sources_1\new\aluout.v:]
WARNING: [filemgmt 56-199] Attempt to get parsing info during refresh. "On-the-fly" syntax checking information may be incorrect. [C:\Users\fallo\Desktop\CECS 440\Lab 5\Lab5\Lab5.srcs\sources_1\new\design.v:]
WARNING: [filemgmt 56-199] Attempt to get parsing info during refresh. "On-the-fly" syntax checking information may be incorrect. [C:\Users\fallo\Desktop\CECS 440\Lab 5\Lab5\Lab5.srcs\sim_1\new\testbench_skeleton-lab5.v:]
WARNING: [filemgmt 56-199] Attempt to get parsing info during refresh. "On-the-fly" syntax checking information may be incorrect. [C:\Users\fallo\Desktop\CECS 440\Lab 5\Lab5\Lab5.srcs\sim_1\new\testbench_skeleton-lab5.v:]
WARNING: [filemgmt 56-199] Attempt to get parsing info during refresh. "On-the-fly" syntax checking information may be incorrect. [C:\Users\fallo\Desktop\CECS 440\Lab 5\Lab5\Lab5.srcs\sim_1\new\testbench_skeleton-lab5.v:]
WARNING: [filemgmt 56-199] Attempt to get parsing info during refresh. "On-the-fly" syntax checking information may be incorrect. [C:\Users\fallo\Desktop\CECS 440\Lab 5\Lab5\Lab5.srcs\sources_1\new\regfile.v:]
WARNING: [filemgmt 56-199] Attempt to get parsing info during refresh. "On-the-fly" syntax checking information may be incorrect. [C:\Users\fallo\Desktop\CECS 440\Lab 5\Lab5\Lab5.srcs\sources_1\new\alu.v:]
WARNING: [filemgmt 56-199] Attempt to get parsing info during refresh. "On-the-fly" syntax checking information may be incorrect. [C:\Users\fallo\Desktop\CECS 440\Lab 5\Lab5\Lab5.srcs\sources_1\new\aluout.v:]
WARNING: [filemgmt 56-199] Attempt to get parsing info during refresh. "On-the-fly" syntax checking information may be incorrect. [C:\Users\fallo\Desktop\CECS 440\Lab 5\Lab5\Lab5.srcs\sources_1\new\design.v:]
WARNING: [filemgmt 56-199] Attempt to get parsing info during refresh. "On-the-fly" syntax checking information may be incorrect. [C:\Users\fallo\Desktop\CECS 440\Lab 5\Lab5\Lab5.srcs\sources_1\new\aluout.v:]
WARNING: [filemgmt 56-199] Attempt to get parsing info during refresh. "On-the-fly" syntax checking information may be incorrect. [C:\Users\fallo\Desktop\CECS 440\Lab 5\Lab5\Lab5.srcs\sources_1\new\aluout.v:]
ERROR: [Common 17-180] Spawn failed: No error
WARNING: [filemgmt 56-199] Attempt to get parsing info during refresh. "On-the-fly" syntax checking information may be incorrect. [C:\Users\fallo\Desktop\CECS 440\Lab 5\Lab5\Lab5.srcs\sim_1\new\testbench_skeleton-lab5.v:]
WARNING: [filemgmt 56-199] Attempt to get parsing info during refresh. "On-the-fly" syntax checking information may be incorrect. [C:\Users\fallo\Desktop\CECS 440\Lab 5\Lab5\Lab5.srcs\sources_1\new\regfile.v:]
WARNING: [filemgmt 56-199] Attempt to get parsing info during refresh. "On-the-fly" syntax checking information may be incorrect. [C:\Users\fallo\Desktop\CECS 440\Lab 5\Lab5\Lab5.srcs\sources_1\new\alu.v:]
WARNING: [filemgmt 56-199] Attempt to get parsing info during refresh. "On-the-fly" syntax checking information may be incorrect. [C:\Users\fallo\Desktop\CECS 440\Lab 5\Lab5\Lab5.srcs\sources_1\new\aluout.v:]
WARNING: [filemgmt 56-199] Attempt to get parsing info during refresh. "On-the-fly" syntax checking information may be incorrect. [C:\Users\fallo\Desktop\CECS 440\Lab 5\Lab5\Lab5.srcs\sources_1\new\design.v:]
WARNING: [filemgmt 56-199] Attempt to get parsing info during refresh. "On-the-fly" syntax checking information may be incorrect. [C:\Users\fallo\Desktop\CECS 440\Lab 5\Lab5\Lab5.srcs\sources_1\new\design.v:]
WARNING: [filemgmt 56-199] Attempt to get parsing info during refresh. "On-the-fly" syntax checking information may be incorrect. [C:\Users\fallo\Desktop\CECS 440\Lab 5\Lab5\Lab5.srcs\sources_1\new\design.v:]
WARNING: [filemgmt 56-199] Attempt to get parsing info during refresh. "On-the-fly" syntax checking information may be incorrect. [C:\Users\fallo\Desktop\CECS 440\Lab 5\Lab5\Lab5.srcs\sim_1\new\testbench_skeleton-lab5.v:]
WARNING: [filemgmt 56-199] Attempt to get parsing info during refresh. "On-the-fly" syntax checking information may be incorrect. [C:\Users\fallo\Desktop\CECS 440\Lab 5\Lab5\Lab5.srcs\sources_1\new\regfile.v:]
WARNING: [filemgmt 56-199] Attempt to get parsing info during refresh. "On-the-fly" syntax checking information may be incorrect. [C:\Users\fallo\Desktop\CECS 440\Lab 5\Lab5\Lab5.srcs\sources_1\new\alu.v:]
WARNING: [filemgmt 56-199] Attempt to get parsing info during refresh. "On-the-fly" syntax checking information may be incorrect. [C:\Users\fallo\Desktop\CECS 440\Lab 5\Lab5\Lab5.srcs\sources_1\new\aluout.v:]
WARNING: [filemgmt 56-199] Attempt to get parsing info during refresh. "On-the-fly" syntax checking information may be incorrect. [C:\Users\fallo\Desktop\CECS 440\Lab 5\Lab5\Lab5.srcs\sources_1\new\design.v:]
WARNING: [filemgmt 56-199] Attempt to get parsing info during refresh. "On-the-fly" syntax checking information may be incorrect. [C:\Users\fallo\Desktop\CECS 440\Lab 5\Lab5\Lab5.srcs\sources_1\new\alu.v:]
WARNING: [filemgmt 56-199] Attempt to get parsing info during refresh. "On-the-fly" syntax checking information may be incorrect. [C:\Users\fallo\Desktop\CECS 440\Lab 5\Lab5\Lab5.srcs\sources_1\new\alu.v:]
ERROR: [Common 17-180] Spawn failed: No error
WARNING: [filemgmt 56-199] Attempt to get parsing info during refresh. "On-the-fly" syntax checking information may be incorrect. [C:\Users\fallo\Desktop\CECS 440\Lab 5\Lab5\Lab5.srcs\sim_1\new\testbench_skeleton-lab5.v:]
WARNING: [filemgmt 56-199] Attempt to get parsing info during refresh. "On-the-fly" syntax checking information may be incorrect. [C:\Users\fallo\Desktop\CECS 440\Lab 5\Lab5\Lab5.srcs\sources_1\new\regfile.v:]
WARNING: [filemgmt 56-199] Attempt to get parsing info during refresh. "On-the-fly" syntax checking information may be incorrect. [C:\Users\fallo\Desktop\CECS 440\Lab 5\Lab5\Lab5.srcs\sources_1\new\alu.v:]
WARNING: [filemgmt 56-199] Attempt to get parsing info during refresh. "On-the-fly" syntax checking information may be incorrect. [C:\Users\fallo\Desktop\CECS 440\Lab 5\Lab5\Lab5.srcs\sources_1\new\aluout.v:]
WARNING: [filemgmt 56-199] Attempt to get parsing info during refresh. "On-the-fly" syntax checking information may be incorrect. [C:\Users\fallo\Desktop\CECS 440\Lab 5\Lab5\Lab5.srcs\sources_1\new\design.v:]
WARNING: [filemgmt 56-199] Attempt to get parsing info during refresh. "On-the-fly" syntax checking information may be incorrect. [C:\Users\fallo\Desktop\CECS 440\Lab 5\Lab5\Lab5.srcs\sim_1\new\testbench_skeleton-lab5.v:]
WARNING: [filemgmt 56-199] Attempt to get parsing info during refresh. "On-the-fly" syntax checking information may be incorrect. [C:\Users\fallo\Desktop\CECS 440\Lab 5\Lab5\Lab5.srcs\sim_1\new\testbench_skeleton-lab5.v:]
WARNING: [filemgmt 56-199] Attempt to get parsing info during refresh. "On-the-fly" syntax checking information may be incorrect. [C:\Users\fallo\Desktop\CECS 440\Lab 5\Lab5\Lab5.srcs\sim_1\new\testbench_skeleton-lab5.v:]
WARNING: [filemgmt 56-199] Attempt to get parsing info during refresh. "On-the-fly" syntax checking information may be incorrect. [C:\Users\fallo\Desktop\CECS 440\Lab 5\Lab5\Lab5.srcs\sources_1\new\regfile.v:]
WARNING: [filemgmt 56-199] Attempt to get parsing info during refresh. "On-the-fly" syntax checking information may be incorrect. [C:\Users\fallo\Desktop\CECS 440\Lab 5\Lab5\Lab5.srcs\sources_1\new\alu.v:]
WARNING: [filemgmt 56-199] Attempt to get parsing info during refresh. "On-the-fly" syntax checking information may be incorrect. [C:\Users\fallo\Desktop\CECS 440\Lab 5\Lab5\Lab5.srcs\sources_1\new\aluout.v:]
WARNING: [filemgmt 56-199] Attempt to get parsing info during refresh. "On-the-fly" syntax checking information may be incorrect. [C:\Users\fallo\Desktop\CECS 440\Lab 5\Lab5\Lab5.srcs\sources_1\new\design.v:]
WARNING: [filemgmt 56-199] Attempt to get parsing info during refresh. "On-the-fly" syntax checking information may be incorrect. [C:\Users\fallo\Desktop\CECS 440\Lab 5\Lab5\Lab5.srcs\sources_1\new\aluout.v:]
WARNING: [filemgmt 56-199] Attempt to get parsing info during refresh. "On-the-fly" syntax checking information may be incorrect. [C:\Users\fallo\Desktop\CECS 440\Lab 5\Lab5\Lab5.srcs\sources_1\new\aluout.v:]
ERROR: [Common 17-180] Spawn failed: No error
WARNING: [filemgmt 56-199] Attempt to get parsing info during refresh. "On-the-fly" syntax checking information may be incorrect. [C:\Users\fallo\Desktop\CECS 440\Lab 5\Lab5\Lab5.srcs\sim_1\new\testbench_skeleton-lab5.v:]
WARNING: [filemgmt 56-199] Attempt to get parsing info during refresh. "On-the-fly" syntax checking information may be incorrect. [C:\Users\fallo\Desktop\CECS 440\Lab 5\Lab5\Lab5.srcs\sources_1\new\regfile.v:]
WARNING: [filemgmt 56-199] Attempt to get parsing info during refresh. "On-the-fly" syntax checking information may be incorrect. [C:\Users\fallo\Desktop\CECS 440\Lab 5\Lab5\Lab5.srcs\sources_1\new\alu.v:]
WARNING: [filemgmt 56-199] Attempt to get parsing info during refresh. "On-the-fly" syntax checking information may be incorrect. [C:\Users\fallo\Desktop\CECS 440\Lab 5\Lab5\Lab5.srcs\sources_1\new\aluout.v:]
WARNING: [filemgmt 56-199] Attempt to get parsing info during refresh. "On-the-fly" syntax checking information may be incorrect. [C:\Users\fallo\Desktop\CECS 440\Lab 5\Lab5\Lab5.srcs\sources_1\new\design.v:]
WARNING: [filemgmt 56-199] Attempt to get parsing info during refresh. "On-the-fly" syntax checking information may be incorrect. [C:\Users\fallo\Desktop\CECS 440\Lab 5\Lab5\Lab5.srcs\sources_1\new\design.v:]
WARNING: [filemgmt 56-199] Attempt to get parsing info during refresh. "On-the-fly" syntax checking information may be incorrect. [C:\Users\fallo\Desktop\CECS 440\Lab 5\Lab5\Lab5.srcs\sources_1\new\design.v:]
WARNING: [filemgmt 56-199] Attempt to get parsing info during refresh. "On-the-fly" syntax checking information may be incorrect. [C:\Users\fallo\Desktop\CECS 440\Lab 5\Lab5\Lab5.srcs\sim_1\new\testbench_skeleton-lab5.v:]
WARNING: [filemgmt 56-199] Attempt to get parsing info during refresh. "On-the-fly" syntax checking information may be incorrect. [C:\Users\fallo\Desktop\CECS 440\Lab 5\Lab5\Lab5.srcs\sources_1\new\regfile.v:]
WARNING: [filemgmt 56-199] Attempt to get parsing info during refresh. "On-the-fly" syntax checking information may be incorrect. [C:\Users\fallo\Desktop\CECS 440\Lab 5\Lab5\Lab5.srcs\sources_1\new\alu.v:]
WARNING: [filemgmt 56-199] Attempt to get parsing info during refresh. "On-the-fly" syntax checking information may be incorrect. [C:\Users\fallo\Desktop\CECS 440\Lab 5\Lab5\Lab5.srcs\sources_1\new\aluout.v:]
WARNING: [filemgmt 56-199] Attempt to get parsing info during refresh. "On-the-fly" syntax checking information may be incorrect. [C:\Users\fallo\Desktop\CECS 440\Lab 5\Lab5\Lab5.srcs\sources_1\new\design.v:]
WARNING: [filemgmt 56-199] Attempt to get parsing info during refresh. "On-the-fly" syntax checking information may be incorrect. [C:\Users\fallo\Desktop\CECS 440\Lab 5\Lab5\Lab5.srcs\sources_1\new\alu.v:]
WARNING: [filemgmt 56-199] Attempt to get parsing info during refresh. "On-the-fly" syntax checking information may be incorrect. [C:\Users\fallo\Desktop\CECS 440\Lab 5\Lab5\Lab5.srcs\sources_1\new\alu.v:]
ERROR: [Common 17-180] Spawn failed: No error
WARNING: [filemgmt 56-199] Attempt to get parsing info during refresh. "On-the-fly" syntax checking information may be incorrect. [C:\Users\fallo\Desktop\CECS 440\Lab 5\Lab5\Lab5.srcs\sim_1\new\testbench_skeleton-lab5.v:]
WARNING: [filemgmt 56-199] Attempt to get parsing info during refresh. "On-the-fly" syntax checking information may be incorrect. [C:\Users\fallo\Desktop\CECS 440\Lab 5\Lab5\Lab5.srcs\sources_1\new\regfile.v:]
WARNING: [filemgmt 56-199] Attempt to get parsing info during refresh. "On-the-fly" syntax checking information may be incorrect. [C:\Users\fallo\Desktop\CECS 440\Lab 5\Lab5\Lab5.srcs\sources_1\new\alu.v:]
WARNING: [filemgmt 56-199] Attempt to get parsing info during refresh. "On-the-fly" syntax checking information may be incorrect. [C:\Users\fallo\Desktop\CECS 440\Lab 5\Lab5\Lab5.srcs\sources_1\new\aluout.v:]
WARNING: [filemgmt 56-199] Attempt to get parsing info during refresh. "On-the-fly" syntax checking information may be incorrect. [C:\Users\fallo\Desktop\CECS 440\Lab 5\Lab5\Lab5.srcs\sources_1\new\design.v:]
WARNING: [filemgmt 56-199] Attempt to get parsing info during refresh. "On-the-fly" syntax checking information may be incorrect. [C:\Users\fallo\Desktop\CECS 440\Lab 5\Lab5\Lab5.srcs\sim_1\new\testbench_skeleton-lab5.v:]
WARNING: [filemgmt 56-199] Attempt to get parsing info during refresh. "On-the-fly" syntax checking information may be incorrect. [C:\Users\fallo\Desktop\CECS 440\Lab 5\Lab5\Lab5.srcs\sim_1\new\testbench_skeleton-lab5.v:]
WARNING: [filemgmt 56-199] Attempt to get parsing info during refresh. "On-the-fly" syntax checking information may be incorrect. [C:\Users\fallo\Desktop\CECS 440\Lab 5\Lab5\Lab5.srcs\sim_1\new\testbench_skeleton-lab5.v:]
WARNING: [filemgmt 56-199] Attempt to get parsing info during refresh. "On-the-fly" syntax checking information may be incorrect. [C:\Users\fallo\Desktop\CECS 440\Lab 5\Lab5\Lab5.srcs\sources_1\new\regfile.v:]
WARNING: [filemgmt 56-199] Attempt to get parsing info during refresh. "On-the-fly" syntax checking information may be incorrect. [C:\Users\fallo\Desktop\CECS 440\Lab 5\Lab5\Lab5.srcs\sources_1\new\alu.v:]
WARNING: [filemgmt 56-199] Attempt to get parsing info during refresh. "On-the-fly" syntax checking information may be incorrect. [C:\Users\fallo\Desktop\CECS 440\Lab 5\Lab5\Lab5.srcs\sources_1\new\aluout.v:]
WARNING: [filemgmt 56-199] Attempt to get parsing info during refresh. "On-the-fly" syntax checking information may be incorrect. [C:\Users\fallo\Desktop\CECS 440\Lab 5\Lab5\Lab5.srcs\sources_1\new\design.v:]
WARNING: [filemgmt 56-199] Attempt to get parsing info during refresh. "On-the-fly" syntax checking information may be incorrect. [C:\Users\fallo\Desktop\CECS 440\Lab 5\Lab5\Lab5.srcs\sources_1\new\aluout.v:]
WARNING: [filemgmt 56-199] Attempt to get parsing info during refresh. "On-the-fly" syntax checking information may be incorrect. [C:\Users\fallo\Desktop\CECS 440\Lab 5\Lab5\Lab5.srcs\sources_1\new\aluout.v:]
WARNING: [filemgmt 56-199] Attempt to get parsing info during refresh. "On-the-fly" syntax checking information may be incorrect. [C:\Users\fallo\Desktop\CECS 440\Lab 5\Lab5\Lab5.srcs\sim_1\new\testbench_skeleton-lab5.v:]
WARNING: [filemgmt 56-199] Attempt to get parsing info during refresh. "On-the-fly" syntax checking information may be incorrect. [C:\Users\fallo\Desktop\CECS 440\Lab 5\Lab5\Lab5.srcs\sources_1\new\regfile.v:]
WARNING: [filemgmt 56-199] Attempt to get parsing info during refresh. "On-the-fly" syntax checking information may be incorrect. [C:\Users\fallo\Desktop\CECS 440\Lab 5\Lab5\Lab5.srcs\sources_1\new\alu.v:]
WARNING: [filemgmt 56-199] Attempt to get parsing info during refresh. "On-the-fly" syntax checking information may be incorrect. [C:\Users\fallo\Desktop\CECS 440\Lab 5\Lab5\Lab5.srcs\sources_1\new\aluout.v:]
WARNING: [filemgmt 56-199] Attempt to get parsing info during refresh. "On-the-fly" syntax checking information may be incorrect. [C:\Users\fallo\Desktop\CECS 440\Lab 5\Lab5\Lab5.srcs\sources_1\new\design.v:]
WARNING: [filemgmt 56-199] Attempt to get parsing info during refresh. "On-the-fly" syntax checking information may be incorrect. [C:\Users\fallo\Desktop\CECS 440\Lab 5\Lab5\Lab5.srcs\sources_1\new\alu.v:]
WARNING: [filemgmt 56-199] Attempt to get parsing info during refresh. "On-the-fly" syntax checking information may be incorrect. [C:\Users\fallo\Desktop\CECS 440\Lab 5\Lab5\Lab5.srcs\sources_1\new\alu.v:]
WARNING: [filemgmt 56-199] Attempt to get parsing info during refresh. "On-the-fly" syntax checking information may be incorrect. [C:\Users\fallo\Desktop\CECS 440\Lab 5\Lab5\Lab5.srcs\sim_1\new\testbench_skeleton-lab5.v:]
WARNING: [filemgmt 56-199] Attempt to get parsing info during refresh. "On-the-fly" syntax checking information may be incorrect. [C:\Users\fallo\Desktop\CECS 440\Lab 5\Lab5\Lab5.srcs\sources_1\new\regfile.v:]
WARNING: [filemgmt 56-199] Attempt to get parsing info during refresh. "On-the-fly" syntax checking information may be incorrect. [C:\Users\fallo\Desktop\CECS 440\Lab 5\Lab5\Lab5.srcs\sources_1\new\alu.v:]
WARNING: [filemgmt 56-199] Attempt to get parsing info during refresh. "On-the-fly" syntax checking information may be incorrect. [C:\Users\fallo\Desktop\CECS 440\Lab 5\Lab5\Lab5.srcs\sources_1\new\aluout.v:]
WARNING: [filemgmt 56-199] Attempt to get parsing info during refresh. "On-the-fly" syntax checking information may be incorrect. [C:\Users\fallo\Desktop\CECS 440\Lab 5\Lab5\Lab5.srcs\sources_1\new\design.v:]
WARNING: [filemgmt 56-199] Attempt to get parsing info during refresh. "On-the-fly" syntax checking information may be incorrect. [C:\Users\fallo\Desktop\CECS 440\Lab 5\Lab5\Lab5.srcs\sources_1\new\design.v:]
WARNING: [filemgmt 56-199] Attempt to get parsing info during refresh. "On-the-fly" syntax checking information may be incorrect. [C:\Users\fallo\Desktop\CECS 440\Lab 5\Lab5\Lab5.srcs\sources_1\new\design.v:]
ERROR: [Common 17-180] Spawn failed: No error
update_compile_order -fileset sources_1
WARNING: [filemgmt 56-199] Attempt to get parsing info during refresh. "On-the-fly" syntax checking information may be incorrect. [C:\Users\fallo\Desktop\CECS 440\Lab 5\Lab5\Lab5.srcs\sim_1\new\testbench_skeleton-lab5.v:]
WARNING: [filemgmt 56-199] Attempt to get parsing info during refresh. "On-the-fly" syntax checking information may be incorrect. [C:\Users\fallo\Desktop\CECS 440\Lab 5\Lab5\Lab5.srcs\sources_1\new\regfile.v:]
WARNING: [filemgmt 56-199] Attempt to get parsing info during refresh. "On-the-fly" syntax checking information may be incorrect. [C:\Users\fallo\Desktop\CECS 440\Lab 5\Lab5\Lab5.srcs\sources_1\new\alu.v:]
WARNING: [filemgmt 56-199] Attempt to get parsing info during refresh. "On-the-fly" syntax checking information may be incorrect. [C:\Users\fallo\Desktop\CECS 440\Lab 5\Lab5\Lab5.srcs\sources_1\new\aluout.v:]
WARNING: [filemgmt 56-199] Attempt to get parsing info during refresh. "On-the-fly" syntax checking information may be incorrect. [C:\Users\fallo\Desktop\CECS 440\Lab 5\Lab5\Lab5.srcs\sources_1\new\design.v:]
WARNING: [filemgmt 56-199] Attempt to get parsing info during refresh. "On-the-fly" syntax checking information may be incorrect. [C:\Users\fallo\Desktop\CECS 440\Lab 5\Lab5\Lab5.srcs\sim_1\new\testbench_skeleton-lab5.v:]
WARNING: [filemgmt 56-199] Attempt to get parsing info during refresh. "On-the-fly" syntax checking information may be incorrect. [C:\Users\fallo\Desktop\CECS 440\Lab 5\Lab5\Lab5.srcs\sim_1\new\testbench_skeleton-lab5.v:]
WARNING: [filemgmt 56-199] Attempt to get parsing info during refresh. "On-the-fly" syntax checking information may be incorrect. [C:\Users\fallo\Desktop\CECS 440\Lab 5\Lab5\Lab5.srcs\sim_1\new\testbench_skeleton-lab5.v:]
WARNING: [filemgmt 56-199] Attempt to get parsing info during refresh. "On-the-fly" syntax checking information may be incorrect. [C:\Users\fallo\Desktop\CECS 440\Lab 5\Lab5\Lab5.srcs\sources_1\new\regfile.v:]
WARNING: [filemgmt 56-199] Attempt to get parsing info during refresh. "On-the-fly" syntax checking information may be incorrect. [C:\Users\fallo\Desktop\CECS 440\Lab 5\Lab5\Lab5.srcs\sources_1\new\alu.v:]
WARNING: [filemgmt 56-199] Attempt to get parsing info during refresh. "On-the-fly" syntax checking information may be incorrect. [C:\Users\fallo\Desktop\CECS 440\Lab 5\Lab5\Lab5.srcs\sources_1\new\aluout.v:]
WARNING: [filemgmt 56-199] Attempt to get parsing info during refresh. "On-the-fly" syntax checking information may be incorrect. [C:\Users\fallo\Desktop\CECS 440\Lab 5\Lab5\Lab5.srcs\sources_1\new\design.v:]
WARNING: [filemgmt 56-199] Attempt to get parsing info during refresh. "On-the-fly" syntax checking information may be incorrect. [C:\Users\fallo\Desktop\CECS 440\Lab 5\Lab5\Lab5.srcs\sources_1\new\aluout.v:]
WARNING: [filemgmt 56-199] Attempt to get parsing info during refresh. "On-the-fly" syntax checking information may be incorrect. [C:\Users\fallo\Desktop\CECS 440\Lab 5\Lab5\Lab5.srcs\sources_1\new\aluout.v:]
WARNING: [filemgmt 56-199] Attempt to get parsing info during refresh. "On-the-fly" syntax checking information may be incorrect. [C:\Users\fallo\Desktop\CECS 440\Lab 5\Lab5\Lab5.srcs\sim_1\new\testbench_skeleton-lab5.v:]
WARNING: [filemgmt 56-199] Attempt to get parsing info during refresh. "On-the-fly" syntax checking information may be incorrect. [C:\Users\fallo\Desktop\CECS 440\Lab 5\Lab5\Lab5.srcs\sources_1\new\regfile.v:]
WARNING: [filemgmt 56-199] Attempt to get parsing info during refresh. "On-the-fly" syntax checking information may be incorrect. [C:\Users\fallo\Desktop\CECS 440\Lab 5\Lab5\Lab5.srcs\sources_1\new\alu.v:]
WARNING: [filemgmt 56-199] Attempt to get parsing info during refresh. "On-the-fly" syntax checking information may be incorrect. [C:\Users\fallo\Desktop\CECS 440\Lab 5\Lab5\Lab5.srcs\sources_1\new\aluout.v:]
WARNING: [filemgmt 56-199] Attempt to get parsing info during refresh. "On-the-fly" syntax checking information may be incorrect. [C:\Users\fallo\Desktop\CECS 440\Lab 5\Lab5\Lab5.srcs\sources_1\new\design.v:]
WARNING: [filemgmt 56-199] Attempt to get parsing info during refresh. "On-the-fly" syntax checking information may be incorrect. [C:\Users\fallo\Desktop\CECS 440\Lab 5\Lab5\Lab5.srcs\sources_1\new\alu.v:]
close_sim
INFO: [Simtcl 6-16] Simulation closed
launch_simulation
Command: launch_simulation 
INFO: [Vivado 12-12493] Simulation top is 'datapathTester'
WARNING: [Vivado 12-13340] Unable to auto find GCC executables from simulator install path! (path not set)
INFO: [Vivado 12-5682] Launching behavioral simulation in 'C:/Users/fallo/Desktop/CECS 440/Lab 5/Lab5/Lab5.sim/sim_1/behav/xsim'
INFO: [SIM-utils-51] Simulation object is 'sim_1'
INFO: [SIM-utils-72] Using boost library from 'E:/Vivado/2024.2/tps/boost_1_72_0'
INFO: [SIM-utils-54] Inspecting design source files for 'datapathTester' in fileset 'sim_1'...
INFO: [USF-XSim-97] Finding global include files...
INFO: [USF-XSim-98] Fetching design files from 'sim_1'...
INFO: [USF-XSim-2] XSim::Compile design
INFO: [USF-XSim-61] Executing 'COMPILE and ANALYZE' step in 'C:/Users/fallo/Desktop/CECS 440/Lab 5/Lab5/Lab5.sim/sim_1/behav/xsim'
"xvlog --incr --relax -prj datapathTester_vlog.prj"
INFO: [VRFC 10-2263] Analyzing Verilog file "C:/Users/fallo/Desktop/CECS 440/Lab 5/Lab5/Lab5.srcs/sources_1/new/alu.v" into library xil_defaultlib
INFO: [VRFC 10-311] analyzing module alu
INFO: [VRFC 10-2263] Analyzing Verilog file "C:/Users/fallo/Desktop/CECS 440/Lab 5/Lab5/Lab5.srcs/sources_1/new/design.v" into library xil_defaultlib
INFO: [VRFC 10-311] analyzing module regfile
INFO: [VRFC 10-311] analyzing module aluout
INFO: [VRFC 10-311] analyzing module alu
WARNING: [VRFC 10-3609] overwriting previous definition of module 'alu' [C:/Users/fallo/Desktop/CECS 440/Lab 5/Lab5/Lab5.srcs/sources_1/new/alu.v:8]
INFO: [VRFC 10-311] analyzing module simple_datapath
INFO: [VRFC 10-2263] Analyzing Verilog file "C:/Users/fallo/Desktop/CECS 440/Lab 5/Lab5/Lab5.srcs/sources_1/new/regfile.v" into library xil_defaultlib
INFO: [VRFC 10-311] analyzing module regfile
WARNING: [VRFC 10-3609] overwriting previous definition of module 'regfile' [C:/Users/fallo/Desktop/CECS 440/Lab 5/Lab5/Lab5.srcs/sources_1/new/regfile.v:5]
INFO: [VRFC 10-2263] Analyzing Verilog file "C:/Users/fallo/Desktop/CECS 440/Lab 5/Lab5/Lab5.srcs/sim_1/new/testbench_skeleton-lab5.v" into library xil_defaultlib
INFO: [VRFC 10-311] analyzing module datapathTester
INFO: [USF-XSim-69] 'compile' step finished in '2' seconds
INFO: [USF-XSim-3] XSim::Elaborate design
INFO: [USF-XSim-61] Executing 'ELABORATE' step in 'C:/Users/fallo/Desktop/CECS 440/Lab 5/Lab5/Lab5.sim/sim_1/behav/xsim'
"xelab --incr --debug typical --relax --mt 2 -L xil_defaultlib -L unisims_ver -L unimacro_ver -L secureip --snapshot datapathTester_behav xil_defaultlib.datapathTester xil_defaultlib.glbl -log elaborate.log"
Vivado Simulator v2024.2.0
Copyright 1986-2022 Xilinx, Inc. All Rights Reserved.
Copyright 2022-2024 Advanced Micro Devices, Inc. All Rights Reserved.
Running: E:/Vivado/2024.2/bin/unwrapped/win64.o/xelab.exe --incr --debug typical --relax --mt 2 -L xil_defaultlib -L unisims_ver -L unimacro_ver -L secureip --snapshot datapathTester_behav xil_defaultlib.datapathTester xil_defaultlib.glbl -log elaborate.log 
Using 2 slave threads.
Starting static elaboration
Pass Through NonSizing Optimizer
WARNING: [VRFC 10-3091] actual bit length 1 differs from formal bit length 32 for port 'y' [C:/Users/fallo/Desktop/CECS 440/Lab 5/Lab5/Lab5.srcs/sources_1/new/design.v:36]
WARNING: [VRFC 10-5021] port 'op_code' is not connected on this instance [C:/Users/fallo/Desktop/CECS 440/Lab 5/Lab5/Lab5.srcs/sim_1/new/testbench_skeleton-lab5.v:14]
Completed static elaboration
Starting simulation data flow analysis
Completed simulation data flow analysis
Time Resolution for simulation is 1ps
Compiling module xil_defaultlib.regfile
Compiling module xil_defaultlib.alu(width=32)
Compiling module xil_defaultlib.simple_datapath
Compiling module xil_defaultlib.datapathTester
Compiling module xil_defaultlib.glbl
Built simulation snapshot datapathTester_behav
INFO: [USF-XSim-69] 'elaborate' step finished in '1' seconds
INFO: [USF-XSim-4] XSim::Simulate design
INFO: [USF-XSim-61] Executing 'SIMULATE' step in 'C:/Users/fallo/Desktop/CECS 440/Lab 5/Lab5/Lab5.sim/sim_1/behav/xsim'
INFO: [USF-XSim-98] *** Running xsim
   with args "datapathTester_behav -key {Behavioral:sim_1:Functional:datapathTester} -tclbatch {datapathTester.tcl} -log {simulate.log}"
INFO: [USF-XSim-8] Loading simulator feature
Time resolution is 1 ps
source datapathTester.tcl
# set curr_wave [current_wave_config]
# if { [string length $curr_wave] == 0 } {
#   if { [llength [get_objects]] > 0} {
#     add_wave /
#     set_property needs_save false [current_wave_config]
#   } else {
#      send_msg_id Add_Wave-1 WARNING "No top level signals found. Simulator will start without a wave window. If you want to open a wave window go to 'File->New Waveform Configuration' or type 'create_wave_config' in the TCL console."
#   }
# }
# run 1000ns
Registers Initialized!
	Register	Content
          0	0x00000000
          1	0xffff0000
          2	0x0a0a0a0a
          3	0x000001f4
          4	0x000003e8
          5	0x00000005
          6	0x00000006
          7	0x00000007
          8	0x00000008
          9	0x00000009
         10	0x0000000a
         11	0x0000000b
         12	0x0000000c
         13	0x0000000d
         14	0x0000000e
         15	0x0000000f
         16	0x00000010
         17	0x00000011
         18	0x00000012
         19	0x00000013
         20	0x00000014
         21	0x00000015
         22	0x00000016
         23	0x00000017
         24	0x00000018
         25	0x00000019
         26	0x0000001a
         27	0x0000001b
         28	0x0000001c
         29	0x0000001d
         30	0x0000001e
         31	0x0000001f

Checking test case
srca =          x, srcb =          x
add $ALUout, $11, $ 4 performed
sum =          z
Test Failed!!!

Checking test case
srca =          x, srcb =          x
increment $ALUout, $11 performed
d_out =          z
Test Failed!!!

Checking test case
srca = xxxxxxxx, srcb = xxxxxxxx
and $ALUout, $ 1, $10 performed
d_out = zzzzzzzz
Test Failed!!!

Checking test case
srca = xxxxxxxx, srcb = xxxxxxxx
or $ALUout, $ 1, $10 performed
d_out = zzzzzzzz
Test Failed!!!

Checking test case
srca = xxxxxxxx, srcb = xxxxxxxx
xor $ALUout, $10, $ 1 performed
d_out = zzzzzzzz
Test Failed!!!

Checking test case
srca = xxxxxxxx, srcb = xxxxxxxx
not $ALUout, $10 performed
d_out = zzzzzzzz
Test Failed!!!

Checking test case
srca =          x, srcb =          x
sll $ALUout, $ 4, performed
d_out =          z
Test Failed!!!

Checking test case
srca = xxxxxxxx, srcb = xxxxxxxx
nop operation performed
d_out = zzzzzzzz
Test Failed!!!
$finish called at time : 146 ns : File "C:/Users/fallo/Desktop/CECS 440/Lab 5/Lab5/Lab5.srcs/sim_1/new/testbench_skeleton-lab5.v" Line 105
INFO: [USF-XSim-96] XSim completed. Design snapshot 'datapathTester_behav' loaded.
INFO: [USF-XSim-97] XSim simulation ran for 1000ns
WARNING: [filemgmt 56-199] Attempt to get parsing info during refresh. "On-the-fly" syntax checking information may be incorrect. [C:\Users\fallo\Desktop\CECS 440\Lab 5\Lab5\Lab5.srcs\sim_1\new\testbench_skeleton-lab5.v:]
WARNING: [filemgmt 56-199] Attempt to get parsing info during refresh. "On-the-fly" syntax checking information may be incorrect. [C:\Users\fallo\Desktop\CECS 440\Lab 5\Lab5\Lab5.srcs\sources_1\new\regfile.v:]
WARNING: [filemgmt 56-199] Attempt to get parsing info during refresh. "On-the-fly" syntax checking information may be incorrect. [C:\Users\fallo\Desktop\CECS 440\Lab 5\Lab5\Lab5.srcs\sources_1\new\alu.v:]
WARNING: [filemgmt 56-199] Attempt to get parsing info during refresh. "On-the-fly" syntax checking information may be incorrect. [C:\Users\fallo\Desktop\CECS 440\Lab 5\Lab5\Lab5.srcs\sources_1\new\aluout.v:]
WARNING: [filemgmt 56-199] Attempt to get parsing info during refresh. "On-the-fly" syntax checking information may be incorrect. [C:\Users\fallo\Desktop\CECS 440\Lab 5\Lab5\Lab5.srcs\sources_1\new\design.v:]
WARNING: [filemgmt 56-199] Attempt to get parsing info during refresh. "On-the-fly" syntax checking information may be incorrect. [C:\Users\fallo\Desktop\CECS 440\Lab 5\Lab5\Lab5.srcs\sim_1\new\testbench_skeleton-lab5.v:]
WARNING: [filemgmt 56-199] Attempt to get parsing info during refresh. "On-the-fly" syntax checking information may be incorrect. [C:\Users\fallo\Desktop\CECS 440\Lab 5\Lab5\Lab5.srcs\sim_1\new\testbench_skeleton-lab5.v:]
WARNING: [filemgmt 56-199] Attempt to get parsing info during refresh. "On-the-fly" syntax checking information may be incorrect. [C:\Users\fallo\Desktop\CECS 440\Lab 5\Lab5\Lab5.srcs\sim_1\new\testbench_skeleton-lab5.v:]
WARNING: [filemgmt 56-199] Attempt to get parsing info during refresh. "On-the-fly" syntax checking information may be incorrect. [C:\Users\fallo\Desktop\CECS 440\Lab 5\Lab5\Lab5.srcs\sources_1\new\regfile.v:]
WARNING: [filemgmt 56-199] Attempt to get parsing info during refresh. "On-the-fly" syntax checking information may be incorrect. [C:\Users\fallo\Desktop\CECS 440\Lab 5\Lab5\Lab5.srcs\sources_1\new\alu.v:]
WARNING: [filemgmt 56-199] Attempt to get parsing info during refresh. "On-the-fly" syntax checking information may be incorrect. [C:\Users\fallo\Desktop\CECS 440\Lab 5\Lab5\Lab5.srcs\sources_1\new\aluout.v:]
WARNING: [filemgmt 56-199] Attempt to get parsing info during refresh. "On-the-fly" syntax checking information may be incorrect. [C:\Users\fallo\Desktop\CECS 440\Lab 5\Lab5\Lab5.srcs\sources_1\new\design.v:]
WARNING: [filemgmt 56-199] Attempt to get parsing info during refresh. "On-the-fly" syntax checking information may be incorrect. [C:\Users\fallo\Desktop\CECS 440\Lab 5\Lab5\Lab5.srcs\sources_1\new\aluout.v:]
WARNING: [filemgmt 56-199] Attempt to get parsing info during refresh. "On-the-fly" syntax checking information may be incorrect. [C:\Users\fallo\Desktop\CECS 440\Lab 5\Lab5\Lab5.srcs\sources_1\new\aluout.v:]
ERROR: [Common 17-180] Spawn failed: No error
WARNING: [filemgmt 56-199] Attempt to get parsing info during refresh. "On-the-fly" syntax checking information may be incorrect. [C:\Users\fallo\Desktop\CECS 440\Lab 5\Lab5\Lab5.srcs\sim_1\new\testbench_skeleton-lab5.v:]
WARNING: [filemgmt 56-199] Attempt to get parsing info during refresh. "On-the-fly" syntax checking information may be incorrect. [C:\Users\fallo\Desktop\CECS 440\Lab 5\Lab5\Lab5.srcs\sources_1\new\regfile.v:]
WARNING: [filemgmt 56-199] Attempt to get parsing info during refresh. "On-the-fly" syntax checking information may be incorrect. [C:\Users\fallo\Desktop\CECS 440\Lab 5\Lab5\Lab5.srcs\sources_1\new\alu.v:]
WARNING: [filemgmt 56-199] Attempt to get parsing info during refresh. "On-the-fly" syntax checking information may be incorrect. [C:\Users\fallo\Desktop\CECS 440\Lab 5\Lab5\Lab5.srcs\sources_1\new\aluout.v:]
WARNING: [filemgmt 56-199] Attempt to get parsing info during refresh. "On-the-fly" syntax checking information may be incorrect. [C:\Users\fallo\Desktop\CECS 440\Lab 5\Lab5\Lab5.srcs\sources_1\new\design.v:]
WARNING: [filemgmt 56-199] Attempt to get parsing info during refresh. "On-the-fly" syntax checking information may be incorrect. [C:\Users\fallo\Desktop\CECS 440\Lab 5\Lab5\Lab5.srcs\sources_1\new\design.v:]
WARNING: [filemgmt 56-199] Attempt to get parsing info during refresh. "On-the-fly" syntax checking information may be incorrect. [C:\Users\fallo\Desktop\CECS 440\Lab 5\Lab5\Lab5.srcs\sources_1\new\design.v:]
WARNING: [filemgmt 56-199] Attempt to get parsing info during refresh. "On-the-fly" syntax checking information may be incorrect. [C:\Users\fallo\Desktop\CECS 440\Lab 5\Lab5\Lab5.srcs\sim_1\new\testbench_skeleton-lab5.v:]
WARNING: [filemgmt 56-199] Attempt to get parsing info during refresh. "On-the-fly" syntax checking information may be incorrect. [C:\Users\fallo\Desktop\CECS 440\Lab 5\Lab5\Lab5.srcs\sources_1\new\regfile.v:]
WARNING: [filemgmt 56-199] Attempt to get parsing info during refresh. "On-the-fly" syntax checking information may be incorrect. [C:\Users\fallo\Desktop\CECS 440\Lab 5\Lab5\Lab5.srcs\sources_1\new\alu.v:]
WARNING: [filemgmt 56-199] Attempt to get parsing info during refresh. "On-the-fly" syntax checking information may be incorrect. [C:\Users\fallo\Desktop\CECS 440\Lab 5\Lab5\Lab5.srcs\sources_1\new\aluout.v:]
WARNING: [filemgmt 56-199] Attempt to get parsing info during refresh. "On-the-fly" syntax checking information may be incorrect. [C:\Users\fallo\Desktop\CECS 440\Lab 5\Lab5\Lab5.srcs\sources_1\new\design.v:]
WARNING: [filemgmt 56-199] Attempt to get parsing info during refresh. "On-the-fly" syntax checking information may be incorrect. [C:\Users\fallo\Desktop\CECS 440\Lab 5\Lab5\Lab5.srcs\sources_1\new\alu.v:]
WARNING: [filemgmt 56-199] Attempt to get parsing info during refresh. "On-the-fly" syntax checking information may be incorrect. [C:\Users\fallo\Desktop\CECS 440\Lab 5\Lab5\Lab5.srcs\sources_1\new\alu.v:]
update_compile_order -fileset sources_1
ERROR: [Common 17-180] Spawn failed: No error
WARNING: [filemgmt 56-199] Attempt to get parsing info during refresh. "On-the-fly" syntax checking information may be incorrect. [C:\Users\fallo\Desktop\CECS 440\Lab 5\Lab5\Lab5.srcs\sim_1\new\testbench_skeleton-lab5.v:]
WARNING: [filemgmt 56-199] Attempt to get parsing info during refresh. "On-the-fly" syntax checking information may be incorrect. [C:\Users\fallo\Desktop\CECS 440\Lab 5\Lab5\Lab5.srcs\sources_1\new\regfile.v:]
WARNING: [filemgmt 56-199] Attempt to get parsing info during refresh. "On-the-fly" syntax checking information may be incorrect. [C:\Users\fallo\Desktop\CECS 440\Lab 5\Lab5\Lab5.srcs\sources_1\new\alu.v:]
WARNING: [filemgmt 56-199] Attempt to get parsing info during refresh. "On-the-fly" syntax checking information may be incorrect. [C:\Users\fallo\Desktop\CECS 440\Lab 5\Lab5\Lab5.srcs\sources_1\new\aluout.v:]
WARNING: [filemgmt 56-199] Attempt to get parsing info during refresh. "On-the-fly" syntax checking information may be incorrect. [C:\Users\fallo\Desktop\CECS 440\Lab 5\Lab5\Lab5.srcs\sources_1\new\design.v:]
WARNING: [filemgmt 56-199] Attempt to get parsing info during refresh. "On-the-fly" syntax checking information may be incorrect. [C:\Users\fallo\Desktop\CECS 440\Lab 5\Lab5\Lab5.srcs\sim_1\new\testbench_skeleton-lab5.v:]
WARNING: [filemgmt 56-199] Attempt to get parsing info during refresh. "On-the-fly" syntax checking information may be incorrect. [C:\Users\fallo\Desktop\CECS 440\Lab 5\Lab5\Lab5.srcs\sim_1\new\testbench_skeleton-lab5.v:]
WARNING: [filemgmt 56-199] Attempt to get parsing info during refresh. "On-the-fly" syntax checking information may be incorrect. [C:\Users\fallo\Desktop\CECS 440\Lab 5\Lab5\Lab5.srcs\sim_1\new\testbench_skeleton-lab5.v:]
WARNING: [filemgmt 56-199] Attempt to get parsing info during refresh. "On-the-fly" syntax checking information may be incorrect. [C:\Users\fallo\Desktop\CECS 440\Lab 5\Lab5\Lab5.srcs\sources_1\new\regfile.v:]
WARNING: [filemgmt 56-199] Attempt to get parsing info during refresh. "On-the-fly" syntax checking information may be incorrect. [C:\Users\fallo\Desktop\CECS 440\Lab 5\Lab5\Lab5.srcs\sources_1\new\alu.v:]
WARNING: [filemgmt 56-199] Attempt to get parsing info during refresh. "On-the-fly" syntax checking information may be incorrect. [C:\Users\fallo\Desktop\CECS 440\Lab 5\Lab5\Lab5.srcs\sources_1\new\aluout.v:]
WARNING: [filemgmt 56-199] Attempt to get parsing info during refresh. "On-the-fly" syntax checking information may be incorrect. [C:\Users\fallo\Desktop\CECS 440\Lab 5\Lab5\Lab5.srcs\sources_1\new\design.v:]
WARNING: [filemgmt 56-199] Attempt to get parsing info during refresh. "On-the-fly" syntax checking information may be incorrect. [C:\Users\fallo\Desktop\CECS 440\Lab 5\Lab5\Lab5.srcs\sources_1\new\aluout.v:]
WARNING: [filemgmt 56-199] Attempt to get parsing info during refresh. "On-the-fly" syntax checking information may be incorrect. [C:\Users\fallo\Desktop\CECS 440\Lab 5\Lab5\Lab5.srcs\sources_1\new\aluout.v:]
WARNING: [filemgmt 56-199] Attempt to get parsing info during refresh. "On-the-fly" syntax checking information may be incorrect. [C:\Users\fallo\Desktop\CECS 440\Lab 5\Lab5\Lab5.srcs\sim_1\new\testbench_skeleton-lab5.v:]
WARNING: [filemgmt 56-199] Attempt to get parsing info during refresh. "On-the-fly" syntax checking information may be incorrect. [C:\Users\fallo\Desktop\CECS 440\Lab 5\Lab5\Lab5.srcs\sources_1\new\regfile.v:]
WARNING: [filemgmt 56-199] Attempt to get parsing info during refresh. "On-the-fly" syntax checking information may be incorrect. [C:\Users\fallo\Desktop\CECS 440\Lab 5\Lab5\Lab5.srcs\sources_1\new\alu.v:]
WARNING: [filemgmt 56-199] Attempt to get parsing info during refresh. "On-the-fly" syntax checking information may be incorrect. [C:\Users\fallo\Desktop\CECS 440\Lab 5\Lab5\Lab5.srcs\sources_1\new\aluout.v:]
WARNING: [filemgmt 56-199] Attempt to get parsing info during refresh. "On-the-fly" syntax checking information may be incorrect. [C:\Users\fallo\Desktop\CECS 440\Lab 5\Lab5\Lab5.srcs\sources_1\new\design.v:]
WARNING: [filemgmt 56-199] Attempt to get parsing info during refresh. "On-the-fly" syntax checking information may be incorrect. [C:\Users\fallo\Desktop\CECS 440\Lab 5\Lab5\Lab5.srcs\sources_1\new\design.v:]
WARNING: [filemgmt 56-199] Attempt to get parsing info during refresh. "On-the-fly" syntax checking information may be incorrect. [C:\Users\fallo\Desktop\CECS 440\Lab 5\Lab5\Lab5.srcs\sources_1\new\design.v:]
WARNING: [filemgmt 56-199] Attempt to get parsing info during refresh. "On-the-fly" syntax checking information may be incorrect. [C:\Users\fallo\Desktop\CECS 440\Lab 5\Lab5\Lab5.srcs\sim_1\new\testbench_skeleton-lab5.v:]
WARNING: [filemgmt 56-199] Attempt to get parsing info during refresh. "On-the-fly" syntax checking information may be incorrect. [C:\Users\fallo\Desktop\CECS 440\Lab 5\Lab5\Lab5.srcs\sources_1\new\regfile.v:]
WARNING: [filemgmt 56-199] Attempt to get parsing info during refresh. "On-the-fly" syntax checking information may be incorrect. [C:\Users\fallo\Desktop\CECS 440\Lab 5\Lab5\Lab5.srcs\sources_1\new\alu.v:]
WARNING: [filemgmt 56-199] Attempt to get parsing info during refresh. "On-the-fly" syntax checking information may be incorrect. [C:\Users\fallo\Desktop\CECS 440\Lab 5\Lab5\Lab5.srcs\sources_1\new\aluout.v:]
WARNING: [filemgmt 56-199] Attempt to get parsing info during refresh. "On-the-fly" syntax checking information may be incorrect. [C:\Users\fallo\Desktop\CECS 440\Lab 5\Lab5\Lab5.srcs\sources_1\new\design.v:]
WARNING: [filemgmt 56-199] Attempt to get parsing info during refresh. "On-the-fly" syntax checking information may be incorrect. [C:\Users\fallo\Desktop\CECS 440\Lab 5\Lab5\Lab5.srcs\sources_1\new\alu.v:]
WARNING: [filemgmt 56-199] Attempt to get parsing info during refresh. "On-the-fly" syntax checking information may be incorrect. [C:\Users\fallo\Desktop\CECS 440\Lab 5\Lab5\Lab5.srcs\sources_1\new\alu.v:]
close_sim
ERROR: [Common 17-180] Spawn failed: No error
INFO: [Simtcl 6-16] Simulation closed
ERROR: [Common 17-39] 'close_sim' failed due to earlier errors.
launch_simulation
Command: launch_simulation 
INFO: [Vivado 12-12493] Simulation top is 'datapathTester'
WARNING: [Vivado 12-13340] Unable to auto find GCC executables from simulator install path! (path not set)
INFO: [Vivado 12-5682] Launching behavioral simulation in 'C:/Users/fallo/Desktop/CECS 440/Lab 5/Lab5/Lab5.sim/sim_1/behav/xsim'
INFO: [SIM-utils-51] Simulation object is 'sim_1'
INFO: [SIM-utils-72] Using boost library from 'E:/Vivado/2024.2/tps/boost_1_72_0'
INFO: [SIM-utils-54] Inspecting design source files for 'datapathTester' in fileset 'sim_1'...
INFO: [USF-XSim-97] Finding global include files...
INFO: [USF-XSim-98] Fetching design files from 'sim_1'...
INFO: [USF-XSim-2] XSim::Compile design
INFO: [USF-XSim-61] Executing 'COMPILE and ANALYZE' step in 'C:/Users/fallo/Desktop/CECS 440/Lab 5/Lab5/Lab5.sim/sim_1/behav/xsim'
"xvlog --incr --relax -prj datapathTester_vlog.prj"
INFO: [VRFC 10-2263] Analyzing Verilog file "C:/Users/fallo/Desktop/CECS 440/Lab 5/Lab5/Lab5.srcs/sources_1/new/alu.v" into library xil_defaultlib
INFO: [VRFC 10-311] analyzing module alu
INFO: [VRFC 10-2263] Analyzing Verilog file "C:/Users/fallo/Desktop/CECS 440/Lab 5/Lab5/Lab5.srcs/sources_1/new/aluout.v" into library xil_defaultlib
INFO: [VRFC 10-311] analyzing module aluout
INFO: [VRFC 10-2263] Analyzing Verilog file "C:/Users/fallo/Desktop/CECS 440/Lab 5/Lab5/Lab5.srcs/sources_1/new/design.v" into library xil_defaultlib
INFO: [VRFC 10-311] analyzing module regfile
INFO: [VRFC 10-311] analyzing module aluout
WARNING: [VRFC 10-3609] overwriting previous definition of module 'aluout' [C:/Users/fallo/Desktop/CECS 440/Lab 5/Lab5/Lab5.srcs/sources_1/new/aluout.v:4]
INFO: [VRFC 10-311] analyzing module alu
WARNING: [VRFC 10-3609] overwriting previous definition of module 'alu' [C:/Users/fallo/Desktop/CECS 440/Lab 5/Lab5/Lab5.srcs/sources_1/new/alu.v:8]
INFO: [VRFC 10-311] analyzing module simple_datapath
ERROR: [VRFC 10-4982] syntax error near 'always' [C:/Users/fallo/Desktop/CECS 440/Lab 5/Lab5/Lab5.srcs/sources_1/new/design.v:43]
ERROR: [VRFC 10-8549] Verilog 2000 keyword 'always' used in incorrect context [C:/Users/fallo/Desktop/CECS 440/Lab 5/Lab5/Lab5.srcs/sources_1/new/design.v:43]
ERROR: [VRFC 10-8530] module 'simple_datapath' is ignored due to previous errors [C:/Users/fallo/Desktop/CECS 440/Lab 5/Lab5/Lab5.srcs/sources_1/new/design.v:7]
INFO: [USF-XSim-69] 'compile' step finished in '1' seconds
INFO: [USF-XSim-99] Step results log file:'C:/Users/fallo/Desktop/CECS 440/Lab 5/Lab5/Lab5.sim/sim_1/behav/xsim/xvlog.log'
ERROR: [USF-XSim-62] 'compile' step failed with error(s). Please check the Tcl console output or 'C:/Users/fallo/Desktop/CECS 440/Lab 5/Lab5/Lab5.sim/sim_1/behav/xsim/xvlog.log' file for more information.
ERROR: [Vivado 12-4473] Detected error while running simulation. Please correct the issue and retry this operation.
ERROR: [Common 17-39] 'launch_simulation' failed due to earlier errors.
WARNING: [filemgmt 56-199] Attempt to get parsing info during refresh. "On-the-fly" syntax checking information may be incorrect. [C:\Users\fallo\Desktop\CECS 440\Lab 5\Lab5\Lab5.srcs\sim_1\new\testbench_skeleton-lab5.v:]
WARNING: [filemgmt 56-199] Attempt to get parsing info during refresh. "On-the-fly" syntax checking information may be incorrect. [C:\Users\fallo\Desktop\CECS 440\Lab 5\Lab5\Lab5.srcs\sources_1\new\regfile.v:]
WARNING: [filemgmt 56-199] Attempt to get parsing info during refresh. "On-the-fly" syntax checking information may be incorrect. [C:\Users\fallo\Desktop\CECS 440\Lab 5\Lab5\Lab5.srcs\sources_1\new\alu.v:]
WARNING: [filemgmt 56-199] Attempt to get parsing info during refresh. "On-the-fly" syntax checking information may be incorrect. [C:\Users\fallo\Desktop\CECS 440\Lab 5\Lab5\Lab5.srcs\sources_1\new\aluout.v:]
WARNING: [filemgmt 56-199] Attempt to get parsing info during refresh. "On-the-fly" syntax checking information may be incorrect. [C:\Users\fallo\Desktop\CECS 440\Lab 5\Lab5\Lab5.srcs\sources_1\new\design.v:]
WARNING: [filemgmt 56-199] Attempt to get parsing info during refresh. "On-the-fly" syntax checking information may be incorrect. [C:\Users\fallo\Desktop\CECS 440\Lab 5\Lab5\Lab5.srcs\sim_1\new\testbench_skeleton-lab5.v:]
WARNING: [filemgmt 56-199] Attempt to get parsing info during refresh. "On-the-fly" syntax checking information may be incorrect. [C:\Users\fallo\Desktop\CECS 440\Lab 5\Lab5\Lab5.srcs\sim_1\new\testbench_skeleton-lab5.v:]
WARNING: [filemgmt 56-199] Attempt to get parsing info during refresh. "On-the-fly" syntax checking information may be incorrect. [C:\Users\fallo\Desktop\CECS 440\Lab 5\Lab5\Lab5.srcs\sim_1\new\testbench_skeleton-lab5.v:]
WARNING: [filemgmt 56-199] Attempt to get parsing info during refresh. "On-the-fly" syntax checking information may be incorrect. [C:\Users\fallo\Desktop\CECS 440\Lab 5\Lab5\Lab5.srcs\sources_1\new\regfile.v:]
WARNING: [filemgmt 56-199] Attempt to get parsing info during refresh. "On-the-fly" syntax checking information may be incorrect. [C:\Users\fallo\Desktop\CECS 440\Lab 5\Lab5\Lab5.srcs\sources_1\new\alu.v:]
WARNING: [filemgmt 56-199] Attempt to get parsing info during refresh. "On-the-fly" syntax checking information may be incorrect. [C:\Users\fallo\Desktop\CECS 440\Lab 5\Lab5\Lab5.srcs\sources_1\new\aluout.v:]
WARNING: [filemgmt 56-199] Attempt to get parsing info during refresh. "On-the-fly" syntax checking information may be incorrect. [C:\Users\fallo\Desktop\CECS 440\Lab 5\Lab5\Lab5.srcs\sources_1\new\design.v:]
WARNING: [filemgmt 56-199] Attempt to get parsing info during refresh. "On-the-fly" syntax checking information may be incorrect. [C:\Users\fallo\Desktop\CECS 440\Lab 5\Lab5\Lab5.srcs\sources_1\new\aluout.v:]
WARNING: [filemgmt 56-199] Attempt to get parsing info during refresh. "On-the-fly" syntax checking information may be incorrect. [C:\Users\fallo\Desktop\CECS 440\Lab 5\Lab5\Lab5.srcs\sources_1\new\aluout.v:]
WARNING: [filemgmt 56-199] Attempt to get parsing info during refresh. "On-the-fly" syntax checking information may be incorrect. [C:\Users\fallo\Desktop\CECS 440\Lab 5\Lab5\Lab5.srcs\sim_1\new\testbench_skeleton-lab5.v:]
WARNING: [filemgmt 56-199] Attempt to get parsing info during refresh. "On-the-fly" syntax checking information may be incorrect. [C:\Users\fallo\Desktop\CECS 440\Lab 5\Lab5\Lab5.srcs\sources_1\new\regfile.v:]
WARNING: [filemgmt 56-199] Attempt to get parsing info during refresh. "On-the-fly" syntax checking information may be incorrect. [C:\Users\fallo\Desktop\CECS 440\Lab 5\Lab5\Lab5.srcs\sources_1\new\alu.v:]
WARNING: [filemgmt 56-199] Attempt to get parsing info during refresh. "On-the-fly" syntax checking information may be incorrect. [C:\Users\fallo\Desktop\CECS 440\Lab 5\Lab5\Lab5.srcs\sources_1\new\aluout.v:]
WARNING: [filemgmt 56-199] Attempt to get parsing info during refresh. "On-the-fly" syntax checking information may be incorrect. [C:\Users\fallo\Desktop\CECS 440\Lab 5\Lab5\Lab5.srcs\sources_1\new\design.v:]
WARNING: [filemgmt 56-199] Attempt to get parsing info during refresh. "On-the-fly" syntax checking information may be incorrect. [C:\Users\fallo\Desktop\CECS 440\Lab 5\Lab5\Lab5.srcs\sources_1\new\design.v:]
WARNING: [filemgmt 56-199] Attempt to get parsing info during refresh. "On-the-fly" syntax checking information may be incorrect. [C:\Users\fallo\Desktop\CECS 440\Lab 5\Lab5\Lab5.srcs\sources_1\new\design.v:]
ERROR: [Common 17-180] Spawn failed: No error
WARNING: [filemgmt 56-199] Attempt to get parsing info during refresh. "On-the-fly" syntax checking information may be incorrect. [C:\Users\fallo\Desktop\CECS 440\Lab 5\Lab5\Lab5.srcs\sim_1\new\testbench_skeleton-lab5.v:]
WARNING: [filemgmt 56-199] Attempt to get parsing info during refresh. "On-the-fly" syntax checking information may be incorrect. [C:\Users\fallo\Desktop\CECS 440\Lab 5\Lab5\Lab5.srcs\sources_1\new\regfile.v:]
WARNING: [filemgmt 56-199] Attempt to get parsing info during refresh. "On-the-fly" syntax checking information may be incorrect. [C:\Users\fallo\Desktop\CECS 440\Lab 5\Lab5\Lab5.srcs\sources_1\new\alu.v:]
WARNING: [filemgmt 56-199] Attempt to get parsing info during refresh. "On-the-fly" syntax checking information may be incorrect. [C:\Users\fallo\Desktop\CECS 440\Lab 5\Lab5\Lab5.srcs\sources_1\new\aluout.v:]
WARNING: [filemgmt 56-199] Attempt to get parsing info during refresh. "On-the-fly" syntax checking information may be incorrect. [C:\Users\fallo\Desktop\CECS 440\Lab 5\Lab5\Lab5.srcs\sources_1\new\design.v:]
WARNING: [filemgmt 56-199] Attempt to get parsing info during refresh. "On-the-fly" syntax checking information may be incorrect. [C:\Users\fallo\Desktop\CECS 440\Lab 5\Lab5\Lab5.srcs\sources_1\new\alu.v:]
WARNING: [filemgmt 56-199] Attempt to get parsing info during refresh. "On-the-fly" syntax checking information may be incorrect. [C:\Users\fallo\Desktop\CECS 440\Lab 5\Lab5\Lab5.srcs\sources_1\new\alu.v:]
ERROR: [Common 17-180] Spawn failed: No error
WARNING: [filemgmt 56-199] Attempt to get parsing info during refresh. "On-the-fly" syntax checking information may be incorrect. [C:\Users\fallo\Desktop\CECS 440\Lab 5\Lab5\Lab5.srcs\sim_1\new\testbench_skeleton-lab5.v:]
WARNING: [filemgmt 56-199] Attempt to get parsing info during refresh. "On-the-fly" syntax checking information may be incorrect. [C:\Users\fallo\Desktop\CECS 440\Lab 5\Lab5\Lab5.srcs\sources_1\new\regfile.v:]
WARNING: [filemgmt 56-199] Attempt to get parsing info during refresh. "On-the-fly" syntax checking information may be incorrect. [C:\Users\fallo\Desktop\CECS 440\Lab 5\Lab5\Lab5.srcs\sources_1\new\alu.v:]
WARNING: [filemgmt 56-199] Attempt to get parsing info during refresh. "On-the-fly" syntax checking information may be incorrect. [C:\Users\fallo\Desktop\CECS 440\Lab 5\Lab5\Lab5.srcs\sources_1\new\aluout.v:]
WARNING: [filemgmt 56-199] Attempt to get parsing info during refresh. "On-the-fly" syntax checking information may be incorrect. [C:\Users\fallo\Desktop\CECS 440\Lab 5\Lab5\Lab5.srcs\sources_1\new\design.v:]
WARNING: [filemgmt 56-199] Attempt to get parsing info during refresh. "On-the-fly" syntax checking information may be incorrect. [C:\Users\fallo\Desktop\CECS 440\Lab 5\Lab5\Lab5.srcs\sim_1\new\testbench_skeleton-lab5.v:]
WARNING: [filemgmt 56-199] Attempt to get parsing info during refresh. "On-the-fly" syntax checking information may be incorrect. [C:\Users\fallo\Desktop\CECS 440\Lab 5\Lab5\Lab5.srcs\sim_1\new\testbench_skeleton-lab5.v:]
WARNING: [filemgmt 56-199] Attempt to get parsing info during refresh. "On-the-fly" syntax checking information may be incorrect. [C:\Users\fallo\Desktop\CECS 440\Lab 5\Lab5\Lab5.srcs\sim_1\new\testbench_skeleton-lab5.v:]
WARNING: [filemgmt 56-199] Attempt to get parsing info during refresh. "On-the-fly" syntax checking information may be incorrect. [C:\Users\fallo\Desktop\CECS 440\Lab 5\Lab5\Lab5.srcs\sources_1\new\regfile.v:]
WARNING: [filemgmt 56-199] Attempt to get parsing info during refresh. "On-the-fly" syntax checking information may be incorrect. [C:\Users\fallo\Desktop\CECS 440\Lab 5\Lab5\Lab5.srcs\sources_1\new\alu.v:]
WARNING: [filemgmt 56-199] Attempt to get parsing info during refresh. "On-the-fly" syntax checking information may be incorrect. [C:\Users\fallo\Desktop\CECS 440\Lab 5\Lab5\Lab5.srcs\sources_1\new\aluout.v:]
WARNING: [filemgmt 56-199] Attempt to get parsing info during refresh. "On-the-fly" syntax checking information may be incorrect. [C:\Users\fallo\Desktop\CECS 440\Lab 5\Lab5\Lab5.srcs\sources_1\new\design.v:]
WARNING: [filemgmt 56-199] Attempt to get parsing info during refresh. "On-the-fly" syntax checking information may be incorrect. [C:\Users\fallo\Desktop\CECS 440\Lab 5\Lab5\Lab5.srcs\sources_1\new\aluout.v:]
WARNING: [filemgmt 56-199] Attempt to get parsing info during refresh. "On-the-fly" syntax checking information may be incorrect. [C:\Users\fallo\Desktop\CECS 440\Lab 5\Lab5\Lab5.srcs\sources_1\new\aluout.v:]
WARNING: [filemgmt 56-199] Attempt to get parsing info during refresh. "On-the-fly" syntax checking information may be incorrect. [C:\Users\fallo\Desktop\CECS 440\Lab 5\Lab5\Lab5.srcs\sim_1\new\testbench_skeleton-lab5.v:]
WARNING: [filemgmt 56-199] Attempt to get parsing info during refresh. "On-the-fly" syntax checking information may be incorrect. [C:\Users\fallo\Desktop\CECS 440\Lab 5\Lab5\Lab5.srcs\sources_1\new\regfile.v:]
WARNING: [filemgmt 56-199] Attempt to get parsing info during refresh. "On-the-fly" syntax checking information may be incorrect. [C:\Users\fallo\Desktop\CECS 440\Lab 5\Lab5\Lab5.srcs\sources_1\new\alu.v:]
WARNING: [filemgmt 56-199] Attempt to get parsing info during refresh. "On-the-fly" syntax checking information may be incorrect. [C:\Users\fallo\Desktop\CECS 440\Lab 5\Lab5\Lab5.srcs\sources_1\new\aluout.v:]
WARNING: [filemgmt 56-199] Attempt to get parsing info during refresh. "On-the-fly" syntax checking information may be incorrect. [C:\Users\fallo\Desktop\CECS 440\Lab 5\Lab5\Lab5.srcs\sources_1\new\design.v:]
WARNING: [filemgmt 56-199] Attempt to get parsing info during refresh. "On-the-fly" syntax checking information may be incorrect. [C:\Users\fallo\Desktop\CECS 440\Lab 5\Lab5\Lab5.srcs\sources_1\new\design.v:]
WARNING: [filemgmt 56-199] Attempt to get parsing info during refresh. "On-the-fly" syntax checking information may be incorrect. [C:\Users\fallo\Desktop\CECS 440\Lab 5\Lab5\Lab5.srcs\sources_1\new\design.v:]
WARNING: [filemgmt 56-199] Attempt to get parsing info during refresh. "On-the-fly" syntax checking information may be incorrect. [C:\Users\fallo\Desktop\CECS 440\Lab 5\Lab5\Lab5.srcs\sim_1\new\testbench_skeleton-lab5.v:]
WARNING: [filemgmt 56-199] Attempt to get parsing info during refresh. "On-the-fly" syntax checking information may be incorrect. [C:\Users\fallo\Desktop\CECS 440\Lab 5\Lab5\Lab5.srcs\sources_1\new\regfile.v:]
WARNING: [filemgmt 56-199] Attempt to get parsing info during refresh. "On-the-fly" syntax checking information may be incorrect. [C:\Users\fallo\Desktop\CECS 440\Lab 5\Lab5\Lab5.srcs\sources_1\new\alu.v:]
WARNING: [filemgmt 56-199] Attempt to get parsing info during refresh. "On-the-fly" syntax checking information may be incorrect. [C:\Users\fallo\Desktop\CECS 440\Lab 5\Lab5\Lab5.srcs\sources_1\new\aluout.v:]
WARNING: [filemgmt 56-199] Attempt to get parsing info during refresh. "On-the-fly" syntax checking information may be incorrect. [C:\Users\fallo\Desktop\CECS 440\Lab 5\Lab5\Lab5.srcs\sources_1\new\design.v:]
WARNING: [filemgmt 56-199] Attempt to get parsing info during refresh. "On-the-fly" syntax checking information may be incorrect. [C:\Users\fallo\Desktop\CECS 440\Lab 5\Lab5\Lab5.srcs\sources_1\new\alu.v:]
WARNING: [filemgmt 56-199] Attempt to get parsing info during refresh. "On-the-fly" syntax checking information may be incorrect. [C:\Users\fallo\Desktop\CECS 440\Lab 5\Lab5\Lab5.srcs\sources_1\new\alu.v:]
ERROR: [Common 17-180] Spawn failed: No error
update_compile_order -fileset sources_1
WARNING: [filemgmt 56-199] Attempt to get parsing info during refresh. "On-the-fly" syntax checking information may be incorrect. [C:\Users\fallo\Desktop\CECS 440\Lab 5\Lab5\Lab5.srcs\sim_1\new\testbench_skeleton-lab5.v:]
WARNING: [filemgmt 56-199] Attempt to get parsing info during refresh. "On-the-fly" syntax checking information may be incorrect. [C:\Users\fallo\Desktop\CECS 440\Lab 5\Lab5\Lab5.srcs\sources_1\new\regfile.v:]
WARNING: [filemgmt 56-199] Attempt to get parsing info during refresh. "On-the-fly" syntax checking information may be incorrect. [C:\Users\fallo\Desktop\CECS 440\Lab 5\Lab5\Lab5.srcs\sources_1\new\alu.v:]
WARNING: [filemgmt 56-199] Attempt to get parsing info during refresh. "On-the-fly" syntax checking information may be incorrect. [C:\Users\fallo\Desktop\CECS 440\Lab 5\Lab5\Lab5.srcs\sources_1\new\aluout.v:]
WARNING: [filemgmt 56-199] Attempt to get parsing info during refresh. "On-the-fly" syntax checking information may be incorrect. [C:\Users\fallo\Desktop\CECS 440\Lab 5\Lab5\Lab5.srcs\sources_1\new\design.v:]
WARNING: [filemgmt 56-199] Attempt to get parsing info during refresh. "On-the-fly" syntax checking information may be incorrect. [C:\Users\fallo\Desktop\CECS 440\Lab 5\Lab5\Lab5.srcs\sim_1\new\testbench_skeleton-lab5.v:]
WARNING: [filemgmt 56-199] Attempt to get parsing info during refresh. "On-the-fly" syntax checking information may be incorrect. [C:\Users\fallo\Desktop\CECS 440\Lab 5\Lab5\Lab5.srcs\sim_1\new\testbench_skeleton-lab5.v:]
WARNING: [filemgmt 56-199] Attempt to get parsing info during refresh. "On-the-fly" syntax checking information may be incorrect. [C:\Users\fallo\Desktop\CECS 440\Lab 5\Lab5\Lab5.srcs\sim_1\new\testbench_skeleton-lab5.v:]
WARNING: [filemgmt 56-199] Attempt to get parsing info during refresh. "On-the-fly" syntax checking information may be incorrect. [C:\Users\fallo\Desktop\CECS 440\Lab 5\Lab5\Lab5.srcs\sources_1\new\regfile.v:]
WARNING: [filemgmt 56-199] Attempt to get parsing info during refresh. "On-the-fly" syntax checking information may be incorrect. [C:\Users\fallo\Desktop\CECS 440\Lab 5\Lab5\Lab5.srcs\sources_1\new\alu.v:]
WARNING: [filemgmt 56-199] Attempt to get parsing info during refresh. "On-the-fly" syntax checking information may be incorrect. [C:\Users\fallo\Desktop\CECS 440\Lab 5\Lab5\Lab5.srcs\sources_1\new\aluout.v:]
WARNING: [filemgmt 56-199] Attempt to get parsing info during refresh. "On-the-fly" syntax checking information may be incorrect. [C:\Users\fallo\Desktop\CECS 440\Lab 5\Lab5\Lab5.srcs\sources_1\new\design.v:]
WARNING: [filemgmt 56-199] Attempt to get parsing info during refresh. "On-the-fly" syntax checking information may be incorrect. [C:\Users\fallo\Desktop\CECS 440\Lab 5\Lab5\Lab5.srcs\sources_1\new\aluout.v:]
WARNING: [filemgmt 56-199] Attempt to get parsing info during refresh. "On-the-fly" syntax checking information may be incorrect. [C:\Users\fallo\Desktop\CECS 440\Lab 5\Lab5\Lab5.srcs\sources_1\new\aluout.v:]
WARNING: [filemgmt 56-199] Attempt to get parsing info during refresh. "On-the-fly" syntax checking information may be incorrect. [C:\Users\fallo\Desktop\CECS 440\Lab 5\Lab5\Lab5.srcs\sim_1\new\testbench_skeleton-lab5.v:]
WARNING: [filemgmt 56-199] Attempt to get parsing info during refresh. "On-the-fly" syntax checking information may be incorrect. [C:\Users\fallo\Desktop\CECS 440\Lab 5\Lab5\Lab5.srcs\sources_1\new\regfile.v:]
WARNING: [filemgmt 56-199] Attempt to get parsing info during refresh. "On-the-fly" syntax checking information may be incorrect. [C:\Users\fallo\Desktop\CECS 440\Lab 5\Lab5\Lab5.srcs\sources_1\new\alu.v:]
WARNING: [filemgmt 56-199] Attempt to get parsing info during refresh. "On-the-fly" syntax checking information may be incorrect. [C:\Users\fallo\Desktop\CECS 440\Lab 5\Lab5\Lab5.srcs\sources_1\new\aluout.v:]
WARNING: [filemgmt 56-199] Attempt to get parsing info during refresh. "On-the-fly" syntax checking information may be incorrect. [C:\Users\fallo\Desktop\CECS 440\Lab 5\Lab5\Lab5.srcs\sources_1\new\design.v:]
WARNING: [filemgmt 56-199] Attempt to get parsing info during refresh. "On-the-fly" syntax checking information may be incorrect. [C:\Users\fallo\Desktop\CECS 440\Lab 5\Lab5\Lab5.srcs\sources_1\new\design.v:]
WARNING: [filemgmt 56-199] Attempt to get parsing info during refresh. "On-the-fly" syntax checking information may be incorrect. [C:\Users\fallo\Desktop\CECS 440\Lab 5\Lab5\Lab5.srcs\sources_1\new\design.v:]
WARNING: [filemgmt 56-199] Attempt to get parsing info during refresh. "On-the-fly" syntax checking information may be incorrect. [C:\Users\fallo\Desktop\CECS 440\Lab 5\Lab5\Lab5.srcs\sim_1\new\testbench_skeleton-lab5.v:]
WARNING: [filemgmt 56-199] Attempt to get parsing info during refresh. "On-the-fly" syntax checking information may be incorrect. [C:\Users\fallo\Desktop\CECS 440\Lab 5\Lab5\Lab5.srcs\sources_1\new\regfile.v:]
WARNING: [filemgmt 56-199] Attempt to get parsing info during refresh. "On-the-fly" syntax checking information may be incorrect. [C:\Users\fallo\Desktop\CECS 440\Lab 5\Lab5\Lab5.srcs\sources_1\new\alu.v:]
WARNING: [filemgmt 56-199] Attempt to get parsing info during refresh. "On-the-fly" syntax checking information may be incorrect. [C:\Users\fallo\Desktop\CECS 440\Lab 5\Lab5\Lab5.srcs\sources_1\new\aluout.v:]
WARNING: [filemgmt 56-199] Attempt to get parsing info during refresh. "On-the-fly" syntax checking information may be incorrect. [C:\Users\fallo\Desktop\CECS 440\Lab 5\Lab5\Lab5.srcs\sources_1\new\design.v:]
WARNING: [filemgmt 56-199] Attempt to get parsing info during refresh. "On-the-fly" syntax checking information may be incorrect. [C:\Users\fallo\Desktop\CECS 440\Lab 5\Lab5\Lab5.srcs\sources_1\new\alu.v:]
WARNING: [filemgmt 56-199] Attempt to get parsing info during refresh. "On-the-fly" syntax checking information may be incorrect. [C:\Users\fallo\Desktop\CECS 440\Lab 5\Lab5\Lab5.srcs\sources_1\new\alu.v:]
ERROR: [Common 17-180] Spawn failed: No error
WARNING: [filemgmt 56-199] Attempt to get parsing info during refresh. "On-the-fly" syntax checking information may be incorrect. [C:\Users\fallo\Desktop\CECS 440\Lab 5\Lab5\Lab5.srcs\sim_1\new\testbench_skeleton-lab5.v:]
WARNING: [filemgmt 56-199] Attempt to get parsing info during refresh. "On-the-fly" syntax checking information may be incorrect. [C:\Users\fallo\Desktop\CECS 440\Lab 5\Lab5\Lab5.srcs\sources_1\new\regfile.v:]
WARNING: [filemgmt 56-199] Attempt to get parsing info during refresh. "On-the-fly" syntax checking information may be incorrect. [C:\Users\fallo\Desktop\CECS 440\Lab 5\Lab5\Lab5.srcs\sources_1\new\alu.v:]
WARNING: [filemgmt 56-199] Attempt to get parsing info during refresh. "On-the-fly" syntax checking information may be incorrect. [C:\Users\fallo\Desktop\CECS 440\Lab 5\Lab5\Lab5.srcs\sources_1\new\aluout.v:]
WARNING: [filemgmt 56-199] Attempt to get parsing info during refresh. "On-the-fly" syntax checking information may be incorrect. [C:\Users\fallo\Desktop\CECS 440\Lab 5\Lab5\Lab5.srcs\sources_1\new\design.v:]
WARNING: [filemgmt 56-199] Attempt to get parsing info during refresh. "On-the-fly" syntax checking information may be incorrect. [C:\Users\fallo\Desktop\CECS 440\Lab 5\Lab5\Lab5.srcs\sim_1\new\testbench_skeleton-lab5.v:]
WARNING: [filemgmt 56-199] Attempt to get parsing info during refresh. "On-the-fly" syntax checking information may be incorrect. [C:\Users\fallo\Desktop\CECS 440\Lab 5\Lab5\Lab5.srcs\sim_1\new\testbench_skeleton-lab5.v:]
WARNING: [filemgmt 56-199] Attempt to get parsing info during refresh. "On-the-fly" syntax checking information may be incorrect. [C:\Users\fallo\Desktop\CECS 440\Lab 5\Lab5\Lab5.srcs\sim_1\new\testbench_skeleton-lab5.v:]
WARNING: [filemgmt 56-199] Attempt to get parsing info during refresh. "On-the-fly" syntax checking information may be incorrect. [C:\Users\fallo\Desktop\CECS 440\Lab 5\Lab5\Lab5.srcs\sources_1\new\regfile.v:]
WARNING: [filemgmt 56-199] Attempt to get parsing info during refresh. "On-the-fly" syntax checking information may be incorrect. [C:\Users\fallo\Desktop\CECS 440\Lab 5\Lab5\Lab5.srcs\sources_1\new\alu.v:]
WARNING: [filemgmt 56-199] Attempt to get parsing info during refresh. "On-the-fly" syntax checking information may be incorrect. [C:\Users\fallo\Desktop\CECS 440\Lab 5\Lab5\Lab5.srcs\sources_1\new\aluout.v:]
WARNING: [filemgmt 56-199] Attempt to get parsing info during refresh. "On-the-fly" syntax checking information may be incorrect. [C:\Users\fallo\Desktop\CECS 440\Lab 5\Lab5\Lab5.srcs\sources_1\new\design.v:]
WARNING: [filemgmt 56-199] Attempt to get parsing info during refresh. "On-the-fly" syntax checking information may be incorrect. [C:\Users\fallo\Desktop\CECS 440\Lab 5\Lab5\Lab5.srcs\sources_1\new\aluout.v:]
WARNING: [filemgmt 56-199] Attempt to get parsing info during refresh. "On-the-fly" syntax checking information may be incorrect. [C:\Users\fallo\Desktop\CECS 440\Lab 5\Lab5\Lab5.srcs\sources_1\new\aluout.v:]
ERROR: [Common 17-180] Spawn failed: No error
WARNING: [filemgmt 56-199] Attempt to get parsing info during refresh. "On-the-fly" syntax checking information may be incorrect. [C:\Users\fallo\Desktop\CECS 440\Lab 5\Lab5\Lab5.srcs\sim_1\new\testbench_skeleton-lab5.v:]
WARNING: [filemgmt 56-199] Attempt to get parsing info during refresh. "On-the-fly" syntax checking information may be incorrect. [C:\Users\fallo\Desktop\CECS 440\Lab 5\Lab5\Lab5.srcs\sources_1\new\regfile.v:]
WARNING: [filemgmt 56-199] Attempt to get parsing info during refresh. "On-the-fly" syntax checking information may be incorrect. [C:\Users\fallo\Desktop\CECS 440\Lab 5\Lab5\Lab5.srcs\sources_1\new\alu.v:]
WARNING: [filemgmt 56-199] Attempt to get parsing info during refresh. "On-the-fly" syntax checking information may be incorrect. [C:\Users\fallo\Desktop\CECS 440\Lab 5\Lab5\Lab5.srcs\sources_1\new\aluout.v:]
WARNING: [filemgmt 56-199] Attempt to get parsing info during refresh. "On-the-fly" syntax checking information may be incorrect. [C:\Users\fallo\Desktop\CECS 440\Lab 5\Lab5\Lab5.srcs\sources_1\new\design.v:]
WARNING: [filemgmt 56-199] Attempt to get parsing info during refresh. "On-the-fly" syntax checking information may be incorrect. [C:\Users\fallo\Desktop\CECS 440\Lab 5\Lab5\Lab5.srcs\sources_1\new\design.v:]
WARNING: [filemgmt 56-199] Attempt to get parsing info during refresh. "On-the-fly" syntax checking information may be incorrect. [C:\Users\fallo\Desktop\CECS 440\Lab 5\Lab5\Lab5.srcs\sources_1\new\design.v:]
WARNING: [filemgmt 56-199] Attempt to get parsing info during refresh. "On-the-fly" syntax checking information may be incorrect. [C:\Users\fallo\Desktop\CECS 440\Lab 5\Lab5\Lab5.srcs\sim_1\new\testbench_skeleton-lab5.v:]
WARNING: [filemgmt 56-199] Attempt to get parsing info during refresh. "On-the-fly" syntax checking information may be incorrect. [C:\Users\fallo\Desktop\CECS 440\Lab 5\Lab5\Lab5.srcs\sources_1\new\regfile.v:]
WARNING: [filemgmt 56-199] Attempt to get parsing info during refresh. "On-the-fly" syntax checking information may be incorrect. [C:\Users\fallo\Desktop\CECS 440\Lab 5\Lab5\Lab5.srcs\sources_1\new\alu.v:]
WARNING: [filemgmt 56-199] Attempt to get parsing info during refresh. "On-the-fly" syntax checking information may be incorrect. [C:\Users\fallo\Desktop\CECS 440\Lab 5\Lab5\Lab5.srcs\sources_1\new\aluout.v:]
WARNING: [filemgmt 56-199] Attempt to get parsing info during refresh. "On-the-fly" syntax checking information may be incorrect. [C:\Users\fallo\Desktop\CECS 440\Lab 5\Lab5\Lab5.srcs\sources_1\new\design.v:]
WARNING: [filemgmt 56-199] Attempt to get parsing info during refresh. "On-the-fly" syntax checking information may be incorrect. [C:\Users\fallo\Desktop\CECS 440\Lab 5\Lab5\Lab5.srcs\sources_1\new\alu.v:]
WARNING: [filemgmt 56-199] Attempt to get parsing info during refresh. "On-the-fly" syntax checking information may be incorrect. [C:\Users\fallo\Desktop\CECS 440\Lab 5\Lab5\Lab5.srcs\sources_1\new\alu.v:]
ERROR: [Common 17-180] Spawn failed: No error
update_compile_order -fileset sources_1
WARNING: [filemgmt 56-199] Attempt to get parsing info during refresh. "On-the-fly" syntax checking information may be incorrect. [C:\Users\fallo\Desktop\CECS 440\Lab 5\Lab5\Lab5.srcs\sim_1\new\testbench_skeleton-lab5.v:]
WARNING: [filemgmt 56-199] Attempt to get parsing info during refresh. "On-the-fly" syntax checking information may be incorrect. [C:\Users\fallo\Desktop\CECS 440\Lab 5\Lab5\Lab5.srcs\sources_1\new\regfile.v:]
WARNING: [filemgmt 56-199] Attempt to get parsing info during refresh. "On-the-fly" syntax checking information may be incorrect. [C:\Users\fallo\Desktop\CECS 440\Lab 5\Lab5\Lab5.srcs\sources_1\new\alu.v:]
WARNING: [filemgmt 56-199] Attempt to get parsing info during refresh. "On-the-fly" syntax checking information may be incorrect. [C:\Users\fallo\Desktop\CECS 440\Lab 5\Lab5\Lab5.srcs\sources_1\new\aluout.v:]
WARNING: [filemgmt 56-199] Attempt to get parsing info during refresh. "On-the-fly" syntax checking information may be incorrect. [C:\Users\fallo\Desktop\CECS 440\Lab 5\Lab5\Lab5.srcs\sources_1\new\design.v:]
WARNING: [filemgmt 56-199] Attempt to get parsing info during refresh. "On-the-fly" syntax checking information may be incorrect. [C:\Users\fallo\Desktop\CECS 440\Lab 5\Lab5\Lab5.srcs\sim_1\new\testbench_skeleton-lab5.v:]
WARNING: [filemgmt 56-199] Attempt to get parsing info during refresh. "On-the-fly" syntax checking information may be incorrect. [C:\Users\fallo\Desktop\CECS 440\Lab 5\Lab5\Lab5.srcs\sim_1\new\testbench_skeleton-lab5.v:]
WARNING: [filemgmt 56-199] Attempt to get parsing info during refresh. "On-the-fly" syntax checking information may be incorrect. [C:\Users\fallo\Desktop\CECS 440\Lab 5\Lab5\Lab5.srcs\sim_1\new\testbench_skeleton-lab5.v:]
WARNING: [filemgmt 56-199] Attempt to get parsing info during refresh. "On-the-fly" syntax checking information may be incorrect. [C:\Users\fallo\Desktop\CECS 440\Lab 5\Lab5\Lab5.srcs\sources_1\new\regfile.v:]
WARNING: [filemgmt 56-199] Attempt to get parsing info during refresh. "On-the-fly" syntax checking information may be incorrect. [C:\Users\fallo\Desktop\CECS 440\Lab 5\Lab5\Lab5.srcs\sources_1\new\alu.v:]
WARNING: [filemgmt 56-199] Attempt to get parsing info during refresh. "On-the-fly" syntax checking information may be incorrect. [C:\Users\fallo\Desktop\CECS 440\Lab 5\Lab5\Lab5.srcs\sources_1\new\aluout.v:]
WARNING: [filemgmt 56-199] Attempt to get parsing info during refresh. "On-the-fly" syntax checking information may be incorrect. [C:\Users\fallo\Desktop\CECS 440\Lab 5\Lab5\Lab5.srcs\sources_1\new\design.v:]
WARNING: [filemgmt 56-199] Attempt to get parsing info during refresh. "On-the-fly" syntax checking information may be incorrect. [C:\Users\fallo\Desktop\CECS 440\Lab 5\Lab5\Lab5.srcs\sources_1\new\aluout.v:]
WARNING: [filemgmt 56-199] Attempt to get parsing info during refresh. "On-the-fly" syntax checking information may be incorrect. [C:\Users\fallo\Desktop\CECS 440\Lab 5\Lab5\Lab5.srcs\sources_1\new\aluout.v:]
WARNING: [filemgmt 56-199] Attempt to get parsing info during refresh. "On-the-fly" syntax checking information may be incorrect. [C:\Users\fallo\Desktop\CECS 440\Lab 5\Lab5\Lab5.srcs\sim_1\new\testbench_skeleton-lab5.v:]
WARNING: [filemgmt 56-199] Attempt to get parsing info during refresh. "On-the-fly" syntax checking information may be incorrect. [C:\Users\fallo\Desktop\CECS 440\Lab 5\Lab5\Lab5.srcs\sources_1\new\regfile.v:]
WARNING: [filemgmt 56-199] Attempt to get parsing info during refresh. "On-the-fly" syntax checking information may be incorrect. [C:\Users\fallo\Desktop\CECS 440\Lab 5\Lab5\Lab5.srcs\sources_1\new\alu.v:]
WARNING: [filemgmt 56-199] Attempt to get parsing info during refresh. "On-the-fly" syntax checking information may be incorrect. [C:\Users\fallo\Desktop\CECS 440\Lab 5\Lab5\Lab5.srcs\sources_1\new\aluout.v:]
WARNING: [filemgmt 56-199] Attempt to get parsing info during refresh. "On-the-fly" syntax checking information may be incorrect. [C:\Users\fallo\Desktop\CECS 440\Lab 5\Lab5\Lab5.srcs\sources_1\new\design.v:]
WARNING: [filemgmt 56-199] Attempt to get parsing info during refresh. "On-the-fly" syntax checking information may be incorrect. [C:\Users\fallo\Desktop\CECS 440\Lab 5\Lab5\Lab5.srcs\sources_1\new\alu.v:]
WARNING: [filemgmt 56-199] Attempt to get parsing info during refresh. "On-the-fly" syntax checking information may be incorrect. [C:\Users\fallo\Desktop\CECS 440\Lab 5\Lab5\Lab5.srcs\sources_1\new\alu.v:]
WARNING: [filemgmt 56-199] Attempt to get parsing info during refresh. "On-the-fly" syntax checking information may be incorrect. [C:\Users\fallo\Desktop\CECS 440\Lab 5\Lab5\Lab5.srcs\sim_1\new\testbench_skeleton-lab5.v:]
WARNING: [filemgmt 56-199] Attempt to get parsing info during refresh. "On-the-fly" syntax checking information may be incorrect. [C:\Users\fallo\Desktop\CECS 440\Lab 5\Lab5\Lab5.srcs\sources_1\new\regfile.v:]
WARNING: [filemgmt 56-199] Attempt to get parsing info during refresh. "On-the-fly" syntax checking information may be incorrect. [C:\Users\fallo\Desktop\CECS 440\Lab 5\Lab5\Lab5.srcs\sources_1\new\alu.v:]
WARNING: [filemgmt 56-199] Attempt to get parsing info during refresh. "On-the-fly" syntax checking information may be incorrect. [C:\Users\fallo\Desktop\CECS 440\Lab 5\Lab5\Lab5.srcs\sources_1\new\aluout.v:]
WARNING: [filemgmt 56-199] Attempt to get parsing info during refresh. "On-the-fly" syntax checking information may be incorrect. [C:\Users\fallo\Desktop\CECS 440\Lab 5\Lab5\Lab5.srcs\sources_1\new\design.v:]
WARNING: [filemgmt 56-199] Attempt to get parsing info during refresh. "On-the-fly" syntax checking information may be incorrect. [C:\Users\fallo\Desktop\CECS 440\Lab 5\Lab5\Lab5.srcs\sources_1\new\design.v:]
WARNING: [filemgmt 56-199] Attempt to get parsing info during refresh. "On-the-fly" syntax checking information may be incorrect. [C:\Users\fallo\Desktop\CECS 440\Lab 5\Lab5\Lab5.srcs\sources_1\new\design.v:]
WARNING: [filemgmt 56-199] Attempt to get parsing info during refresh. "On-the-fly" syntax checking information may be incorrect. [C:\Users\fallo\Desktop\CECS 440\Lab 5\Lab5\Lab5.srcs\sim_1\new\testbench_skeleton-lab5.v:]
WARNING: [filemgmt 56-199] Attempt to get parsing info during refresh. "On-the-fly" syntax checking information may be incorrect. [C:\Users\fallo\Desktop\CECS 440\Lab 5\Lab5\Lab5.srcs\sources_1\new\regfile.v:]
WARNING: [filemgmt 56-199] Attempt to get parsing info during refresh. "On-the-fly" syntax checking information may be incorrect. [C:\Users\fallo\Desktop\CECS 440\Lab 5\Lab5\Lab5.srcs\sources_1\new\alu.v:]
WARNING: [filemgmt 56-199] Attempt to get parsing info during refresh. "On-the-fly" syntax checking information may be incorrect. [C:\Users\fallo\Desktop\CECS 440\Lab 5\Lab5\Lab5.srcs\sources_1\new\aluout.v:]
WARNING: [filemgmt 56-199] Attempt to get parsing info during refresh. "On-the-fly" syntax checking information may be incorrect. [C:\Users\fallo\Desktop\CECS 440\Lab 5\Lab5\Lab5.srcs\sources_1\new\design.v:]
WARNING: [filemgmt 56-199] Attempt to get parsing info during refresh. "On-the-fly" syntax checking information may be incorrect. [C:\Users\fallo\Desktop\CECS 440\Lab 5\Lab5\Lab5.srcs\sim_1\new\testbench_skeleton-lab5.v:]
WARNING: [filemgmt 56-199] Attempt to get parsing info during refresh. "On-the-fly" syntax checking information may be incorrect. [C:\Users\fallo\Desktop\CECS 440\Lab 5\Lab5\Lab5.srcs\sim_1\new\testbench_skeleton-lab5.v:]
WARNING: [filemgmt 56-199] Attempt to get parsing info during refresh. "On-the-fly" syntax checking information may be incorrect. [C:\Users\fallo\Desktop\CECS 440\Lab 5\Lab5\Lab5.srcs\sim_1\new\testbench_skeleton-lab5.v:]
WARNING: [filemgmt 56-199] Attempt to get parsing info during refresh. "On-the-fly" syntax checking information may be incorrect. [C:\Users\fallo\Desktop\CECS 440\Lab 5\Lab5\Lab5.srcs\sources_1\new\regfile.v:]
WARNING: [filemgmt 56-199] Attempt to get parsing info during refresh. "On-the-fly" syntax checking information may be incorrect. [C:\Users\fallo\Desktop\CECS 440\Lab 5\Lab5\Lab5.srcs\sources_1\new\alu.v:]
WARNING: [filemgmt 56-199] Attempt to get parsing info during refresh. "On-the-fly" syntax checking information may be incorrect. [C:\Users\fallo\Desktop\CECS 440\Lab 5\Lab5\Lab5.srcs\sources_1\new\aluout.v:]
WARNING: [filemgmt 56-199] Attempt to get parsing info during refresh. "On-the-fly" syntax checking information may be incorrect. [C:\Users\fallo\Desktop\CECS 440\Lab 5\Lab5\Lab5.srcs\sources_1\new\design.v:]
WARNING: [filemgmt 56-199] Attempt to get parsing info during refresh. "On-the-fly" syntax checking information may be incorrect. [C:\Users\fallo\Desktop\CECS 440\Lab 5\Lab5\Lab5.srcs\sources_1\new\regfile.v:]
WARNING: [filemgmt 56-199] Attempt to get parsing info during refresh. "On-the-fly" syntax checking information may be incorrect. [C:\Users\fallo\Desktop\CECS 440\Lab 5\Lab5\Lab5.srcs\sources_1\new\regfile.v:]
ERROR: [Common 17-180] Spawn failed: No error
WARNING: [filemgmt 56-199] Attempt to get parsing info during refresh. "On-the-fly" syntax checking information may be incorrect. [C:\Users\fallo\Desktop\CECS 440\Lab 5\Lab5\Lab5.srcs\sim_1\new\testbench_skeleton-lab5.v:]
WARNING: [filemgmt 56-199] Attempt to get parsing info during refresh. "On-the-fly" syntax checking information may be incorrect. [C:\Users\fallo\Desktop\CECS 440\Lab 5\Lab5\Lab5.srcs\sources_1\new\regfile.v:]
WARNING: [filemgmt 56-199] Attempt to get parsing info during refresh. "On-the-fly" syntax checking information may be incorrect. [C:\Users\fallo\Desktop\CECS 440\Lab 5\Lab5\Lab5.srcs\sources_1\new\alu.v:]
WARNING: [filemgmt 56-199] Attempt to get parsing info during refresh. "On-the-fly" syntax checking information may be incorrect. [C:\Users\fallo\Desktop\CECS 440\Lab 5\Lab5\Lab5.srcs\sources_1\new\aluout.v:]
WARNING: [filemgmt 56-199] Attempt to get parsing info during refresh. "On-the-fly" syntax checking information may be incorrect. [C:\Users\fallo\Desktop\CECS 440\Lab 5\Lab5\Lab5.srcs\sources_1\new\design.v:]
WARNING: [filemgmt 56-199] Attempt to get parsing info during refresh. "On-the-fly" syntax checking information may be incorrect. [C:\Users\fallo\Desktop\CECS 440\Lab 5\Lab5\Lab5.srcs\sim_1\new\testbench_skeleton-lab5.v:]
WARNING: [filemgmt 56-199] Attempt to get parsing info during refresh. "On-the-fly" syntax checking information may be incorrect. [C:\Users\fallo\Desktop\CECS 440\Lab 5\Lab5\Lab5.srcs\sim_1\new\testbench_skeleton-lab5.v:]
WARNING: [filemgmt 56-199] Attempt to get parsing info during refresh. "On-the-fly" syntax checking information may be incorrect. [C:\Users\fallo\Desktop\CECS 440\Lab 5\Lab5\Lab5.srcs\sim_1\new\testbench_skeleton-lab5.v:]
WARNING: [filemgmt 56-199] Attempt to get parsing info during refresh. "On-the-fly" syntax checking information may be incorrect. [C:\Users\fallo\Desktop\CECS 440\Lab 5\Lab5\Lab5.srcs\sources_1\new\regfile.v:]
WARNING: [filemgmt 56-199] Attempt to get parsing info during refresh. "On-the-fly" syntax checking information may be incorrect. [C:\Users\fallo\Desktop\CECS 440\Lab 5\Lab5\Lab5.srcs\sources_1\new\alu.v:]
WARNING: [filemgmt 56-199] Attempt to get parsing info during refresh. "On-the-fly" syntax checking information may be incorrect. [C:\Users\fallo\Desktop\CECS 440\Lab 5\Lab5\Lab5.srcs\sources_1\new\aluout.v:]
WARNING: [filemgmt 56-199] Attempt to get parsing info during refresh. "On-the-fly" syntax checking information may be incorrect. [C:\Users\fallo\Desktop\CECS 440\Lab 5\Lab5\Lab5.srcs\sources_1\new\design.v:]
WARNING: [filemgmt 56-199] Attempt to get parsing info during refresh. "On-the-fly" syntax checking information may be incorrect. [C:\Users\fallo\Desktop\CECS 440\Lab 5\Lab5\Lab5.srcs\sources_1\new\aluout.v:]
WARNING: [filemgmt 56-199] Attempt to get parsing info during refresh. "On-the-fly" syntax checking information may be incorrect. [C:\Users\fallo\Desktop\CECS 440\Lab 5\Lab5\Lab5.srcs\sources_1\new\aluout.v:]
WARNING: [filemgmt 56-199] Attempt to get parsing info during refresh. "On-the-fly" syntax checking information may be incorrect. [C:\Users\fallo\Desktop\CECS 440\Lab 5\Lab5\Lab5.srcs\sim_1\new\testbench_skeleton-lab5.v:]
WARNING: [filemgmt 56-199] Attempt to get parsing info during refresh. "On-the-fly" syntax checking information may be incorrect. [C:\Users\fallo\Desktop\CECS 440\Lab 5\Lab5\Lab5.srcs\sources_1\new\regfile.v:]
WARNING: [filemgmt 56-199] Attempt to get parsing info during refresh. "On-the-fly" syntax checking information may be incorrect. [C:\Users\fallo\Desktop\CECS 440\Lab 5\Lab5\Lab5.srcs\sources_1\new\alu.v:]
WARNING: [filemgmt 56-199] Attempt to get parsing info during refresh. "On-the-fly" syntax checking information may be incorrect. [C:\Users\fallo\Desktop\CECS 440\Lab 5\Lab5\Lab5.srcs\sources_1\new\aluout.v:]
WARNING: [filemgmt 56-199] Attempt to get parsing info during refresh. "On-the-fly" syntax checking information may be incorrect. [C:\Users\fallo\Desktop\CECS 440\Lab 5\Lab5\Lab5.srcs\sources_1\new\design.v:]
WARNING: [filemgmt 56-199] Attempt to get parsing info during refresh. "On-the-fly" syntax checking information may be incorrect. [C:\Users\fallo\Desktop\CECS 440\Lab 5\Lab5\Lab5.srcs\sources_1\new\design.v:]
WARNING: [filemgmt 56-199] Attempt to get parsing info during refresh. "On-the-fly" syntax checking information may be incorrect. [C:\Users\fallo\Desktop\CECS 440\Lab 5\Lab5\Lab5.srcs\sources_1\new\design.v:]
WARNING: [filemgmt 56-199] Attempt to get parsing info during refresh. "On-the-fly" syntax checking information may be incorrect. [C:\Users\fallo\Desktop\CECS 440\Lab 5\Lab5\Lab5.srcs\sim_1\new\testbench_skeleton-lab5.v:]
WARNING: [filemgmt 56-199] Attempt to get parsing info during refresh. "On-the-fly" syntax checking information may be incorrect. [C:\Users\fallo\Desktop\CECS 440\Lab 5\Lab5\Lab5.srcs\sources_1\new\regfile.v:]
WARNING: [filemgmt 56-199] Attempt to get parsing info during refresh. "On-the-fly" syntax checking information may be incorrect. [C:\Users\fallo\Desktop\CECS 440\Lab 5\Lab5\Lab5.srcs\sources_1\new\alu.v:]
WARNING: [filemgmt 56-199] Attempt to get parsing info during refresh. "On-the-fly" syntax checking information may be incorrect. [C:\Users\fallo\Desktop\CECS 440\Lab 5\Lab5\Lab5.srcs\sources_1\new\aluout.v:]
WARNING: [filemgmt 56-199] Attempt to get parsing info during refresh. "On-the-fly" syntax checking information may be incorrect. [C:\Users\fallo\Desktop\CECS 440\Lab 5\Lab5\Lab5.srcs\sources_1\new\design.v:]
WARNING: [filemgmt 56-199] Attempt to get parsing info during refresh. "On-the-fly" syntax checking information may be incorrect. [C:\Users\fallo\Desktop\CECS 440\Lab 5\Lab5\Lab5.srcs\sources_1\new\alu.v:]
WARNING: [filemgmt 56-199] Attempt to get parsing info during refresh. "On-the-fly" syntax checking information may be incorrect. [C:\Users\fallo\Desktop\CECS 440\Lab 5\Lab5\Lab5.srcs\sources_1\new\alu.v:]
ERROR: [Common 17-180] Spawn failed: No error
WARNING: [filemgmt 56-199] Attempt to get parsing info during refresh. "On-the-fly" syntax checking information may be incorrect. [C:\Users\fallo\Desktop\CECS 440\Lab 5\Lab5\Lab5.srcs\sim_1\new\testbench_skeleton-lab5.v:]
WARNING: [filemgmt 56-199] Attempt to get parsing info during refresh. "On-the-fly" syntax checking information may be incorrect. [C:\Users\fallo\Desktop\CECS 440\Lab 5\Lab5\Lab5.srcs\sources_1\new\regfile.v:]
WARNING: [filemgmt 56-199] Attempt to get parsing info during refresh. "On-the-fly" syntax checking information may be incorrect. [C:\Users\fallo\Desktop\CECS 440\Lab 5\Lab5\Lab5.srcs\sources_1\new\alu.v:]
WARNING: [filemgmt 56-199] Attempt to get parsing info during refresh. "On-the-fly" syntax checking information may be incorrect. [C:\Users\fallo\Desktop\CECS 440\Lab 5\Lab5\Lab5.srcs\sources_1\new\aluout.v:]
WARNING: [filemgmt 56-199] Attempt to get parsing info during refresh. "On-the-fly" syntax checking information may be incorrect. [C:\Users\fallo\Desktop\CECS 440\Lab 5\Lab5\Lab5.srcs\sources_1\new\design.v:]
WARNING: [filemgmt 56-199] Attempt to get parsing info during refresh. "On-the-fly" syntax checking information may be incorrect. [C:\Users\fallo\Desktop\CECS 440\Lab 5\Lab5\Lab5.srcs\sim_1\new\testbench_skeleton-lab5.v:]
WARNING: [filemgmt 56-199] Attempt to get parsing info during refresh. "On-the-fly" syntax checking information may be incorrect. [C:\Users\fallo\Desktop\CECS 440\Lab 5\Lab5\Lab5.srcs\sim_1\new\testbench_skeleton-lab5.v:]
WARNING: [filemgmt 56-199] Attempt to get parsing info during refresh. "On-the-fly" syntax checking information may be incorrect. [C:\Users\fallo\Desktop\CECS 440\Lab 5\Lab5\Lab5.srcs\sim_1\new\testbench_skeleton-lab5.v:]
WARNING: [filemgmt 56-199] Attempt to get parsing info during refresh. "On-the-fly" syntax checking information may be incorrect. [C:\Users\fallo\Desktop\CECS 440\Lab 5\Lab5\Lab5.srcs\sources_1\new\regfile.v:]
WARNING: [filemgmt 56-199] Attempt to get parsing info during refresh. "On-the-fly" syntax checking information may be incorrect. [C:\Users\fallo\Desktop\CECS 440\Lab 5\Lab5\Lab5.srcs\sources_1\new\alu.v:]
WARNING: [filemgmt 56-199] Attempt to get parsing info during refresh. "On-the-fly" syntax checking information may be incorrect. [C:\Users\fallo\Desktop\CECS 440\Lab 5\Lab5\Lab5.srcs\sources_1\new\aluout.v:]
WARNING: [filemgmt 56-199] Attempt to get parsing info during refresh. "On-the-fly" syntax checking information may be incorrect. [C:\Users\fallo\Desktop\CECS 440\Lab 5\Lab5\Lab5.srcs\sources_1\new\design.v:]
WARNING: [filemgmt 56-199] Attempt to get parsing info during refresh. "On-the-fly" syntax checking information may be incorrect. [C:\Users\fallo\Desktop\CECS 440\Lab 5\Lab5\Lab5.srcs\sources_1\new\aluout.v:]
WARNING: [filemgmt 56-199] Attempt to get parsing info during refresh. "On-the-fly" syntax checking information may be incorrect. [C:\Users\fallo\Desktop\CECS 440\Lab 5\Lab5\Lab5.srcs\sources_1\new\aluout.v:]
ERROR: [Common 17-180] Spawn failed: No error
WARNING: [filemgmt 56-199] Attempt to get parsing info during refresh. "On-the-fly" syntax checking information may be incorrect. [C:\Users\fallo\Desktop\CECS 440\Lab 5\Lab5\Lab5.srcs\sim_1\new\testbench_skeleton-lab5.v:]
WARNING: [filemgmt 56-199] Attempt to get parsing info during refresh. "On-the-fly" syntax checking information may be incorrect. [C:\Users\fallo\Desktop\CECS 440\Lab 5\Lab5\Lab5.srcs\sources_1\new\regfile.v:]
WARNING: [filemgmt 56-199] Attempt to get parsing info during refresh. "On-the-fly" syntax checking information may be incorrect. [C:\Users\fallo\Desktop\CECS 440\Lab 5\Lab5\Lab5.srcs\sources_1\new\alu.v:]
WARNING: [filemgmt 56-199] Attempt to get parsing info during refresh. "On-the-fly" syntax checking information may be incorrect. [C:\Users\fallo\Desktop\CECS 440\Lab 5\Lab5\Lab5.srcs\sources_1\new\aluout.v:]
WARNING: [filemgmt 56-199] Attempt to get parsing info during refresh. "On-the-fly" syntax checking information may be incorrect. [C:\Users\fallo\Desktop\CECS 440\Lab 5\Lab5\Lab5.srcs\sources_1\new\design.v:]
WARNING: [filemgmt 56-199] Attempt to get parsing info during refresh. "On-the-fly" syntax checking information may be incorrect. [C:\Users\fallo\Desktop\CECS 440\Lab 5\Lab5\Lab5.srcs\sources_1\new\design.v:]
WARNING: [filemgmt 56-199] Attempt to get parsing info during refresh. "On-the-fly" syntax checking information may be incorrect. [C:\Users\fallo\Desktop\CECS 440\Lab 5\Lab5\Lab5.srcs\sources_1\new\design.v:]
WARNING: [filemgmt 56-199] Attempt to get parsing info during refresh. "On-the-fly" syntax checking information may be incorrect. [C:\Users\fallo\Desktop\CECS 440\Lab 5\Lab5\Lab5.srcs\sim_1\new\testbench_skeleton-lab5.v:]
WARNING: [filemgmt 56-199] Attempt to get parsing info during refresh. "On-the-fly" syntax checking information may be incorrect. [C:\Users\fallo\Desktop\CECS 440\Lab 5\Lab5\Lab5.srcs\sources_1\new\regfile.v:]
WARNING: [filemgmt 56-199] Attempt to get parsing info during refresh. "On-the-fly" syntax checking information may be incorrect. [C:\Users\fallo\Desktop\CECS 440\Lab 5\Lab5\Lab5.srcs\sources_1\new\alu.v:]
WARNING: [filemgmt 56-199] Attempt to get parsing info during refresh. "On-the-fly" syntax checking information may be incorrect. [C:\Users\fallo\Desktop\CECS 440\Lab 5\Lab5\Lab5.srcs\sources_1\new\aluout.v:]
WARNING: [filemgmt 56-199] Attempt to get parsing info during refresh. "On-the-fly" syntax checking information may be incorrect. [C:\Users\fallo\Desktop\CECS 440\Lab 5\Lab5\Lab5.srcs\sources_1\new\design.v:]
WARNING: [filemgmt 56-199] Attempt to get parsing info during refresh. "On-the-fly" syntax checking information may be incorrect. [C:\Users\fallo\Desktop\CECS 440\Lab 5\Lab5\Lab5.srcs\sources_1\new\alu.v:]
WARNING: [filemgmt 56-199] Attempt to get parsing info during refresh. "On-the-fly" syntax checking information may be incorrect. [C:\Users\fallo\Desktop\CECS 440\Lab 5\Lab5\Lab5.srcs\sources_1\new\alu.v:]
ERROR: [Common 17-180] Spawn failed: No error
WARNING: [filemgmt 56-199] Attempt to get parsing info during refresh. "On-the-fly" syntax checking information may be incorrect. [C:\Users\fallo\Desktop\CECS 440\Lab 5\Lab5\Lab5.srcs\sim_1\new\testbench_skeleton-lab5.v:]
WARNING: [filemgmt 56-199] Attempt to get parsing info during refresh. "On-the-fly" syntax checking information may be incorrect. [C:\Users\fallo\Desktop\CECS 440\Lab 5\Lab5\Lab5.srcs\sources_1\new\regfile.v:]
WARNING: [filemgmt 56-199] Attempt to get parsing info during refresh. "On-the-fly" syntax checking information may be incorrect. [C:\Users\fallo\Desktop\CECS 440\Lab 5\Lab5\Lab5.srcs\sources_1\new\alu.v:]
WARNING: [filemgmt 56-199] Attempt to get parsing info during refresh. "On-the-fly" syntax checking information may be incorrect. [C:\Users\fallo\Desktop\CECS 440\Lab 5\Lab5\Lab5.srcs\sources_1\new\aluout.v:]
WARNING: [filemgmt 56-199] Attempt to get parsing info during refresh. "On-the-fly" syntax checking information may be incorrect. [C:\Users\fallo\Desktop\CECS 440\Lab 5\Lab5\Lab5.srcs\sources_1\new\design.v:]
WARNING: [filemgmt 56-199] Attempt to get parsing info during refresh. "On-the-fly" syntax checking information may be incorrect. [C:\Users\fallo\Desktop\CECS 440\Lab 5\Lab5\Lab5.srcs\sim_1\new\testbench_skeleton-lab5.v:]
WARNING: [filemgmt 56-199] Attempt to get parsing info during refresh. "On-the-fly" syntax checking information may be incorrect. [C:\Users\fallo\Desktop\CECS 440\Lab 5\Lab5\Lab5.srcs\sim_1\new\testbench_skeleton-lab5.v:]
WARNING: [filemgmt 56-199] Attempt to get parsing info during refresh. "On-the-fly" syntax checking information may be incorrect. [C:\Users\fallo\Desktop\CECS 440\Lab 5\Lab5\Lab5.srcs\sim_1\new\testbench_skeleton-lab5.v:]
WARNING: [filemgmt 56-199] Attempt to get parsing info during refresh. "On-the-fly" syntax checking information may be incorrect. [C:\Users\fallo\Desktop\CECS 440\Lab 5\Lab5\Lab5.srcs\sources_1\new\regfile.v:]
WARNING: [filemgmt 56-199] Attempt to get parsing info during refresh. "On-the-fly" syntax checking information may be incorrect. [C:\Users\fallo\Desktop\CECS 440\Lab 5\Lab5\Lab5.srcs\sources_1\new\alu.v:]
WARNING: [filemgmt 56-199] Attempt to get parsing info during refresh. "On-the-fly" syntax checking information may be incorrect. [C:\Users\fallo\Desktop\CECS 440\Lab 5\Lab5\Lab5.srcs\sources_1\new\aluout.v:]
WARNING: [filemgmt 56-199] Attempt to get parsing info during refresh. "On-the-fly" syntax checking information may be incorrect. [C:\Users\fallo\Desktop\CECS 440\Lab 5\Lab5\Lab5.srcs\sources_1\new\design.v:]
WARNING: [filemgmt 56-199] Attempt to get parsing info during refresh. "On-the-fly" syntax checking information may be incorrect. [C:\Users\fallo\Desktop\CECS 440\Lab 5\Lab5\Lab5.srcs\sources_1\new\aluout.v:]
WARNING: [filemgmt 56-199] Attempt to get parsing info during refresh. "On-the-fly" syntax checking information may be incorrect. [C:\Users\fallo\Desktop\CECS 440\Lab 5\Lab5\Lab5.srcs\sources_1\new\aluout.v:]
WARNING: [filemgmt 56-199] Attempt to get parsing info during refresh. "On-the-fly" syntax checking information may be incorrect. [C:\Users\fallo\Desktop\CECS 440\Lab 5\Lab5\Lab5.srcs\sim_1\new\testbench_skeleton-lab5.v:]
WARNING: [filemgmt 56-199] Attempt to get parsing info during refresh. "On-the-fly" syntax checking information may be incorrect. [C:\Users\fallo\Desktop\CECS 440\Lab 5\Lab5\Lab5.srcs\sources_1\new\regfile.v:]
WARNING: [filemgmt 56-199] Attempt to get parsing info during refresh. "On-the-fly" syntax checking information may be incorrect. [C:\Users\fallo\Desktop\CECS 440\Lab 5\Lab5\Lab5.srcs\sources_1\new\alu.v:]
WARNING: [filemgmt 56-199] Attempt to get parsing info during refresh. "On-the-fly" syntax checking information may be incorrect. [C:\Users\fallo\Desktop\CECS 440\Lab 5\Lab5\Lab5.srcs\sources_1\new\aluout.v:]
WARNING: [filemgmt 56-199] Attempt to get parsing info during refresh. "On-the-fly" syntax checking information may be incorrect. [C:\Users\fallo\Desktop\CECS 440\Lab 5\Lab5\Lab5.srcs\sources_1\new\design.v:]
WARNING: [filemgmt 56-199] Attempt to get parsing info during refresh. "On-the-fly" syntax checking information may be incorrect. [C:\Users\fallo\Desktop\CECS 440\Lab 5\Lab5\Lab5.srcs\sources_1\new\design.v:]
WARNING: [filemgmt 56-199] Attempt to get parsing info during refresh. "On-the-fly" syntax checking information may be incorrect. [C:\Users\fallo\Desktop\CECS 440\Lab 5\Lab5\Lab5.srcs\sources_1\new\design.v:]
WARNING: [filemgmt 56-199] Attempt to get parsing info during refresh. "On-the-fly" syntax checking information may be incorrect. [C:\Users\fallo\Desktop\CECS 440\Lab 5\Lab5\Lab5.srcs\sim_1\new\testbench_skeleton-lab5.v:]
WARNING: [filemgmt 56-199] Attempt to get parsing info during refresh. "On-the-fly" syntax checking information may be incorrect. [C:\Users\fallo\Desktop\CECS 440\Lab 5\Lab5\Lab5.srcs\sources_1\new\regfile.v:]
WARNING: [filemgmt 56-199] Attempt to get parsing info during refresh. "On-the-fly" syntax checking information may be incorrect. [C:\Users\fallo\Desktop\CECS 440\Lab 5\Lab5\Lab5.srcs\sources_1\new\alu.v:]
WARNING: [filemgmt 56-199] Attempt to get parsing info during refresh. "On-the-fly" syntax checking information may be incorrect. [C:\Users\fallo\Desktop\CECS 440\Lab 5\Lab5\Lab5.srcs\sources_1\new\aluout.v:]
WARNING: [filemgmt 56-199] Attempt to get parsing info during refresh. "On-the-fly" syntax checking information may be incorrect. [C:\Users\fallo\Desktop\CECS 440\Lab 5\Lab5\Lab5.srcs\sources_1\new\design.v:]
WARNING: [filemgmt 56-199] Attempt to get parsing info during refresh. "On-the-fly" syntax checking information may be incorrect. [C:\Users\fallo\Desktop\CECS 440\Lab 5\Lab5\Lab5.srcs\sources_1\new\alu.v:]
WARNING: [filemgmt 56-199] Attempt to get parsing info during refresh. "On-the-fly" syntax checking information may be incorrect. [C:\Users\fallo\Desktop\CECS 440\Lab 5\Lab5\Lab5.srcs\sources_1\new\alu.v:]
ERROR: [Common 17-180] Spawn failed: No error
WARNING: [filemgmt 56-199] Attempt to get parsing info during refresh. "On-the-fly" syntax checking information may be incorrect. [C:\Users\fallo\Desktop\CECS 440\Lab 5\Lab5\Lab5.srcs\sim_1\new\testbench_skeleton-lab5.v:]
WARNING: [filemgmt 56-199] Attempt to get parsing info during refresh. "On-the-fly" syntax checking information may be incorrect. [C:\Users\fallo\Desktop\CECS 440\Lab 5\Lab5\Lab5.srcs\sources_1\new\regfile.v:]
WARNING: [filemgmt 56-199] Attempt to get parsing info during refresh. "On-the-fly" syntax checking information may be incorrect. [C:\Users\fallo\Desktop\CECS 440\Lab 5\Lab5\Lab5.srcs\sources_1\new\alu.v:]
WARNING: [filemgmt 56-199] Attempt to get parsing info during refresh. "On-the-fly" syntax checking information may be incorrect. [C:\Users\fallo\Desktop\CECS 440\Lab 5\Lab5\Lab5.srcs\sources_1\new\aluout.v:]
WARNING: [filemgmt 56-199] Attempt to get parsing info during refresh. "On-the-fly" syntax checking information may be incorrect. [C:\Users\fallo\Desktop\CECS 440\Lab 5\Lab5\Lab5.srcs\sources_1\new\design.v:]
WARNING: [filemgmt 56-199] Attempt to get parsing info during refresh. "On-the-fly" syntax checking information may be incorrect. [C:\Users\fallo\Desktop\CECS 440\Lab 5\Lab5\Lab5.srcs\sim_1\new\testbench_skeleton-lab5.v:]
WARNING: [filemgmt 56-199] Attempt to get parsing info during refresh. "On-the-fly" syntax checking information may be incorrect. [C:\Users\fallo\Desktop\CECS 440\Lab 5\Lab5\Lab5.srcs\sim_1\new\testbench_skeleton-lab5.v:]
WARNING: [filemgmt 56-199] Attempt to get parsing info during refresh. "On-the-fly" syntax checking information may be incorrect. [C:\Users\fallo\Desktop\CECS 440\Lab 5\Lab5\Lab5.srcs\sim_1\new\testbench_skeleton-lab5.v:]
WARNING: [filemgmt 56-199] Attempt to get parsing info during refresh. "On-the-fly" syntax checking information may be incorrect. [C:\Users\fallo\Desktop\CECS 440\Lab 5\Lab5\Lab5.srcs\sources_1\new\regfile.v:]
WARNING: [filemgmt 56-199] Attempt to get parsing info during refresh. "On-the-fly" syntax checking information may be incorrect. [C:\Users\fallo\Desktop\CECS 440\Lab 5\Lab5\Lab5.srcs\sources_1\new\alu.v:]
WARNING: [filemgmt 56-199] Attempt to get parsing info during refresh. "On-the-fly" syntax checking information may be incorrect. [C:\Users\fallo\Desktop\CECS 440\Lab 5\Lab5\Lab5.srcs\sources_1\new\aluout.v:]
WARNING: [filemgmt 56-199] Attempt to get parsing info during refresh. "On-the-fly" syntax checking information may be incorrect. [C:\Users\fallo\Desktop\CECS 440\Lab 5\Lab5\Lab5.srcs\sources_1\new\design.v:]
WARNING: [filemgmt 56-199] Attempt to get parsing info during refresh. "On-the-fly" syntax checking information may be incorrect. [C:\Users\fallo\Desktop\CECS 440\Lab 5\Lab5\Lab5.srcs\sources_1\new\regfile.v:]
WARNING: [filemgmt 56-199] Attempt to get parsing info during refresh. "On-the-fly" syntax checking information may be incorrect. [C:\Users\fallo\Desktop\CECS 440\Lab 5\Lab5\Lab5.srcs\sources_1\new\regfile.v:]
ERROR: [Common 17-180] Spawn failed: No error
WARNING: [filemgmt 56-199] Attempt to get parsing info during refresh. "On-the-fly" syntax checking information may be incorrect. [C:\Users\fallo\Desktop\CECS 440\Lab 5\Lab5\Lab5.srcs\sim_1\new\testbench_skeleton-lab5.v:]
WARNING: [filemgmt 56-199] Attempt to get parsing info during refresh. "On-the-fly" syntax checking information may be incorrect. [C:\Users\fallo\Desktop\CECS 440\Lab 5\Lab5\Lab5.srcs\sources_1\new\regfile.v:]
WARNING: [filemgmt 56-199] Attempt to get parsing info during refresh. "On-the-fly" syntax checking information may be incorrect. [C:\Users\fallo\Desktop\CECS 440\Lab 5\Lab5\Lab5.srcs\sources_1\new\alu.v:]
WARNING: [filemgmt 56-199] Attempt to get parsing info during refresh. "On-the-fly" syntax checking information may be incorrect. [C:\Users\fallo\Desktop\CECS 440\Lab 5\Lab5\Lab5.srcs\sources_1\new\aluout.v:]
WARNING: [filemgmt 56-199] Attempt to get parsing info during refresh. "On-the-fly" syntax checking information may be incorrect. [C:\Users\fallo\Desktop\CECS 440\Lab 5\Lab5\Lab5.srcs\sources_1\new\design.v:]
WARNING: [filemgmt 56-199] Attempt to get parsing info during refresh. "On-the-fly" syntax checking information may be incorrect. [C:\Users\fallo\Desktop\CECS 440\Lab 5\Lab5\Lab5.srcs\sim_1\new\testbench_skeleton-lab5.v:]
WARNING: [filemgmt 56-199] Attempt to get parsing info during refresh. "On-the-fly" syntax checking information may be incorrect. [C:\Users\fallo\Desktop\CECS 440\Lab 5\Lab5\Lab5.srcs\sim_1\new\testbench_skeleton-lab5.v:]
WARNING: [filemgmt 56-199] Attempt to get parsing info during refresh. "On-the-fly" syntax checking information may be incorrect. [C:\Users\fallo\Desktop\CECS 440\Lab 5\Lab5\Lab5.srcs\sim_1\new\testbench_skeleton-lab5.v:]
WARNING: [filemgmt 56-199] Attempt to get parsing info during refresh. "On-the-fly" syntax checking information may be incorrect. [C:\Users\fallo\Desktop\CECS 440\Lab 5\Lab5\Lab5.srcs\sources_1\new\regfile.v:]
WARNING: [filemgmt 56-199] Attempt to get parsing info during refresh. "On-the-fly" syntax checking information may be incorrect. [C:\Users\fallo\Desktop\CECS 440\Lab 5\Lab5\Lab5.srcs\sources_1\new\alu.v:]
WARNING: [filemgmt 56-199] Attempt to get parsing info during refresh. "On-the-fly" syntax checking information may be incorrect. [C:\Users\fallo\Desktop\CECS 440\Lab 5\Lab5\Lab5.srcs\sources_1\new\aluout.v:]
WARNING: [filemgmt 56-199] Attempt to get parsing info during refresh. "On-the-fly" syntax checking information may be incorrect. [C:\Users\fallo\Desktop\CECS 440\Lab 5\Lab5\Lab5.srcs\sources_1\new\design.v:]
WARNING: [filemgmt 56-199] Attempt to get parsing info during refresh. "On-the-fly" syntax checking information may be incorrect. [C:\Users\fallo\Desktop\CECS 440\Lab 5\Lab5\Lab5.srcs\sources_1\new\aluout.v:]
WARNING: [filemgmt 56-199] Attempt to get parsing info during refresh. "On-the-fly" syntax checking information may be incorrect. [C:\Users\fallo\Desktop\CECS 440\Lab 5\Lab5\Lab5.srcs\sources_1\new\aluout.v:]
WARNING: [filemgmt 56-199] Attempt to get parsing info during refresh. "On-the-fly" syntax checking information may be incorrect. [C:\Users\fallo\Desktop\CECS 440\Lab 5\Lab5\Lab5.srcs\sim_1\new\testbench_skeleton-lab5.v:]
WARNING: [filemgmt 56-199] Attempt to get parsing info during refresh. "On-the-fly" syntax checking information may be incorrect. [C:\Users\fallo\Desktop\CECS 440\Lab 5\Lab5\Lab5.srcs\sources_1\new\regfile.v:]
WARNING: [filemgmt 56-199] Attempt to get parsing info during refresh. "On-the-fly" syntax checking information may be incorrect. [C:\Users\fallo\Desktop\CECS 440\Lab 5\Lab5\Lab5.srcs\sources_1\new\alu.v:]
WARNING: [filemgmt 56-199] Attempt to get parsing info during refresh. "On-the-fly" syntax checking information may be incorrect. [C:\Users\fallo\Desktop\CECS 440\Lab 5\Lab5\Lab5.srcs\sources_1\new\aluout.v:]
WARNING: [filemgmt 56-199] Attempt to get parsing info during refresh. "On-the-fly" syntax checking information may be incorrect. [C:\Users\fallo\Desktop\CECS 440\Lab 5\Lab5\Lab5.srcs\sources_1\new\design.v:]
WARNING: [filemgmt 56-199] Attempt to get parsing info during refresh. "On-the-fly" syntax checking information may be incorrect. [C:\Users\fallo\Desktop\CECS 440\Lab 5\Lab5\Lab5.srcs\sources_1\new\alu.v:]
WARNING: [filemgmt 56-199] Attempt to get parsing info during refresh. "On-the-fly" syntax checking information may be incorrect. [C:\Users\fallo\Desktop\CECS 440\Lab 5\Lab5\Lab5.srcs\sources_1\new\alu.v:]
WARNING: [filemgmt 56-199] Attempt to get parsing info during refresh. "On-the-fly" syntax checking information may be incorrect. [C:\Users\fallo\Desktop\CECS 440\Lab 5\Lab5\Lab5.srcs\sim_1\new\testbench_skeleton-lab5.v:]
WARNING: [filemgmt 56-199] Attempt to get parsing info during refresh. "On-the-fly" syntax checking information may be incorrect. [C:\Users\fallo\Desktop\CECS 440\Lab 5\Lab5\Lab5.srcs\sources_1\new\regfile.v:]
WARNING: [filemgmt 56-199] Attempt to get parsing info during refresh. "On-the-fly" syntax checking information may be incorrect. [C:\Users\fallo\Desktop\CECS 440\Lab 5\Lab5\Lab5.srcs\sources_1\new\alu.v:]
WARNING: [filemgmt 56-199] Attempt to get parsing info during refresh. "On-the-fly" syntax checking information may be incorrect. [C:\Users\fallo\Desktop\CECS 440\Lab 5\Lab5\Lab5.srcs\sources_1\new\aluout.v:]
WARNING: [filemgmt 56-199] Attempt to get parsing info during refresh. "On-the-fly" syntax checking information may be incorrect. [C:\Users\fallo\Desktop\CECS 440\Lab 5\Lab5\Lab5.srcs\sources_1\new\design.v:]
WARNING: [filemgmt 56-199] Attempt to get parsing info during refresh. "On-the-fly" syntax checking information may be incorrect. [C:\Users\fallo\Desktop\CECS 440\Lab 5\Lab5\Lab5.srcs\sources_1\new\design.v:]
WARNING: [filemgmt 56-199] Attempt to get parsing info during refresh. "On-the-fly" syntax checking information may be incorrect. [C:\Users\fallo\Desktop\CECS 440\Lab 5\Lab5\Lab5.srcs\sources_1\new\design.v:]
ERROR: [Common 17-180] Spawn failed: No error
update_compile_order -fileset sources_1
WARNING: [filemgmt 56-199] Attempt to get parsing info during refresh. "On-the-fly" syntax checking information may be incorrect. [C:\Users\fallo\Desktop\CECS 440\Lab 5\Lab5\Lab5.srcs\sim_1\new\testbench_skeleton-lab5.v:]
WARNING: [filemgmt 56-199] Attempt to get parsing info during refresh. "On-the-fly" syntax checking information may be incorrect. [C:\Users\fallo\Desktop\CECS 440\Lab 5\Lab5\Lab5.srcs\sources_1\new\regfile.v:]
WARNING: [filemgmt 56-199] Attempt to get parsing info during refresh. "On-the-fly" syntax checking information may be incorrect. [C:\Users\fallo\Desktop\CECS 440\Lab 5\Lab5\Lab5.srcs\sources_1\new\alu.v:]
WARNING: [filemgmt 56-199] Attempt to get parsing info during refresh. "On-the-fly" syntax checking information may be incorrect. [C:\Users\fallo\Desktop\CECS 440\Lab 5\Lab5\Lab5.srcs\sources_1\new\aluout.v:]
WARNING: [filemgmt 56-199] Attempt to get parsing info during refresh. "On-the-fly" syntax checking information may be incorrect. [C:\Users\fallo\Desktop\CECS 440\Lab 5\Lab5\Lab5.srcs\sources_1\new\design.v:]
WARNING: [filemgmt 56-199] Attempt to get parsing info during refresh. "On-the-fly" syntax checking information may be incorrect. [C:\Users\fallo\Desktop\CECS 440\Lab 5\Lab5\Lab5.srcs\sim_1\new\testbench_skeleton-lab5.v:]
WARNING: [filemgmt 56-199] Attempt to get parsing info during refresh. "On-the-fly" syntax checking information may be incorrect. [C:\Users\fallo\Desktop\CECS 440\Lab 5\Lab5\Lab5.srcs\sim_1\new\testbench_skeleton-lab5.v:]
WARNING: [filemgmt 56-199] Attempt to get parsing info during refresh. "On-the-fly" syntax checking information may be incorrect. [C:\Users\fallo\Desktop\CECS 440\Lab 5\Lab5\Lab5.srcs\sim_1\new\testbench_skeleton-lab5.v:]
WARNING: [filemgmt 56-199] Attempt to get parsing info during refresh. "On-the-fly" syntax checking information may be incorrect. [C:\Users\fallo\Desktop\CECS 440\Lab 5\Lab5\Lab5.srcs\sources_1\new\regfile.v:]
WARNING: [filemgmt 56-199] Attempt to get parsing info during refresh. "On-the-fly" syntax checking information may be incorrect. [C:\Users\fallo\Desktop\CECS 440\Lab 5\Lab5\Lab5.srcs\sources_1\new\alu.v:]
WARNING: [filemgmt 56-199] Attempt to get parsing info during refresh. "On-the-fly" syntax checking information may be incorrect. [C:\Users\fallo\Desktop\CECS 440\Lab 5\Lab5\Lab5.srcs\sources_1\new\aluout.v:]
WARNING: [filemgmt 56-199] Attempt to get parsing info during refresh. "On-the-fly" syntax checking information may be incorrect. [C:\Users\fallo\Desktop\CECS 440\Lab 5\Lab5\Lab5.srcs\sources_1\new\design.v:]
WARNING: [filemgmt 56-199] Attempt to get parsing info during refresh. "On-the-fly" syntax checking information may be incorrect. [C:\Users\fallo\Desktop\CECS 440\Lab 5\Lab5\Lab5.srcs\sources_1\new\aluout.v:]
WARNING: [filemgmt 56-199] Attempt to get parsing info during refresh. "On-the-fly" syntax checking information may be incorrect. [C:\Users\fallo\Desktop\CECS 440\Lab 5\Lab5\Lab5.srcs\sources_1\new\aluout.v:]
WARNING: [filemgmt 56-199] Attempt to get parsing info during refresh. "On-the-fly" syntax checking information may be incorrect. [C:\Users\fallo\Desktop\CECS 440\Lab 5\Lab5\Lab5.srcs\sim_1\new\testbench_skeleton-lab5.v:]
WARNING: [filemgmt 56-199] Attempt to get parsing info during refresh. "On-the-fly" syntax checking information may be incorrect. [C:\Users\fallo\Desktop\CECS 440\Lab 5\Lab5\Lab5.srcs\sources_1\new\regfile.v:]
WARNING: [filemgmt 56-199] Attempt to get parsing info during refresh. "On-the-fly" syntax checking information may be incorrect. [C:\Users\fallo\Desktop\CECS 440\Lab 5\Lab5\Lab5.srcs\sources_1\new\alu.v:]
WARNING: [filemgmt 56-199] Attempt to get parsing info during refresh. "On-the-fly" syntax checking information may be incorrect. [C:\Users\fallo\Desktop\CECS 440\Lab 5\Lab5\Lab5.srcs\sources_1\new\aluout.v:]
WARNING: [filemgmt 56-199] Attempt to get parsing info during refresh. "On-the-fly" syntax checking information may be incorrect. [C:\Users\fallo\Desktop\CECS 440\Lab 5\Lab5\Lab5.srcs\sources_1\new\design.v:]
WARNING: [filemgmt 56-199] Attempt to get parsing info during refresh. "On-the-fly" syntax checking information may be incorrect. [C:\Users\fallo\Desktop\CECS 440\Lab 5\Lab5\Lab5.srcs\sources_1\new\design.v:]
WARNING: [filemgmt 56-199] Attempt to get parsing info during refresh. "On-the-fly" syntax checking information may be incorrect. [C:\Users\fallo\Desktop\CECS 440\Lab 5\Lab5\Lab5.srcs\sources_1\new\design.v:]
WARNING: [filemgmt 56-199] Attempt to get parsing info during refresh. "On-the-fly" syntax checking information may be incorrect. [C:\Users\fallo\Desktop\CECS 440\Lab 5\Lab5\Lab5.srcs\sim_1\new\testbench_skeleton-lab5.v:]
WARNING: [filemgmt 56-199] Attempt to get parsing info during refresh. "On-the-fly" syntax checking information may be incorrect. [C:\Users\fallo\Desktop\CECS 440\Lab 5\Lab5\Lab5.srcs\sources_1\new\regfile.v:]
WARNING: [filemgmt 56-199] Attempt to get parsing info during refresh. "On-the-fly" syntax checking information may be incorrect. [C:\Users\fallo\Desktop\CECS 440\Lab 5\Lab5\Lab5.srcs\sources_1\new\alu.v:]
WARNING: [filemgmt 56-199] Attempt to get parsing info during refresh. "On-the-fly" syntax checking information may be incorrect. [C:\Users\fallo\Desktop\CECS 440\Lab 5\Lab5\Lab5.srcs\sources_1\new\aluout.v:]
WARNING: [filemgmt 56-199] Attempt to get parsing info during refresh. "On-the-fly" syntax checking information may be incorrect. [C:\Users\fallo\Desktop\CECS 440\Lab 5\Lab5\Lab5.srcs\sources_1\new\design.v:]
WARNING: [filemgmt 56-199] Attempt to get parsing info during refresh. "On-the-fly" syntax checking information may be incorrect. [C:\Users\fallo\Desktop\CECS 440\Lab 5\Lab5\Lab5.srcs\sources_1\new\alu.v:]
WARNING: [filemgmt 56-199] Attempt to get parsing info during refresh. "On-the-fly" syntax checking information may be incorrect. [C:\Users\fallo\Desktop\CECS 440\Lab 5\Lab5\Lab5.srcs\sources_1\new\alu.v:]
ERROR: [Common 17-180] Spawn failed: No error
WARNING: [filemgmt 56-199] Attempt to get parsing info during refresh. "On-the-fly" syntax checking information may be incorrect. [C:\Users\fallo\Desktop\CECS 440\Lab 5\Lab5\Lab5.srcs\sim_1\new\testbench_skeleton-lab5.v:]
WARNING: [filemgmt 56-199] Attempt to get parsing info during refresh. "On-the-fly" syntax checking information may be incorrect. [C:\Users\fallo\Desktop\CECS 440\Lab 5\Lab5\Lab5.srcs\sources_1\new\regfile.v:]
WARNING: [filemgmt 56-199] Attempt to get parsing info during refresh. "On-the-fly" syntax checking information may be incorrect. [C:\Users\fallo\Desktop\CECS 440\Lab 5\Lab5\Lab5.srcs\sources_1\new\alu.v:]
WARNING: [filemgmt 56-199] Attempt to get parsing info during refresh. "On-the-fly" syntax checking information may be incorrect. [C:\Users\fallo\Desktop\CECS 440\Lab 5\Lab5\Lab5.srcs\sources_1\new\aluout.v:]
WARNING: [filemgmt 56-199] Attempt to get parsing info during refresh. "On-the-fly" syntax checking information may be incorrect. [C:\Users\fallo\Desktop\CECS 440\Lab 5\Lab5\Lab5.srcs\sources_1\new\design.v:]
WARNING: [filemgmt 56-199] Attempt to get parsing info during refresh. "On-the-fly" syntax checking information may be incorrect. [C:\Users\fallo\Desktop\CECS 440\Lab 5\Lab5\Lab5.srcs\sim_1\new\testbench_skeleton-lab5.v:]
WARNING: [filemgmt 56-199] Attempt to get parsing info during refresh. "On-the-fly" syntax checking information may be incorrect. [C:\Users\fallo\Desktop\CECS 440\Lab 5\Lab5\Lab5.srcs\sim_1\new\testbench_skeleton-lab5.v:]
WARNING: [filemgmt 56-199] Attempt to get parsing info during refresh. "On-the-fly" syntax checking information may be incorrect. [C:\Users\fallo\Desktop\CECS 440\Lab 5\Lab5\Lab5.srcs\sim_1\new\testbench_skeleton-lab5.v:]
WARNING: [filemgmt 56-199] Attempt to get parsing info during refresh. "On-the-fly" syntax checking information may be incorrect. [C:\Users\fallo\Desktop\CECS 440\Lab 5\Lab5\Lab5.srcs\sources_1\new\regfile.v:]
WARNING: [filemgmt 56-199] Attempt to get parsing info during refresh. "On-the-fly" syntax checking information may be incorrect. [C:\Users\fallo\Desktop\CECS 440\Lab 5\Lab5\Lab5.srcs\sources_1\new\alu.v:]
WARNING: [filemgmt 56-199] Attempt to get parsing info during refresh. "On-the-fly" syntax checking information may be incorrect. [C:\Users\fallo\Desktop\CECS 440\Lab 5\Lab5\Lab5.srcs\sources_1\new\aluout.v:]
WARNING: [filemgmt 56-199] Attempt to get parsing info during refresh. "On-the-fly" syntax checking information may be incorrect. [C:\Users\fallo\Desktop\CECS 440\Lab 5\Lab5\Lab5.srcs\sources_1\new\design.v:]
WARNING: [filemgmt 56-199] Attempt to get parsing info during refresh. "On-the-fly" syntax checking information may be incorrect. [C:\Users\fallo\Desktop\CECS 440\Lab 5\Lab5\Lab5.srcs\sources_1\new\aluout.v:]
WARNING: [filemgmt 56-199] Attempt to get parsing info during refresh. "On-the-fly" syntax checking information may be incorrect. [C:\Users\fallo\Desktop\CECS 440\Lab 5\Lab5\Lab5.srcs\sources_1\new\aluout.v:]
WARNING: [filemgmt 56-199] Attempt to get parsing info during refresh. "On-the-fly" syntax checking information may be incorrect. [C:\Users\fallo\Desktop\CECS 440\Lab 5\Lab5\Lab5.srcs\sim_1\new\testbench_skeleton-lab5.v:]
WARNING: [filemgmt 56-199] Attempt to get parsing info during refresh. "On-the-fly" syntax checking information may be incorrect. [C:\Users\fallo\Desktop\CECS 440\Lab 5\Lab5\Lab5.srcs\sources_1\new\regfile.v:]
WARNING: [filemgmt 56-199] Attempt to get parsing info during refresh. "On-the-fly" syntax checking information may be incorrect. [C:\Users\fallo\Desktop\CECS 440\Lab 5\Lab5\Lab5.srcs\sources_1\new\alu.v:]
WARNING: [filemgmt 56-199] Attempt to get parsing info during refresh. "On-the-fly" syntax checking information may be incorrect. [C:\Users\fallo\Desktop\CECS 440\Lab 5\Lab5\Lab5.srcs\sources_1\new\aluout.v:]
WARNING: [filemgmt 56-199] Attempt to get parsing info during refresh. "On-the-fly" syntax checking information may be incorrect. [C:\Users\fallo\Desktop\CECS 440\Lab 5\Lab5\Lab5.srcs\sources_1\new\design.v:]
WARNING: [filemgmt 56-199] Attempt to get parsing info during refresh. "On-the-fly" syntax checking information may be incorrect. [C:\Users\fallo\Desktop\CECS 440\Lab 5\Lab5\Lab5.srcs\sources_1\new\design.v:]
WARNING: [filemgmt 56-199] Attempt to get parsing info during refresh. "On-the-fly" syntax checking information may be incorrect. [C:\Users\fallo\Desktop\CECS 440\Lab 5\Lab5\Lab5.srcs\sources_1\new\design.v:]
WARNING: [filemgmt 56-199] Attempt to get parsing info during refresh. "On-the-fly" syntax checking information may be incorrect. [C:\Users\fallo\Desktop\CECS 440\Lab 5\Lab5\Lab5.srcs\sim_1\new\testbench_skeleton-lab5.v:]
WARNING: [filemgmt 56-199] Attempt to get parsing info during refresh. "On-the-fly" syntax checking information may be incorrect. [C:\Users\fallo\Desktop\CECS 440\Lab 5\Lab5\Lab5.srcs\sources_1\new\regfile.v:]
WARNING: [filemgmt 56-199] Attempt to get parsing info during refresh. "On-the-fly" syntax checking information may be incorrect. [C:\Users\fallo\Desktop\CECS 440\Lab 5\Lab5\Lab5.srcs\sources_1\new\alu.v:]
WARNING: [filemgmt 56-199] Attempt to get parsing info during refresh. "On-the-fly" syntax checking information may be incorrect. [C:\Users\fallo\Desktop\CECS 440\Lab 5\Lab5\Lab5.srcs\sources_1\new\aluout.v:]
WARNING: [filemgmt 56-199] Attempt to get parsing info during refresh. "On-the-fly" syntax checking information may be incorrect. [C:\Users\fallo\Desktop\CECS 440\Lab 5\Lab5\Lab5.srcs\sources_1\new\design.v:]
WARNING: [filemgmt 56-199] Attempt to get parsing info during refresh. "On-the-fly" syntax checking information may be incorrect. [C:\Users\fallo\Desktop\CECS 440\Lab 5\Lab5\Lab5.srcs\sources_1\new\regfile.v:]
WARNING: [filemgmt 56-199] Attempt to get parsing info during refresh. "On-the-fly" syntax checking information may be incorrect. [C:\Users\fallo\Desktop\CECS 440\Lab 5\Lab5\Lab5.srcs\sources_1\new\regfile.v:]
WARNING: [filemgmt 56-199] Attempt to get parsing info during refresh. "On-the-fly" syntax checking information may be incorrect. [C:\Users\fallo\Desktop\CECS 440\Lab 5\Lab5\Lab5.srcs\sim_1\new\testbench_skeleton-lab5.v:]
WARNING: [filemgmt 56-199] Attempt to get parsing info during refresh. "On-the-fly" syntax checking information may be incorrect. [C:\Users\fallo\Desktop\CECS 440\Lab 5\Lab5\Lab5.srcs\sources_1\new\regfile.v:]
WARNING: [filemgmt 56-199] Attempt to get parsing info during refresh. "On-the-fly" syntax checking information may be incorrect. [C:\Users\fallo\Desktop\CECS 440\Lab 5\Lab5\Lab5.srcs\sources_1\new\alu.v:]
WARNING: [filemgmt 56-199] Attempt to get parsing info during refresh. "On-the-fly" syntax checking information may be incorrect. [C:\Users\fallo\Desktop\CECS 440\Lab 5\Lab5\Lab5.srcs\sources_1\new\aluout.v:]
WARNING: [filemgmt 56-199] Attempt to get parsing info during refresh. "On-the-fly" syntax checking information may be incorrect. [C:\Users\fallo\Desktop\CECS 440\Lab 5\Lab5\Lab5.srcs\sources_1\new\design.v:]
WARNING: [filemgmt 56-199] Attempt to get parsing info during refresh. "On-the-fly" syntax checking information may be incorrect. [C:\Users\fallo\Desktop\CECS 440\Lab 5\Lab5\Lab5.srcs\sim_1\new\testbench_skeleton-lab5.v:]
WARNING: [filemgmt 56-199] Attempt to get parsing info during refresh. "On-the-fly" syntax checking information may be incorrect. [C:\Users\fallo\Desktop\CECS 440\Lab 5\Lab5\Lab5.srcs\sim_1\new\testbench_skeleton-lab5.v:]
WARNING: [filemgmt 56-199] Attempt to get parsing info during refresh. "On-the-fly" syntax checking information may be incorrect. [C:\Users\fallo\Desktop\CECS 440\Lab 5\Lab5\Lab5.srcs\sim_1\new\testbench_skeleton-lab5.v:]
WARNING: [filemgmt 56-199] Attempt to get parsing info during refresh. "On-the-fly" syntax checking information may be incorrect. [C:\Users\fallo\Desktop\CECS 440\Lab 5\Lab5\Lab5.srcs\sources_1\new\regfile.v:]
WARNING: [filemgmt 56-199] Attempt to get parsing info during refresh. "On-the-fly" syntax checking information may be incorrect. [C:\Users\fallo\Desktop\CECS 440\Lab 5\Lab5\Lab5.srcs\sources_1\new\alu.v:]
WARNING: [filemgmt 56-199] Attempt to get parsing info during refresh. "On-the-fly" syntax checking information may be incorrect. [C:\Users\fallo\Desktop\CECS 440\Lab 5\Lab5\Lab5.srcs\sources_1\new\aluout.v:]
WARNING: [filemgmt 56-199] Attempt to get parsing info during refresh. "On-the-fly" syntax checking information may be incorrect. [C:\Users\fallo\Desktop\CECS 440\Lab 5\Lab5\Lab5.srcs\sources_1\new\design.v:]
WARNING: [filemgmt 56-199] Attempt to get parsing info during refresh. "On-the-fly" syntax checking information may be incorrect. [C:\Users\fallo\Desktop\CECS 440\Lab 5\Lab5\Lab5.srcs\sources_1\new\aluout.v:]
WARNING: [filemgmt 56-199] Attempt to get parsing info during refresh. "On-the-fly" syntax checking information may be incorrect. [C:\Users\fallo\Desktop\CECS 440\Lab 5\Lab5\Lab5.srcs\sources_1\new\aluout.v:]
ERROR: [Common 17-180] Spawn failed: No error
WARNING: [filemgmt 56-199] Attempt to get parsing info during refresh. "On-the-fly" syntax checking information may be incorrect. [C:\Users\fallo\Desktop\CECS 440\Lab 5\Lab5\Lab5.srcs\sim_1\new\testbench_skeleton-lab5.v:]
WARNING: [filemgmt 56-199] Attempt to get parsing info during refresh. "On-the-fly" syntax checking information may be incorrect. [C:\Users\fallo\Desktop\CECS 440\Lab 5\Lab5\Lab5.srcs\sources_1\new\regfile.v:]
WARNING: [filemgmt 56-199] Attempt to get parsing info during refresh. "On-the-fly" syntax checking information may be incorrect. [C:\Users\fallo\Desktop\CECS 440\Lab 5\Lab5\Lab5.srcs\sources_1\new\alu.v:]
WARNING: [filemgmt 56-199] Attempt to get parsing info during refresh. "On-the-fly" syntax checking information may be incorrect. [C:\Users\fallo\Desktop\CECS 440\Lab 5\Lab5\Lab5.srcs\sources_1\new\aluout.v:]
WARNING: [filemgmt 56-199] Attempt to get parsing info during refresh. "On-the-fly" syntax checking information may be incorrect. [C:\Users\fallo\Desktop\CECS 440\Lab 5\Lab5\Lab5.srcs\sources_1\new\design.v:]
WARNING: [filemgmt 56-199] Attempt to get parsing info during refresh. "On-the-fly" syntax checking information may be incorrect. [C:\Users\fallo\Desktop\CECS 440\Lab 5\Lab5\Lab5.srcs\sources_1\new\design.v:]
WARNING: [filemgmt 56-199] Attempt to get parsing info during refresh. "On-the-fly" syntax checking information may be incorrect. [C:\Users\fallo\Desktop\CECS 440\Lab 5\Lab5\Lab5.srcs\sources_1\new\design.v:]
WARNING: [filemgmt 56-199] Attempt to get parsing info during refresh. "On-the-fly" syntax checking information may be incorrect. [C:\Users\fallo\Desktop\CECS 440\Lab 5\Lab5\Lab5.srcs\sim_1\new\testbench_skeleton-lab5.v:]
WARNING: [filemgmt 56-199] Attempt to get parsing info during refresh. "On-the-fly" syntax checking information may be incorrect. [C:\Users\fallo\Desktop\CECS 440\Lab 5\Lab5\Lab5.srcs\sources_1\new\regfile.v:]
WARNING: [filemgmt 56-199] Attempt to get parsing info during refresh. "On-the-fly" syntax checking information may be incorrect. [C:\Users\fallo\Desktop\CECS 440\Lab 5\Lab5\Lab5.srcs\sources_1\new\alu.v:]
WARNING: [filemgmt 56-199] Attempt to get parsing info during refresh. "On-the-fly" syntax checking information may be incorrect. [C:\Users\fallo\Desktop\CECS 440\Lab 5\Lab5\Lab5.srcs\sources_1\new\aluout.v:]
WARNING: [filemgmt 56-199] Attempt to get parsing info during refresh. "On-the-fly" syntax checking information may be incorrect. [C:\Users\fallo\Desktop\CECS 440\Lab 5\Lab5\Lab5.srcs\sources_1\new\design.v:]
WARNING: [filemgmt 56-199] Attempt to get parsing info during refresh. "On-the-fly" syntax checking information may be incorrect. [C:\Users\fallo\Desktop\CECS 440\Lab 5\Lab5\Lab5.srcs\sources_1\new\alu.v:]
WARNING: [filemgmt 56-199] Attempt to get parsing info during refresh. "On-the-fly" syntax checking information may be incorrect. [C:\Users\fallo\Desktop\CECS 440\Lab 5\Lab5\Lab5.srcs\sources_1\new\alu.v:]
ERROR: [Common 17-180] Spawn failed: No error
launch_simulation
Command: launch_simulation 
INFO: [Vivado 12-12493] Simulation top is 'datapathTester'
WARNING: [Vivado 12-13340] Unable to auto find GCC executables from simulator install path! (path not set)
INFO: [Vivado 12-5682] Launching behavioral simulation in 'C:/Users/fallo/Desktop/CECS 440/Lab 5/Lab5/Lab5.sim/sim_1/behav/xsim'
INFO: [SIM-utils-51] Simulation object is 'sim_1'
INFO: [SIM-utils-72] Using boost library from 'E:/Vivado/2024.2/tps/boost_1_72_0'
INFO: [SIM-utils-54] Inspecting design source files for 'datapathTester' in fileset 'sim_1'...
INFO: [USF-XSim-97] Finding global include files...
INFO: [USF-XSim-98] Fetching design files from 'sim_1'...
INFO: [USF-XSim-2] XSim::Compile design
INFO: [USF-XSim-61] Executing 'COMPILE and ANALYZE' step in 'C:/Users/fallo/Desktop/CECS 440/Lab 5/Lab5/Lab5.sim/sim_1/behav/xsim'
"xvlog --incr --relax -prj datapathTester_vlog.prj"
INFO: [VRFC 10-2263] Analyzing Verilog file "C:/Users/fallo/Desktop/CECS 440/Lab 5/Lab5/Lab5.srcs/sources_1/new/alu.v" into library xil_defaultlib
INFO: [VRFC 10-311] analyzing module alu
INFO: [VRFC 10-2263] Analyzing Verilog file "C:/Users/fallo/Desktop/CECS 440/Lab 5/Lab5/Lab5.srcs/sources_1/new/design.v" into library xil_defaultlib
INFO: [VRFC 10-311] analyzing module regfile
INFO: [VRFC 10-311] analyzing module aluout
INFO: [VRFC 10-311] analyzing module alu
WARNING: [VRFC 10-3609] overwriting previous definition of module 'alu' [C:/Users/fallo/Desktop/CECS 440/Lab 5/Lab5/Lab5.srcs/sources_1/new/alu.v:8]
INFO: [VRFC 10-311] analyzing module simple_datapath
INFO: [VRFC 10-2263] Analyzing Verilog file "C:/Users/fallo/Desktop/CECS 440/Lab 5/Lab5/Lab5.srcs/sources_1/new/regfile.v" into library xil_defaultlib
INFO: [VRFC 10-311] analyzing module regfile
WARNING: [VRFC 10-3609] overwriting previous definition of module 'regfile' [C:/Users/fallo/Desktop/CECS 440/Lab 5/Lab5/Lab5.srcs/sources_1/new/regfile.v:5]
INFO: [VRFC 10-2263] Analyzing Verilog file "C:/Users/fallo/Desktop/CECS 440/Lab 5/Lab5/Lab5.srcs/sim_1/new/testbench_skeleton-lab5.v" into library xil_defaultlib
INFO: [VRFC 10-311] analyzing module datapathTester
INFO: [USF-XSim-69] 'compile' step finished in '1' seconds
INFO: [USF-XSim-3] XSim::Elaborate design
INFO: [USF-XSim-61] Executing 'ELABORATE' step in 'C:/Users/fallo/Desktop/CECS 440/Lab 5/Lab5/Lab5.sim/sim_1/behav/xsim'
"xelab --incr --debug typical --relax --mt 2 -L xil_defaultlib -L unisims_ver -L unimacro_ver -L secureip --snapshot datapathTester_behav xil_defaultlib.datapathTester xil_defaultlib.glbl -log elaborate.log"
Vivado Simulator v2024.2.0
Copyright 1986-2022 Xilinx, Inc. All Rights Reserved.
Copyright 2022-2024 Advanced Micro Devices, Inc. All Rights Reserved.
Running: E:/Vivado/2024.2/bin/unwrapped/win64.o/xelab.exe --incr --debug typical --relax --mt 2 -L xil_defaultlib -L unisims_ver -L unimacro_ver -L secureip --snapshot datapathTester_behav xil_defaultlib.datapathTester xil_defaultlib.glbl -log elaborate.log 
Using 2 slave threads.
Starting static elaboration
Pass Through NonSizing Optimizer
WARNING: [VRFC 10-3091] actual bit length 1 differs from formal bit length 5 for port 'rd_addr2' [C:/Users/fallo/Desktop/CECS 440/Lab 5/Lab5/Lab5.srcs/sources_1/new/design.v:23]
WARNING: [VRFC 10-3091] actual bit length 1 differs from formal bit length 32 for port 'y' [C:/Users/fallo/Desktop/CECS 440/Lab 5/Lab5/Lab5.srcs/sources_1/new/design.v:35]
WARNING: [VRFC 10-5021] port 'op_code' is not connected on this instance [C:/Users/fallo/Desktop/CECS 440/Lab 5/Lab5/Lab5.srcs/sim_1/new/testbench_skeleton-lab5.v:14]
Completed static elaboration
Starting simulation data flow analysis
Completed simulation data flow analysis
Time Resolution for simulation is 1ps
Compiling module xil_defaultlib.regfile
Compiling module xil_defaultlib.alu(width=32)
Compiling module xil_defaultlib.simple_datapath
Compiling module xil_defaultlib.datapathTester
Compiling module xil_defaultlib.glbl
Built simulation snapshot datapathTester_behav
INFO: [USF-XSim-69] 'elaborate' step finished in '2' seconds
INFO: [USF-XSim-4] XSim::Simulate design
INFO: [USF-XSim-61] Executing 'SIMULATE' step in 'C:/Users/fallo/Desktop/CECS 440/Lab 5/Lab5/Lab5.sim/sim_1/behav/xsim'
INFO: [USF-XSim-98] *** Running xsim
   with args "datapathTester_behav -key {Behavioral:sim_1:Functional:datapathTester} -tclbatch {datapathTester.tcl} -log {simulate.log}"
INFO: [USF-XSim-8] Loading simulator feature
Time resolution is 1 ps
source datapathTester.tcl
# set curr_wave [current_wave_config]
# if { [string length $curr_wave] == 0 } {
#   if { [llength [get_objects]] > 0} {
#     add_wave /
#     set_property needs_save false [current_wave_config]
#   } else {
#      send_msg_id Add_Wave-1 WARNING "No top level signals found. Simulator will start without a wave window. If you want to open a wave window go to 'File->New Waveform Configuration' or type 'create_wave_config' in the TCL console."
#   }
# }
# run 1000ns
Registers Initialized!
	Register	Content
          0	0x00000000
          1	0xffff0000
          2	0x0a0a0a0a
          3	0x000001f4
          4	0x000003e8
          5	0x00000005
          6	0x00000006
          7	0x00000007
          8	0x00000008
          9	0x00000009
         10	0x0000000a
         11	0x0000000b
         12	0x0000000c
         13	0x0000000d
         14	0x0000000e
         15	0x0000000f
         16	0x00000010
         17	0x00000011
         18	0x00000012
         19	0x00000013
         20	0x00000014
         21	0x00000015
         22	0x00000016
         23	0x00000017
         24	0x00000018
         25	0x00000019
         26	0x0000001a
         27	0x0000001b
         28	0x0000001c
         29	0x0000001d
         30	0x0000001e
         31	0x0000001f

Checking test case
srca =          x, srcb =          x
add $ALUout, $11, $ 4 performed
sum =          z
Test Failed!!!

Checking test case
srca =          x, srcb =          x
increment $ALUout, $11 performed
d_out =          z
Test Failed!!!

Checking test case
srca = xxxxxxxx, srcb = xxxxxxxx
and $ALUout, $ 1, $10 performed
d_out = zzzzzzzz
Test Failed!!!

Checking test case
srca = xxxxxxxx, srcb = xxxxxxxx
or $ALUout, $ 1, $10 performed
d_out = zzzzzzzz
Test Failed!!!

Checking test case
srca = xxxxxxxx, srcb = xxxxxxxx
xor $ALUout, $10, $ 1 performed
d_out = zzzzzzzz
Test Failed!!!

Checking test case
srca = xxxxxxxx, srcb = xxxxxxxx
not $ALUout, $10 performed
d_out = zzzzzzzz
Test Failed!!!

Checking test case
srca =          x, srcb =          x
sll $ALUout, $ 4, performed
d_out =          z
Test Failed!!!

Checking test case
srca = xxxxxxxx, srcb = xxxxxxxx
nop operation performed
d_out = zzzzzzzz
Test Failed!!!
$finish called at time : 146 ns : File "C:/Users/fallo/Desktop/CECS 440/Lab 5/Lab5/Lab5.srcs/sim_1/new/testbench_skeleton-lab5.v" Line 105
INFO: [USF-XSim-96] XSim completed. Design snapshot 'datapathTester_behav' loaded.
INFO: [USF-XSim-97] XSim simulation ran for 1000ns
run all
WARNING: [filemgmt 56-199] Attempt to get parsing info during refresh. "On-the-fly" syntax checking information may be incorrect. [C:\Users\fallo\Desktop\CECS 440\Lab 5\Lab5\Lab5.srcs\sim_1\new\testbench_skeleton-lab5.v:]
WARNING: [filemgmt 56-199] Attempt to get parsing info during refresh. "On-the-fly" syntax checking information may be incorrect. [C:\Users\fallo\Desktop\CECS 440\Lab 5\Lab5\Lab5.srcs\sources_1\new\regfile.v:]
WARNING: [filemgmt 56-199] Attempt to get parsing info during refresh. "On-the-fly" syntax checking information may be incorrect. [C:\Users\fallo\Desktop\CECS 440\Lab 5\Lab5\Lab5.srcs\sources_1\new\alu.v:]
WARNING: [filemgmt 56-199] Attempt to get parsing info during refresh. "On-the-fly" syntax checking information may be incorrect. [C:\Users\fallo\Desktop\CECS 440\Lab 5\Lab5\Lab5.srcs\sources_1\new\aluout.v:]
WARNING: [filemgmt 56-199] Attempt to get parsing info during refresh. "On-the-fly" syntax checking information may be incorrect. [C:\Users\fallo\Desktop\CECS 440\Lab 5\Lab5\Lab5.srcs\sources_1\new\design.v:]
WARNING: [filemgmt 56-199] Attempt to get parsing info during refresh. "On-the-fly" syntax checking information may be incorrect. [C:\Users\fallo\Desktop\CECS 440\Lab 5\Lab5\Lab5.srcs\sim_1\new\testbench_skeleton-lab5.v:]
WARNING: [filemgmt 56-199] Attempt to get parsing info during refresh. "On-the-fly" syntax checking information may be incorrect. [C:\Users\fallo\Desktop\CECS 440\Lab 5\Lab5\Lab5.srcs\sim_1\new\testbench_skeleton-lab5.v:]
WARNING: [filemgmt 56-199] Attempt to get parsing info during refresh. "On-the-fly" syntax checking information may be incorrect. [C:\Users\fallo\Desktop\CECS 440\Lab 5\Lab5\Lab5.srcs\sim_1\new\testbench_skeleton-lab5.v:]
WARNING: [filemgmt 56-199] Attempt to get parsing info during refresh. "On-the-fly" syntax checking information may be incorrect. [C:\Users\fallo\Desktop\CECS 440\Lab 5\Lab5\Lab5.srcs\sources_1\new\regfile.v:]
WARNING: [filemgmt 56-199] Attempt to get parsing info during refresh. "On-the-fly" syntax checking information may be incorrect. [C:\Users\fallo\Desktop\CECS 440\Lab 5\Lab5\Lab5.srcs\sources_1\new\alu.v:]
WARNING: [filemgmt 56-199] Attempt to get parsing info during refresh. "On-the-fly" syntax checking information may be incorrect. [C:\Users\fallo\Desktop\CECS 440\Lab 5\Lab5\Lab5.srcs\sources_1\new\aluout.v:]
WARNING: [filemgmt 56-199] Attempt to get parsing info during refresh. "On-the-fly" syntax checking information may be incorrect. [C:\Users\fallo\Desktop\CECS 440\Lab 5\Lab5\Lab5.srcs\sources_1\new\design.v:]
WARNING: [filemgmt 56-199] Attempt to get parsing info during refresh. "On-the-fly" syntax checking information may be incorrect. [C:\Users\fallo\Desktop\CECS 440\Lab 5\Lab5\Lab5.srcs\sources_1\new\aluout.v:]
WARNING: [filemgmt 56-199] Attempt to get parsing info during refresh. "On-the-fly" syntax checking information may be incorrect. [C:\Users\fallo\Desktop\CECS 440\Lab 5\Lab5\Lab5.srcs\sources_1\new\aluout.v:]
ERROR: [Common 17-180] Spawn failed: No error
WARNING: [filemgmt 56-199] Attempt to get parsing info during refresh. "On-the-fly" syntax checking information may be incorrect. [C:\Users\fallo\Desktop\CECS 440\Lab 5\Lab5\Lab5.srcs\sim_1\new\testbench_skeleton-lab5.v:]
WARNING: [filemgmt 56-199] Attempt to get parsing info during refresh. "On-the-fly" syntax checking information may be incorrect. [C:\Users\fallo\Desktop\CECS 440\Lab 5\Lab5\Lab5.srcs\sources_1\new\regfile.v:]
WARNING: [filemgmt 56-199] Attempt to get parsing info during refresh. "On-the-fly" syntax checking information may be incorrect. [C:\Users\fallo\Desktop\CECS 440\Lab 5\Lab5\Lab5.srcs\sources_1\new\alu.v:]
WARNING: [filemgmt 56-199] Attempt to get parsing info during refresh. "On-the-fly" syntax checking information may be incorrect. [C:\Users\fallo\Desktop\CECS 440\Lab 5\Lab5\Lab5.srcs\sources_1\new\aluout.v:]
WARNING: [filemgmt 56-199] Attempt to get parsing info during refresh. "On-the-fly" syntax checking information may be incorrect. [C:\Users\fallo\Desktop\CECS 440\Lab 5\Lab5\Lab5.srcs\sources_1\new\design.v:]
WARNING: [filemgmt 56-199] Attempt to get parsing info during refresh. "On-the-fly" syntax checking information may be incorrect. [C:\Users\fallo\Desktop\CECS 440\Lab 5\Lab5\Lab5.srcs\sources_1\new\design.v:]
WARNING: [filemgmt 56-199] Attempt to get parsing info during refresh. "On-the-fly" syntax checking information may be incorrect. [C:\Users\fallo\Desktop\CECS 440\Lab 5\Lab5\Lab5.srcs\sources_1\new\design.v:]
WARNING: [filemgmt 56-199] Attempt to get parsing info during refresh. "On-the-fly" syntax checking information may be incorrect. [C:\Users\fallo\Desktop\CECS 440\Lab 5\Lab5\Lab5.srcs\sim_1\new\testbench_skeleton-lab5.v:]
WARNING: [filemgmt 56-199] Attempt to get parsing info during refresh. "On-the-fly" syntax checking information may be incorrect. [C:\Users\fallo\Desktop\CECS 440\Lab 5\Lab5\Lab5.srcs\sources_1\new\regfile.v:]
WARNING: [filemgmt 56-199] Attempt to get parsing info during refresh. "On-the-fly" syntax checking information may be incorrect. [C:\Users\fallo\Desktop\CECS 440\Lab 5\Lab5\Lab5.srcs\sources_1\new\alu.v:]
WARNING: [filemgmt 56-199] Attempt to get parsing info during refresh. "On-the-fly" syntax checking information may be incorrect. [C:\Users\fallo\Desktop\CECS 440\Lab 5\Lab5\Lab5.srcs\sources_1\new\aluout.v:]
WARNING: [filemgmt 56-199] Attempt to get parsing info during refresh. "On-the-fly" syntax checking information may be incorrect. [C:\Users\fallo\Desktop\CECS 440\Lab 5\Lab5\Lab5.srcs\sources_1\new\design.v:]
WARNING: [filemgmt 56-199] Attempt to get parsing info during refresh. "On-the-fly" syntax checking information may be incorrect. [C:\Users\fallo\Desktop\CECS 440\Lab 5\Lab5\Lab5.srcs\sources_1\new\alu.v:]
WARNING: [filemgmt 56-199] Attempt to get parsing info during refresh. "On-the-fly" syntax checking information may be incorrect. [C:\Users\fallo\Desktop\CECS 440\Lab 5\Lab5\Lab5.srcs\sources_1\new\alu.v:]
ERROR: [Common 17-180] Spawn failed: No error
run: Time (s): cpu = 00:00:30 ; elapsed = 00:00:28 . Memory (MB): peak = 1698.758 ; gain = 0.000
ERROR: [Common 17-39] 'run' failed due to earlier errors.
update_compile_order -fileset sources_1
WARNING: [filemgmt 56-199] Attempt to get parsing info during refresh. "On-the-fly" syntax checking information may be incorrect. [C:\Users\fallo\Desktop\CECS 440\Lab 5\Lab5\Lab5.srcs\sim_1\new\testbench_skeleton-lab5.v:]
WARNING: [filemgmt 56-199] Attempt to get parsing info during refresh. "On-the-fly" syntax checking information may be incorrect. [C:\Users\fallo\Desktop\CECS 440\Lab 5\Lab5\Lab5.srcs\sources_1\new\regfile.v:]
WARNING: [filemgmt 56-199] Attempt to get parsing info during refresh. "On-the-fly" syntax checking information may be incorrect. [C:\Users\fallo\Desktop\CECS 440\Lab 5\Lab5\Lab5.srcs\sources_1\new\alu.v:]
WARNING: [filemgmt 56-199] Attempt to get parsing info during refresh. "On-the-fly" syntax checking information may be incorrect. [C:\Users\fallo\Desktop\CECS 440\Lab 5\Lab5\Lab5.srcs\sources_1\new\aluout.v:]
WARNING: [filemgmt 56-199] Attempt to get parsing info during refresh. "On-the-fly" syntax checking information may be incorrect. [C:\Users\fallo\Desktop\CECS 440\Lab 5\Lab5\Lab5.srcs\sources_1\new\design.v:]
WARNING: [filemgmt 56-199] Attempt to get parsing info during refresh. "On-the-fly" syntax checking information may be incorrect. [C:\Users\fallo\Desktop\CECS 440\Lab 5\Lab5\Lab5.srcs\sim_1\new\testbench_skeleton-lab5.v:]
WARNING: [filemgmt 56-199] Attempt to get parsing info during refresh. "On-the-fly" syntax checking information may be incorrect. [C:\Users\fallo\Desktop\CECS 440\Lab 5\Lab5\Lab5.srcs\sim_1\new\testbench_skeleton-lab5.v:]
WARNING: [filemgmt 56-199] Attempt to get parsing info during refresh. "On-the-fly" syntax checking information may be incorrect. [C:\Users\fallo\Desktop\CECS 440\Lab 5\Lab5\Lab5.srcs\sim_1\new\testbench_skeleton-lab5.v:]
WARNING: [filemgmt 56-199] Attempt to get parsing info during refresh. "On-the-fly" syntax checking information may be incorrect. [C:\Users\fallo\Desktop\CECS 440\Lab 5\Lab5\Lab5.srcs\sources_1\new\regfile.v:]
WARNING: [filemgmt 56-199] Attempt to get parsing info during refresh. "On-the-fly" syntax checking information may be incorrect. [C:\Users\fallo\Desktop\CECS 440\Lab 5\Lab5\Lab5.srcs\sources_1\new\alu.v:]
WARNING: [filemgmt 56-199] Attempt to get parsing info during refresh. "On-the-fly" syntax checking information may be incorrect. [C:\Users\fallo\Desktop\CECS 440\Lab 5\Lab5\Lab5.srcs\sources_1\new\aluout.v:]
WARNING: [filemgmt 56-199] Attempt to get parsing info during refresh. "On-the-fly" syntax checking information may be incorrect. [C:\Users\fallo\Desktop\CECS 440\Lab 5\Lab5\Lab5.srcs\sources_1\new\design.v:]
WARNING: [filemgmt 56-199] Attempt to get parsing info during refresh. "On-the-fly" syntax checking information may be incorrect. [C:\Users\fallo\Desktop\CECS 440\Lab 5\Lab5\Lab5.srcs\sources_1\new\aluout.v:]
WARNING: [filemgmt 56-199] Attempt to get parsing info during refresh. "On-the-fly" syntax checking information may be incorrect. [C:\Users\fallo\Desktop\CECS 440\Lab 5\Lab5\Lab5.srcs\sources_1\new\aluout.v:]
WARNING: [filemgmt 56-199] Attempt to get parsing info during refresh. "On-the-fly" syntax checking information may be incorrect. [C:\Users\fallo\Desktop\CECS 440\Lab 5\Lab5\Lab5.srcs\sim_1\new\testbench_skeleton-lab5.v:]
WARNING: [filemgmt 56-199] Attempt to get parsing info during refresh. "On-the-fly" syntax checking information may be incorrect. [C:\Users\fallo\Desktop\CECS 440\Lab 5\Lab5\Lab5.srcs\sources_1\new\regfile.v:]
WARNING: [filemgmt 56-199] Attempt to get parsing info during refresh. "On-the-fly" syntax checking information may be incorrect. [C:\Users\fallo\Desktop\CECS 440\Lab 5\Lab5\Lab5.srcs\sources_1\new\alu.v:]
WARNING: [filemgmt 56-199] Attempt to get parsing info during refresh. "On-the-fly" syntax checking information may be incorrect. [C:\Users\fallo\Desktop\CECS 440\Lab 5\Lab5\Lab5.srcs\sources_1\new\aluout.v:]
WARNING: [filemgmt 56-199] Attempt to get parsing info during refresh. "On-the-fly" syntax checking information may be incorrect. [C:\Users\fallo\Desktop\CECS 440\Lab 5\Lab5\Lab5.srcs\sources_1\new\design.v:]
WARNING: [filemgmt 56-199] Attempt to get parsing info during refresh. "On-the-fly" syntax checking information may be incorrect. [C:\Users\fallo\Desktop\CECS 440\Lab 5\Lab5\Lab5.srcs\sources_1\new\design.v:]
WARNING: [filemgmt 56-199] Attempt to get parsing info during refresh. "On-the-fly" syntax checking information may be incorrect. [C:\Users\fallo\Desktop\CECS 440\Lab 5\Lab5\Lab5.srcs\sources_1\new\design.v:]
WARNING: [filemgmt 56-199] Attempt to get parsing info during refresh. "On-the-fly" syntax checking information may be incorrect. [C:\Users\fallo\Desktop\CECS 440\Lab 5\Lab5\Lab5.srcs\sim_1\new\testbench_skeleton-lab5.v:]
WARNING: [filemgmt 56-199] Attempt to get parsing info during refresh. "On-the-fly" syntax checking information may be incorrect. [C:\Users\fallo\Desktop\CECS 440\Lab 5\Lab5\Lab5.srcs\sources_1\new\regfile.v:]
WARNING: [filemgmt 56-199] Attempt to get parsing info during refresh. "On-the-fly" syntax checking information may be incorrect. [C:\Users\fallo\Desktop\CECS 440\Lab 5\Lab5\Lab5.srcs\sources_1\new\alu.v:]
WARNING: [filemgmt 56-199] Attempt to get parsing info during refresh. "On-the-fly" syntax checking information may be incorrect. [C:\Users\fallo\Desktop\CECS 440\Lab 5\Lab5\Lab5.srcs\sources_1\new\aluout.v:]
WARNING: [filemgmt 56-199] Attempt to get parsing info during refresh. "On-the-fly" syntax checking information may be incorrect. [C:\Users\fallo\Desktop\CECS 440\Lab 5\Lab5\Lab5.srcs\sources_1\new\design.v:]
WARNING: [filemgmt 56-199] Attempt to get parsing info during refresh. "On-the-fly" syntax checking information may be incorrect. [C:\Users\fallo\Desktop\CECS 440\Lab 5\Lab5\Lab5.srcs\sources_1\new\alu.v:]
WARNING: [filemgmt 56-199] Attempt to get parsing info during refresh. "On-the-fly" syntax checking information may be incorrect. [C:\Users\fallo\Desktop\CECS 440\Lab 5\Lab5\Lab5.srcs\sources_1\new\alu.v:]
run all
INFO: [Common 17-41] Interrupt caught. Command should exit soon.
run: Time (s): cpu = 00:00:10 ; elapsed = 00:00:09 . Memory (MB): peak = 1698.758 ; gain = 0.000
INFO: [Common 17-344] 'run' was cancelled
WARNING: [filemgmt 56-199] Attempt to get parsing info during refresh. "On-the-fly" syntax checking information may be incorrect. [C:\Users\fallo\Desktop\CECS 440\Lab 5\Lab5\Lab5.srcs\sim_1\new\testbench_skeleton-lab5.v:]
WARNING: [filemgmt 56-199] Attempt to get parsing info during refresh. "On-the-fly" syntax checking information may be incorrect. [C:\Users\fallo\Desktop\CECS 440\Lab 5\Lab5\Lab5.srcs\sources_1\new\regfile.v:]
WARNING: [filemgmt 56-199] Attempt to get parsing info during refresh. "On-the-fly" syntax checking information may be incorrect. [C:\Users\fallo\Desktop\CECS 440\Lab 5\Lab5\Lab5.srcs\sources_1\new\alu.v:]
WARNING: [filemgmt 56-199] Attempt to get parsing info during refresh. "On-the-fly" syntax checking information may be incorrect. [C:\Users\fallo\Desktop\CECS 440\Lab 5\Lab5\Lab5.srcs\sources_1\new\aluout.v:]
WARNING: [filemgmt 56-199] Attempt to get parsing info during refresh. "On-the-fly" syntax checking information may be incorrect. [C:\Users\fallo\Desktop\CECS 440\Lab 5\Lab5\Lab5.srcs\sources_1\new\design.v:]
WARNING: [filemgmt 56-199] Attempt to get parsing info during refresh. "On-the-fly" syntax checking information may be incorrect. [C:\Users\fallo\Desktop\CECS 440\Lab 5\Lab5\Lab5.srcs\sim_1\new\testbench_skeleton-lab5.v:]
WARNING: [filemgmt 56-199] Attempt to get parsing info during refresh. "On-the-fly" syntax checking information may be incorrect. [C:\Users\fallo\Desktop\CECS 440\Lab 5\Lab5\Lab5.srcs\sim_1\new\testbench_skeleton-lab5.v:]
WARNING: [filemgmt 56-199] Attempt to get parsing info during refresh. "On-the-fly" syntax checking information may be incorrect. [C:\Users\fallo\Desktop\CECS 440\Lab 5\Lab5\Lab5.srcs\sim_1\new\testbench_skeleton-lab5.v:]
WARNING: [filemgmt 56-199] Attempt to get parsing info during refresh. "On-the-fly" syntax checking information may be incorrect. [C:\Users\fallo\Desktop\CECS 440\Lab 5\Lab5\Lab5.srcs\sources_1\new\regfile.v:]
WARNING: [filemgmt 56-199] Attempt to get parsing info during refresh. "On-the-fly" syntax checking information may be incorrect. [C:\Users\fallo\Desktop\CECS 440\Lab 5\Lab5\Lab5.srcs\sources_1\new\alu.v:]
WARNING: [filemgmt 56-199] Attempt to get parsing info during refresh. "On-the-fly" syntax checking information may be incorrect. [C:\Users\fallo\Desktop\CECS 440\Lab 5\Lab5\Lab5.srcs\sources_1\new\aluout.v:]
WARNING: [filemgmt 56-199] Attempt to get parsing info during refresh. "On-the-fly" syntax checking information may be incorrect. [C:\Users\fallo\Desktop\CECS 440\Lab 5\Lab5\Lab5.srcs\sources_1\new\design.v:]
WARNING: [filemgmt 56-199] Attempt to get parsing info during refresh. "On-the-fly" syntax checking information may be incorrect. [C:\Users\fallo\Desktop\CECS 440\Lab 5\Lab5\Lab5.srcs\sources_1\new\aluout.v:]
WARNING: [filemgmt 56-199] Attempt to get parsing info during refresh. "On-the-fly" syntax checking information may be incorrect. [C:\Users\fallo\Desktop\CECS 440\Lab 5\Lab5\Lab5.srcs\sources_1\new\aluout.v:]
WARNING: [filemgmt 56-199] Attempt to get parsing info during refresh. "On-the-fly" syntax checking information may be incorrect. [C:\Users\fallo\Desktop\CECS 440\Lab 5\Lab5\Lab5.srcs\sim_1\new\testbench_skeleton-lab5.v:]
WARNING: [filemgmt 56-199] Attempt to get parsing info during refresh. "On-the-fly" syntax checking information may be incorrect. [C:\Users\fallo\Desktop\CECS 440\Lab 5\Lab5\Lab5.srcs\sources_1\new\regfile.v:]
WARNING: [filemgmt 56-199] Attempt to get parsing info during refresh. "On-the-fly" syntax checking information may be incorrect. [C:\Users\fallo\Desktop\CECS 440\Lab 5\Lab5\Lab5.srcs\sources_1\new\alu.v:]
WARNING: [filemgmt 56-199] Attempt to get parsing info during refresh. "On-the-fly" syntax checking information may be incorrect. [C:\Users\fallo\Desktop\CECS 440\Lab 5\Lab5\Lab5.srcs\sources_1\new\aluout.v:]
WARNING: [filemgmt 56-199] Attempt to get parsing info during refresh. "On-the-fly" syntax checking information may be incorrect. [C:\Users\fallo\Desktop\CECS 440\Lab 5\Lab5\Lab5.srcs\sources_1\new\design.v:]
WARNING: [filemgmt 56-199] Attempt to get parsing info during refresh. "On-the-fly" syntax checking information may be incorrect. [C:\Users\fallo\Desktop\CECS 440\Lab 5\Lab5\Lab5.srcs\sources_1\new\design.v:]
WARNING: [filemgmt 56-199] Attempt to get parsing info during refresh. "On-the-fly" syntax checking information may be incorrect. [C:\Users\fallo\Desktop\CECS 440\Lab 5\Lab5\Lab5.srcs\sources_1\new\design.v:]
ERROR: [Common 17-180] Spawn failed: No error
WARNING: [filemgmt 56-199] Attempt to get parsing info during refresh. "On-the-fly" syntax checking information may be incorrect. [C:\Users\fallo\Desktop\CECS 440\Lab 5\Lab5\Lab5.srcs\sim_1\new\testbench_skeleton-lab5.v:]
WARNING: [filemgmt 56-199] Attempt to get parsing info during refresh. "On-the-fly" syntax checking information may be incorrect. [C:\Users\fallo\Desktop\CECS 440\Lab 5\Lab5\Lab5.srcs\sources_1\new\regfile.v:]
WARNING: [filemgmt 56-199] Attempt to get parsing info during refresh. "On-the-fly" syntax checking information may be incorrect. [C:\Users\fallo\Desktop\CECS 440\Lab 5\Lab5\Lab5.srcs\sources_1\new\alu.v:]
WARNING: [filemgmt 56-199] Attempt to get parsing info during refresh. "On-the-fly" syntax checking information may be incorrect. [C:\Users\fallo\Desktop\CECS 440\Lab 5\Lab5\Lab5.srcs\sources_1\new\aluout.v:]
WARNING: [filemgmt 56-199] Attempt to get parsing info during refresh. "On-the-fly" syntax checking information may be incorrect. [C:\Users\fallo\Desktop\CECS 440\Lab 5\Lab5\Lab5.srcs\sources_1\new\design.v:]
ERROR: [Common 17-180] Spawn failed: No error
WARNING: [filemgmt 56-199] Attempt to get parsing info during refresh. "On-the-fly" syntax checking information may be incorrect. [C:\Users\fallo\Desktop\CECS 440\Lab 5\Lab5\Lab5.srcs\sources_1\new\alu.v:]
WARNING: [filemgmt 56-199] Attempt to get parsing info during refresh. "On-the-fly" syntax checking information may be incorrect. [C:\Users\fallo\Desktop\CECS 440\Lab 5\Lab5\Lab5.srcs\sources_1\new\alu.v:]
close_sim
INFO: [Simtcl 6-16] Simulation closed
launch_simulation
Command: launch_simulation 
INFO: [Vivado 12-12493] Simulation top is 'datapathTester'
WARNING: [Vivado 12-13340] Unable to auto find GCC executables from simulator install path! (path not set)
INFO: [Vivado 12-5682] Launching behavioral simulation in 'C:/Users/fallo/Desktop/CECS 440/Lab 5/Lab5/Lab5.sim/sim_1/behav/xsim'
INFO: [SIM-utils-51] Simulation object is 'sim_1'
INFO: [SIM-utils-72] Using boost library from 'E:/Vivado/2024.2/tps/boost_1_72_0'
INFO: [SIM-utils-54] Inspecting design source files for 'datapathTester' in fileset 'sim_1'...
INFO: [USF-XSim-97] Finding global include files...
INFO: [USF-XSim-98] Fetching design files from 'sim_1'...
INFO: [USF-XSim-2] XSim::Compile design
INFO: [USF-XSim-61] Executing 'COMPILE and ANALYZE' step in 'C:/Users/fallo/Desktop/CECS 440/Lab 5/Lab5/Lab5.sim/sim_1/behav/xsim'
"xvlog --incr --relax -prj datapathTester_vlog.prj"
INFO: [VRFC 10-2263] Analyzing Verilog file "C:/Users/fallo/Desktop/CECS 440/Lab 5/Lab5/Lab5.srcs/sources_1/new/alu.v" into library xil_defaultlib
INFO: [VRFC 10-311] analyzing module alu
INFO: [VRFC 10-2263] Analyzing Verilog file "C:/Users/fallo/Desktop/CECS 440/Lab 5/Lab5/Lab5.srcs/sources_1/new/aluout.v" into library xil_defaultlib
INFO: [VRFC 10-311] analyzing module aluout
INFO: [VRFC 10-2263] Analyzing Verilog file "C:/Users/fallo/Desktop/CECS 440/Lab 5/Lab5/Lab5.srcs/sources_1/new/design.v" into library xil_defaultlib
INFO: [VRFC 10-311] analyzing module regfile
INFO: [VRFC 10-311] analyzing module aluout
WARNING: [VRFC 10-3609] overwriting previous definition of module 'aluout' [C:/Users/fallo/Desktop/CECS 440/Lab 5/Lab5/Lab5.srcs/sources_1/new/aluout.v:4]
INFO: [VRFC 10-311] analyzing module alu
WARNING: [VRFC 10-3609] overwriting previous definition of module 'alu' [C:/Users/fallo/Desktop/CECS 440/Lab 5/Lab5/Lab5.srcs/sources_1/new/alu.v:8]
INFO: [VRFC 10-311] analyzing module simple_datapath
ERROR: [VRFC 10-2934] 'aluout' is already declared [C:/Users/fallo/Desktop/CECS 440/Lab 5/Lab5/Lab5.srcs/sources_1/new/design.v:43]
ERROR: [VRFC 10-3000] 'aluout' is not valid in an expression [C:/Users/fallo/Desktop/CECS 440/Lab 5/Lab5/Lab5.srcs/sources_1/new/design.v:50]
ERROR: [VRFC 10-8530] module 'simple_datapath' is ignored due to previous errors [C:/Users/fallo/Desktop/CECS 440/Lab 5/Lab5/Lab5.srcs/sources_1/new/design.v:7]
INFO: [USF-XSim-69] 'compile' step finished in '2' seconds
INFO: [USF-XSim-99] Step results log file:'C:/Users/fallo/Desktop/CECS 440/Lab 5/Lab5/Lab5.sim/sim_1/behav/xsim/xvlog.log'
ERROR: [USF-XSim-62] 'compile' step failed with error(s). Please check the Tcl console output or 'C:/Users/fallo/Desktop/CECS 440/Lab 5/Lab5/Lab5.sim/sim_1/behav/xsim/xvlog.log' file for more information.
ERROR: [Vivado 12-4473] Detected error while running simulation. Please correct the issue and retry this operation.
ERROR: [Common 17-39] 'launch_simulation' failed due to earlier errors.
WARNING: [filemgmt 56-199] Attempt to get parsing info during refresh. "On-the-fly" syntax checking information may be incorrect. [C:\Users\fallo\Desktop\CECS 440\Lab 5\Lab5\Lab5.srcs\sim_1\new\testbench_skeleton-lab5.v:]
WARNING: [filemgmt 56-199] Attempt to get parsing info during refresh. "On-the-fly" syntax checking information may be incorrect. [C:\Users\fallo\Desktop\CECS 440\Lab 5\Lab5\Lab5.srcs\sources_1\new\regfile.v:]
WARNING: [filemgmt 56-199] Attempt to get parsing info during refresh. "On-the-fly" syntax checking information may be incorrect. [C:\Users\fallo\Desktop\CECS 440\Lab 5\Lab5\Lab5.srcs\sources_1\new\alu.v:]
WARNING: [filemgmt 56-199] Attempt to get parsing info during refresh. "On-the-fly" syntax checking information may be incorrect. [C:\Users\fallo\Desktop\CECS 440\Lab 5\Lab5\Lab5.srcs\sources_1\new\aluout.v:]
WARNING: [filemgmt 56-199] Attempt to get parsing info during refresh. "On-the-fly" syntax checking information may be incorrect. [C:\Users\fallo\Desktop\CECS 440\Lab 5\Lab5\Lab5.srcs\sources_1\new\design.v:]
WARNING: [filemgmt 56-199] Attempt to get parsing info during refresh. "On-the-fly" syntax checking information may be incorrect. [C:\Users\fallo\Desktop\CECS 440\Lab 5\Lab5\Lab5.srcs\sim_1\new\testbench_skeleton-lab5.v:]
WARNING: [filemgmt 56-199] Attempt to get parsing info during refresh. "On-the-fly" syntax checking information may be incorrect. [C:\Users\fallo\Desktop\CECS 440\Lab 5\Lab5\Lab5.srcs\sim_1\new\testbench_skeleton-lab5.v:]
WARNING: [filemgmt 56-199] Attempt to get parsing info during refresh. "On-the-fly" syntax checking information may be incorrect. [C:\Users\fallo\Desktop\CECS 440\Lab 5\Lab5\Lab5.srcs\sim_1\new\testbench_skeleton-lab5.v:]
WARNING: [filemgmt 56-199] Attempt to get parsing info during refresh. "On-the-fly" syntax checking information may be incorrect. [C:\Users\fallo\Desktop\CECS 440\Lab 5\Lab5\Lab5.srcs\sources_1\new\regfile.v:]
WARNING: [filemgmt 56-199] Attempt to get parsing info during refresh. "On-the-fly" syntax checking information may be incorrect. [C:\Users\fallo\Desktop\CECS 440\Lab 5\Lab5\Lab5.srcs\sources_1\new\alu.v:]
WARNING: [filemgmt 56-199] Attempt to get parsing info during refresh. "On-the-fly" syntax checking information may be incorrect. [C:\Users\fallo\Desktop\CECS 440\Lab 5\Lab5\Lab5.srcs\sources_1\new\aluout.v:]
WARNING: [filemgmt 56-199] Attempt to get parsing info during refresh. "On-the-fly" syntax checking information may be incorrect. [C:\Users\fallo\Desktop\CECS 440\Lab 5\Lab5\Lab5.srcs\sources_1\new\design.v:]
WARNING: [filemgmt 56-199] Attempt to get parsing info during refresh. "On-the-fly" syntax checking information may be incorrect. [C:\Users\fallo\Desktop\CECS 440\Lab 5\Lab5\Lab5.srcs\sources_1\new\aluout.v:]
WARNING: [filemgmt 56-199] Attempt to get parsing info during refresh. "On-the-fly" syntax checking information may be incorrect. [C:\Users\fallo\Desktop\CECS 440\Lab 5\Lab5\Lab5.srcs\sources_1\new\aluout.v:]
WARNING: [filemgmt 56-199] Attempt to get parsing info during refresh. "On-the-fly" syntax checking information may be incorrect. [C:\Users\fallo\Desktop\CECS 440\Lab 5\Lab5\Lab5.srcs\sim_1\new\testbench_skeleton-lab5.v:]
WARNING: [filemgmt 56-199] Attempt to get parsing info during refresh. "On-the-fly" syntax checking information may be incorrect. [C:\Users\fallo\Desktop\CECS 440\Lab 5\Lab5\Lab5.srcs\sources_1\new\regfile.v:]
WARNING: [filemgmt 56-199] Attempt to get parsing info during refresh. "On-the-fly" syntax checking information may be incorrect. [C:\Users\fallo\Desktop\CECS 440\Lab 5\Lab5\Lab5.srcs\sources_1\new\alu.v:]
WARNING: [filemgmt 56-199] Attempt to get parsing info during refresh. "On-the-fly" syntax checking information may be incorrect. [C:\Users\fallo\Desktop\CECS 440\Lab 5\Lab5\Lab5.srcs\sources_1\new\aluout.v:]
WARNING: [filemgmt 56-199] Attempt to get parsing info during refresh. "On-the-fly" syntax checking information may be incorrect. [C:\Users\fallo\Desktop\CECS 440\Lab 5\Lab5\Lab5.srcs\sources_1\new\design.v:]
WARNING: [filemgmt 56-199] Attempt to get parsing info during refresh. "On-the-fly" syntax checking information may be incorrect. [C:\Users\fallo\Desktop\CECS 440\Lab 5\Lab5\Lab5.srcs\sources_1\new\design.v:]
WARNING: [filemgmt 56-199] Attempt to get parsing info during refresh. "On-the-fly" syntax checking information may be incorrect. [C:\Users\fallo\Desktop\CECS 440\Lab 5\Lab5\Lab5.srcs\sources_1\new\design.v:]
WARNING: [filemgmt 56-199] Attempt to get parsing info during refresh. "On-the-fly" syntax checking information may be incorrect. [C:\Users\fallo\Desktop\CECS 440\Lab 5\Lab5\Lab5.srcs\sim_1\new\testbench_skeleton-lab5.v:]
WARNING: [filemgmt 56-199] Attempt to get parsing info during refresh. "On-the-fly" syntax checking information may be incorrect. [C:\Users\fallo\Desktop\CECS 440\Lab 5\Lab5\Lab5.srcs\sources_1\new\regfile.v:]
WARNING: [filemgmt 56-199] Attempt to get parsing info during refresh. "On-the-fly" syntax checking information may be incorrect. [C:\Users\fallo\Desktop\CECS 440\Lab 5\Lab5\Lab5.srcs\sources_1\new\alu.v:]
WARNING: [filemgmt 56-199] Attempt to get parsing info during refresh. "On-the-fly" syntax checking information may be incorrect. [C:\Users\fallo\Desktop\CECS 440\Lab 5\Lab5\Lab5.srcs\sources_1\new\aluout.v:]
WARNING: [filemgmt 56-199] Attempt to get parsing info during refresh. "On-the-fly" syntax checking information may be incorrect. [C:\Users\fallo\Desktop\CECS 440\Lab 5\Lab5\Lab5.srcs\sources_1\new\design.v:]
WARNING: [filemgmt 56-199] Attempt to get parsing info during refresh. "On-the-fly" syntax checking information may be incorrect. [C:\Users\fallo\Desktop\CECS 440\Lab 5\Lab5\Lab5.srcs\sources_1\new\alu.v:]
WARNING: [filemgmt 56-199] Attempt to get parsing info during refresh. "On-the-fly" syntax checking information may be incorrect. [C:\Users\fallo\Desktop\CECS 440\Lab 5\Lab5\Lab5.srcs\sources_1\new\alu.v:]
launch_simulation
Command: launch_simulation 
INFO: [Vivado 12-12493] Simulation top is 'datapathTester'
WARNING: [Vivado 12-13340] Unable to auto find GCC executables from simulator install path! (path not set)
INFO: [Vivado 12-5682] Launching behavioral simulation in 'C:/Users/fallo/Desktop/CECS 440/Lab 5/Lab5/Lab5.sim/sim_1/behav/xsim'
INFO: [SIM-utils-51] Simulation object is 'sim_1'
INFO: [SIM-utils-72] Using boost library from 'E:/Vivado/2024.2/tps/boost_1_72_0'
INFO: [SIM-utils-54] Inspecting design source files for 'datapathTester' in fileset 'sim_1'...
INFO: [USF-XSim-97] Finding global include files...
INFO: [USF-XSim-98] Fetching design files from 'sim_1'...
INFO: [USF-XSim-2] XSim::Compile design
INFO: [USF-XSim-61] Executing 'COMPILE and ANALYZE' step in 'C:/Users/fallo/Desktop/CECS 440/Lab 5/Lab5/Lab5.sim/sim_1/behav/xsim'
"xvlog --incr --relax -prj datapathTester_vlog.prj"
INFO: [VRFC 10-2263] Analyzing Verilog file "C:/Users/fallo/Desktop/CECS 440/Lab 5/Lab5/Lab5.srcs/sources_1/new/alu.v" into library xil_defaultlib
INFO: [VRFC 10-311] analyzing module alu
INFO: [VRFC 10-2263] Analyzing Verilog file "C:/Users/fallo/Desktop/CECS 440/Lab 5/Lab5/Lab5.srcs/sources_1/new/aluout.v" into library xil_defaultlib
INFO: [VRFC 10-311] analyzing module aluout
INFO: [VRFC 10-2263] Analyzing Verilog file "C:/Users/fallo/Desktop/CECS 440/Lab 5/Lab5/Lab5.srcs/sources_1/new/design.v" into library xil_defaultlib
INFO: [VRFC 10-311] analyzing module regfile
INFO: [VRFC 10-311] analyzing module aluout
WARNING: [VRFC 10-3609] overwriting previous definition of module 'aluout' [C:/Users/fallo/Desktop/CECS 440/Lab 5/Lab5/Lab5.srcs/sources_1/new/aluout.v:4]
INFO: [VRFC 10-311] analyzing module alu
WARNING: [VRFC 10-3609] overwriting previous definition of module 'alu' [C:/Users/fallo/Desktop/CECS 440/Lab 5/Lab5/Lab5.srcs/sources_1/new/alu.v:8]
INFO: [VRFC 10-311] analyzing module simple_datapath
ERROR: [VRFC 10-2934] 'aluout' is already declared [C:/Users/fallo/Desktop/CECS 440/Lab 5/Lab5/Lab5.srcs/sources_1/new/design.v:43]
ERROR: [VRFC 10-3000] 'aluout' is not valid in an expression [C:/Users/fallo/Desktop/CECS 440/Lab 5/Lab5/Lab5.srcs/sources_1/new/design.v:50]
ERROR: [VRFC 10-8530] module 'simple_datapath' is ignored due to previous errors [C:/Users/fallo/Desktop/CECS 440/Lab 5/Lab5/Lab5.srcs/sources_1/new/design.v:7]
INFO: [USF-XSim-69] 'compile' step finished in '2' seconds
INFO: [USF-XSim-99] Step results log file:'C:/Users/fallo/Desktop/CECS 440/Lab 5/Lab5/Lab5.sim/sim_1/behav/xsim/xvlog.log'
ERROR: [USF-XSim-62] 'compile' step failed with error(s). Please check the Tcl console output or 'C:/Users/fallo/Desktop/CECS 440/Lab 5/Lab5/Lab5.sim/sim_1/behav/xsim/xvlog.log' file for more information.
ERROR: [Vivado 12-4473] Detected error while running simulation. Please correct the issue and retry this operation.
ERROR: [Common 17-39] 'launch_simulation' failed due to earlier errors.
WARNING: [filemgmt 56-199] Attempt to get parsing info during refresh. "On-the-fly" syntax checking information may be incorrect. [C:\Users\fallo\Desktop\CECS 440\Lab 5\Lab5\Lab5.srcs\sim_1\new\testbench_skeleton-lab5.v:]
WARNING: [filemgmt 56-199] Attempt to get parsing info during refresh. "On-the-fly" syntax checking information may be incorrect. [C:\Users\fallo\Desktop\CECS 440\Lab 5\Lab5\Lab5.srcs\sources_1\new\regfile.v:]
WARNING: [filemgmt 56-199] Attempt to get parsing info during refresh. "On-the-fly" syntax checking information may be incorrect. [C:\Users\fallo\Desktop\CECS 440\Lab 5\Lab5\Lab5.srcs\sources_1\new\alu.v:]
WARNING: [filemgmt 56-199] Attempt to get parsing info during refresh. "On-the-fly" syntax checking information may be incorrect. [C:\Users\fallo\Desktop\CECS 440\Lab 5\Lab5\Lab5.srcs\sources_1\new\aluout.v:]
WARNING: [filemgmt 56-199] Attempt to get parsing info during refresh. "On-the-fly" syntax checking information may be incorrect. [C:\Users\fallo\Desktop\CECS 440\Lab 5\Lab5\Lab5.srcs\sources_1\new\design.v:]
WARNING: [filemgmt 56-199] Attempt to get parsing info during refresh. "On-the-fly" syntax checking information may be incorrect. [C:\Users\fallo\Desktop\CECS 440\Lab 5\Lab5\Lab5.srcs\sim_1\new\testbench_skeleton-lab5.v:]
WARNING: [filemgmt 56-199] Attempt to get parsing info during refresh. "On-the-fly" syntax checking information may be incorrect. [C:\Users\fallo\Desktop\CECS 440\Lab 5\Lab5\Lab5.srcs\sim_1\new\testbench_skeleton-lab5.v:]
WARNING: [filemgmt 56-199] Attempt to get parsing info during refresh. "On-the-fly" syntax checking information may be incorrect. [C:\Users\fallo\Desktop\CECS 440\Lab 5\Lab5\Lab5.srcs\sim_1\new\testbench_skeleton-lab5.v:]
WARNING: [filemgmt 56-199] Attempt to get parsing info during refresh. "On-the-fly" syntax checking information may be incorrect. [C:\Users\fallo\Desktop\CECS 440\Lab 5\Lab5\Lab5.srcs\sources_1\new\regfile.v:]
WARNING: [filemgmt 56-199] Attempt to get parsing info during refresh. "On-the-fly" syntax checking information may be incorrect. [C:\Users\fallo\Desktop\CECS 440\Lab 5\Lab5\Lab5.srcs\sources_1\new\alu.v:]
WARNING: [filemgmt 56-199] Attempt to get parsing info during refresh. "On-the-fly" syntax checking information may be incorrect. [C:\Users\fallo\Desktop\CECS 440\Lab 5\Lab5\Lab5.srcs\sources_1\new\aluout.v:]
WARNING: [filemgmt 56-199] Attempt to get parsing info during refresh. "On-the-fly" syntax checking information may be incorrect. [C:\Users\fallo\Desktop\CECS 440\Lab 5\Lab5\Lab5.srcs\sources_1\new\design.v:]
WARNING: [filemgmt 56-199] Attempt to get parsing info during refresh. "On-the-fly" syntax checking information may be incorrect. [C:\Users\fallo\Desktop\CECS 440\Lab 5\Lab5\Lab5.srcs\sources_1\new\aluout.v:]
WARNING: [filemgmt 56-199] Attempt to get parsing info during refresh. "On-the-fly" syntax checking information may be incorrect. [C:\Users\fallo\Desktop\CECS 440\Lab 5\Lab5\Lab5.srcs\sources_1\new\aluout.v:]
WARNING: [filemgmt 56-199] Attempt to get parsing info during refresh. "On-the-fly" syntax checking information may be incorrect. [C:\Users\fallo\Desktop\CECS 440\Lab 5\Lab5\Lab5.srcs\sim_1\new\testbench_skeleton-lab5.v:]
WARNING: [filemgmt 56-199] Attempt to get parsing info during refresh. "On-the-fly" syntax checking information may be incorrect. [C:\Users\fallo\Desktop\CECS 440\Lab 5\Lab5\Lab5.srcs\sources_1\new\regfile.v:]
WARNING: [filemgmt 56-199] Attempt to get parsing info during refresh. "On-the-fly" syntax checking information may be incorrect. [C:\Users\fallo\Desktop\CECS 440\Lab 5\Lab5\Lab5.srcs\sources_1\new\alu.v:]
WARNING: [filemgmt 56-199] Attempt to get parsing info during refresh. "On-the-fly" syntax checking information may be incorrect. [C:\Users\fallo\Desktop\CECS 440\Lab 5\Lab5\Lab5.srcs\sources_1\new\aluout.v:]
WARNING: [filemgmt 56-199] Attempt to get parsing info during refresh. "On-the-fly" syntax checking information may be incorrect. [C:\Users\fallo\Desktop\CECS 440\Lab 5\Lab5\Lab5.srcs\sources_1\new\design.v:]
WARNING: [filemgmt 56-199] Attempt to get parsing info during refresh. "On-the-fly" syntax checking information may be incorrect. [C:\Users\fallo\Desktop\CECS 440\Lab 5\Lab5\Lab5.srcs\sources_1\new\alu.v:]
WARNING: [filemgmt 56-199] Attempt to get parsing info during refresh. "On-the-fly" syntax checking information may be incorrect. [C:\Users\fallo\Desktop\CECS 440\Lab 5\Lab5\Lab5.srcs\sources_1\new\alu.v:]
WARNING: [filemgmt 56-199] Attempt to get parsing info during refresh. "On-the-fly" syntax checking information may be incorrect. [C:\Users\fallo\Desktop\CECS 440\Lab 5\Lab5\Lab5.srcs\sim_1\new\testbench_skeleton-lab5.v:]
WARNING: [filemgmt 56-199] Attempt to get parsing info during refresh. "On-the-fly" syntax checking information may be incorrect. [C:\Users\fallo\Desktop\CECS 440\Lab 5\Lab5\Lab5.srcs\sources_1\new\regfile.v:]
WARNING: [filemgmt 56-199] Attempt to get parsing info during refresh. "On-the-fly" syntax checking information may be incorrect. [C:\Users\fallo\Desktop\CECS 440\Lab 5\Lab5\Lab5.srcs\sources_1\new\alu.v:]
WARNING: [filemgmt 56-199] Attempt to get parsing info during refresh. "On-the-fly" syntax checking information may be incorrect. [C:\Users\fallo\Desktop\CECS 440\Lab 5\Lab5\Lab5.srcs\sources_1\new\aluout.v:]
WARNING: [filemgmt 56-199] Attempt to get parsing info during refresh. "On-the-fly" syntax checking information may be incorrect. [C:\Users\fallo\Desktop\CECS 440\Lab 5\Lab5\Lab5.srcs\sources_1\new\design.v:]
WARNING: [filemgmt 56-199] Attempt to get parsing info during refresh. "On-the-fly" syntax checking information may be incorrect. [C:\Users\fallo\Desktop\CECS 440\Lab 5\Lab5\Lab5.srcs\sources_1\new\design.v:]
WARNING: [filemgmt 56-199] Attempt to get parsing info during refresh. "On-the-fly" syntax checking information may be incorrect. [C:\Users\fallo\Desktop\CECS 440\Lab 5\Lab5\Lab5.srcs\sources_1\new\design.v:]
ERROR: [Common 17-180] Spawn failed: No error
WARNING: [filemgmt 56-199] Attempt to get parsing info during refresh. "On-the-fly" syntax checking information may be incorrect. [C:\Users\fallo\Desktop\CECS 440\Lab 5\Lab5\Lab5.srcs\sim_1\new\testbench_skeleton-lab5.v:]
WARNING: [filemgmt 56-199] Attempt to get parsing info during refresh. "On-the-fly" syntax checking information may be incorrect. [C:\Users\fallo\Desktop\CECS 440\Lab 5\Lab5\Lab5.srcs\sources_1\new\regfile.v:]
WARNING: [filemgmt 56-199] Attempt to get parsing info during refresh. "On-the-fly" syntax checking information may be incorrect. [C:\Users\fallo\Desktop\CECS 440\Lab 5\Lab5\Lab5.srcs\sources_1\new\alu.v:]
WARNING: [filemgmt 56-199] Attempt to get parsing info during refresh. "On-the-fly" syntax checking information may be incorrect. [C:\Users\fallo\Desktop\CECS 440\Lab 5\Lab5\Lab5.srcs\sources_1\new\aluout.v:]
WARNING: [filemgmt 56-199] Attempt to get parsing info during refresh. "On-the-fly" syntax checking information may be incorrect. [C:\Users\fallo\Desktop\CECS 440\Lab 5\Lab5\Lab5.srcs\sources_1\new\design.v:]
WARNING: [filemgmt 56-199] Attempt to get parsing info during refresh. "On-the-fly" syntax checking information may be incorrect. [C:\Users\fallo\Desktop\CECS 440\Lab 5\Lab5\Lab5.srcs\sim_1\new\testbench_skeleton-lab5.v:]
WARNING: [filemgmt 56-199] Attempt to get parsing info during refresh. "On-the-fly" syntax checking information may be incorrect. [C:\Users\fallo\Desktop\CECS 440\Lab 5\Lab5\Lab5.srcs\sim_1\new\testbench_skeleton-lab5.v:]
WARNING: [filemgmt 56-199] Attempt to get parsing info during refresh. "On-the-fly" syntax checking information may be incorrect. [C:\Users\fallo\Desktop\CECS 440\Lab 5\Lab5\Lab5.srcs\sim_1\new\testbench_skeleton-lab5.v:]
WARNING: [filemgmt 56-199] Attempt to get parsing info during refresh. "On-the-fly" syntax checking information may be incorrect. [C:\Users\fallo\Desktop\CECS 440\Lab 5\Lab5\Lab5.srcs\sources_1\new\regfile.v:]
WARNING: [filemgmt 56-199] Attempt to get parsing info during refresh. "On-the-fly" syntax checking information may be incorrect. [C:\Users\fallo\Desktop\CECS 440\Lab 5\Lab5\Lab5.srcs\sources_1\new\alu.v:]
WARNING: [filemgmt 56-199] Attempt to get parsing info during refresh. "On-the-fly" syntax checking information may be incorrect. [C:\Users\fallo\Desktop\CECS 440\Lab 5\Lab5\Lab5.srcs\sources_1\new\aluout.v:]
WARNING: [filemgmt 56-199] Attempt to get parsing info during refresh. "On-the-fly" syntax checking information may be incorrect. [C:\Users\fallo\Desktop\CECS 440\Lab 5\Lab5\Lab5.srcs\sources_1\new\design.v:]
WARNING: [filemgmt 56-199] Attempt to get parsing info during refresh. "On-the-fly" syntax checking information may be incorrect. [C:\Users\fallo\Desktop\CECS 440\Lab 5\Lab5\Lab5.srcs\sources_1\new\regfile.v:]
WARNING: [filemgmt 56-199] Attempt to get parsing info during refresh. "On-the-fly" syntax checking information may be incorrect. [C:\Users\fallo\Desktop\CECS 440\Lab 5\Lab5\Lab5.srcs\sources_1\new\regfile.v:]
ERROR: [Common 17-180] Spawn failed: No error
WARNING: [filemgmt 56-199] Attempt to get parsing info during refresh. "On-the-fly" syntax checking information may be incorrect. [C:\Users\fallo\Desktop\CECS 440\Lab 5\Lab5\Lab5.srcs\sim_1\new\testbench_skeleton-lab5.v:]
WARNING: [filemgmt 56-199] Attempt to get parsing info during refresh. "On-the-fly" syntax checking information may be incorrect. [C:\Users\fallo\Desktop\CECS 440\Lab 5\Lab5\Lab5.srcs\sources_1\new\regfile.v:]
WARNING: [filemgmt 56-199] Attempt to get parsing info during refresh. "On-the-fly" syntax checking information may be incorrect. [C:\Users\fallo\Desktop\CECS 440\Lab 5\Lab5\Lab5.srcs\sources_1\new\alu.v:]
WARNING: [filemgmt 56-199] Attempt to get parsing info during refresh. "On-the-fly" syntax checking information may be incorrect. [C:\Users\fallo\Desktop\CECS 440\Lab 5\Lab5\Lab5.srcs\sources_1\new\aluout.v:]
WARNING: [filemgmt 56-199] Attempt to get parsing info during refresh. "On-the-fly" syntax checking information may be incorrect. [C:\Users\fallo\Desktop\CECS 440\Lab 5\Lab5\Lab5.srcs\sources_1\new\design.v:]
WARNING: [filemgmt 56-199] Attempt to get parsing info during refresh. "On-the-fly" syntax checking information may be incorrect. [C:\Users\fallo\Desktop\CECS 440\Lab 5\Lab5\Lab5.srcs\sources_1\new\alu.v:]
WARNING: [filemgmt 56-199] Attempt to get parsing info during refresh. "On-the-fly" syntax checking information may be incorrect. [C:\Users\fallo\Desktop\CECS 440\Lab 5\Lab5\Lab5.srcs\sources_1\new\alu.v:]
WARNING: [filemgmt 56-199] Attempt to get parsing info during refresh. "On-the-fly" syntax checking information may be incorrect. [C:\Users\fallo\Desktop\CECS 440\Lab 5\Lab5\Lab5.srcs\sim_1\new\testbench_skeleton-lab5.v:]
WARNING: [filemgmt 56-199] Attempt to get parsing info during refresh. "On-the-fly" syntax checking information may be incorrect. [C:\Users\fallo\Desktop\CECS 440\Lab 5\Lab5\Lab5.srcs\sources_1\new\regfile.v:]
WARNING: [filemgmt 56-199] Attempt to get parsing info during refresh. "On-the-fly" syntax checking information may be incorrect. [C:\Users\fallo\Desktop\CECS 440\Lab 5\Lab5\Lab5.srcs\sources_1\new\alu.v:]
WARNING: [filemgmt 56-199] Attempt to get parsing info during refresh. "On-the-fly" syntax checking information may be incorrect. [C:\Users\fallo\Desktop\CECS 440\Lab 5\Lab5\Lab5.srcs\sources_1\new\aluout.v:]
WARNING: [filemgmt 56-199] Attempt to get parsing info during refresh. "On-the-fly" syntax checking information may be incorrect. [C:\Users\fallo\Desktop\CECS 440\Lab 5\Lab5\Lab5.srcs\sources_1\new\design.v:]
WARNING: [filemgmt 56-199] Attempt to get parsing info during refresh. "On-the-fly" syntax checking information may be incorrect. [C:\Users\fallo\Desktop\CECS 440\Lab 5\Lab5\Lab5.srcs\sources_1\new\aluout.v:]
WARNING: [filemgmt 56-199] Attempt to get parsing info during refresh. "On-the-fly" syntax checking information may be incorrect. [C:\Users\fallo\Desktop\CECS 440\Lab 5\Lab5\Lab5.srcs\sources_1\new\aluout.v:]
WARNING: [filemgmt 56-199] Attempt to get parsing info during refresh. "On-the-fly" syntax checking information may be incorrect. [C:\Users\fallo\Desktop\CECS 440\Lab 5\Lab5\Lab5.srcs\sim_1\new\testbench_skeleton-lab5.v:]
WARNING: [filemgmt 56-199] Attempt to get parsing info during refresh. "On-the-fly" syntax checking information may be incorrect. [C:\Users\fallo\Desktop\CECS 440\Lab 5\Lab5\Lab5.srcs\sources_1\new\regfile.v:]
WARNING: [filemgmt 56-199] Attempt to get parsing info during refresh. "On-the-fly" syntax checking information may be incorrect. [C:\Users\fallo\Desktop\CECS 440\Lab 5\Lab5\Lab5.srcs\sources_1\new\alu.v:]
WARNING: [filemgmt 56-199] Attempt to get parsing info during refresh. "On-the-fly" syntax checking information may be incorrect. [C:\Users\fallo\Desktop\CECS 440\Lab 5\Lab5\Lab5.srcs\sources_1\new\aluout.v:]
WARNING: [filemgmt 56-199] Attempt to get parsing info during refresh. "On-the-fly" syntax checking information may be incorrect. [C:\Users\fallo\Desktop\CECS 440\Lab 5\Lab5\Lab5.srcs\sources_1\new\design.v:]
WARNING: [filemgmt 56-199] Attempt to get parsing info during refresh. "On-the-fly" syntax checking information may be incorrect. [C:\Users\fallo\Desktop\CECS 440\Lab 5\Lab5\Lab5.srcs\sources_1\new\alu.v:]
WARNING: [filemgmt 56-199] Attempt to get parsing info during refresh. "On-the-fly" syntax checking information may be incorrect. [C:\Users\fallo\Desktop\CECS 440\Lab 5\Lab5\Lab5.srcs\sources_1\new\alu.v:]
WARNING: [filemgmt 56-199] Attempt to get parsing info during refresh. "On-the-fly" syntax checking information may be incorrect. [C:\Users\fallo\Desktop\CECS 440\Lab 5\Lab5\Lab5.srcs\sim_1\new\testbench_skeleton-lab5.v:]
WARNING: [filemgmt 56-199] Attempt to get parsing info during refresh. "On-the-fly" syntax checking information may be incorrect. [C:\Users\fallo\Desktop\CECS 440\Lab 5\Lab5\Lab5.srcs\sources_1\new\regfile.v:]
WARNING: [filemgmt 56-199] Attempt to get parsing info during refresh. "On-the-fly" syntax checking information may be incorrect. [C:\Users\fallo\Desktop\CECS 440\Lab 5\Lab5\Lab5.srcs\sources_1\new\alu.v:]
WARNING: [filemgmt 56-199] Attempt to get parsing info during refresh. "On-the-fly" syntax checking information may be incorrect. [C:\Users\fallo\Desktop\CECS 440\Lab 5\Lab5\Lab5.srcs\sources_1\new\aluout.v:]
WARNING: [filemgmt 56-199] Attempt to get parsing info during refresh. "On-the-fly" syntax checking information may be incorrect. [C:\Users\fallo\Desktop\CECS 440\Lab 5\Lab5\Lab5.srcs\sources_1\new\design.v:]
WARNING: [filemgmt 56-199] Attempt to get parsing info during refresh. "On-the-fly" syntax checking information may be incorrect. [C:\Users\fallo\Desktop\CECS 440\Lab 5\Lab5\Lab5.srcs\sources_1\new\regfile.v:]
WARNING: [filemgmt 56-199] Attempt to get parsing info during refresh. "On-the-fly" syntax checking information may be incorrect. [C:\Users\fallo\Desktop\CECS 440\Lab 5\Lab5\Lab5.srcs\sources_1\new\regfile.v:]
ERROR: [Common 17-180] Spawn failed: No error
WARNING: [filemgmt 56-199] Attempt to get parsing info during refresh. "On-the-fly" syntax checking information may be incorrect. [C:\Users\fallo\Desktop\CECS 440\Lab 5\Lab5\Lab5.srcs\sim_1\new\testbench_skeleton-lab5.v:]
WARNING: [filemgmt 56-199] Attempt to get parsing info during refresh. "On-the-fly" syntax checking information may be incorrect. [C:\Users\fallo\Desktop\CECS 440\Lab 5\Lab5\Lab5.srcs\sources_1\new\regfile.v:]
WARNING: [filemgmt 56-199] Attempt to get parsing info during refresh. "On-the-fly" syntax checking information may be incorrect. [C:\Users\fallo\Desktop\CECS 440\Lab 5\Lab5\Lab5.srcs\sources_1\new\alu.v:]
WARNING: [filemgmt 56-199] Attempt to get parsing info during refresh. "On-the-fly" syntax checking information may be incorrect. [C:\Users\fallo\Desktop\CECS 440\Lab 5\Lab5\Lab5.srcs\sources_1\new\aluout.v:]
WARNING: [filemgmt 56-199] Attempt to get parsing info during refresh. "On-the-fly" syntax checking information may be incorrect. [C:\Users\fallo\Desktop\CECS 440\Lab 5\Lab5\Lab5.srcs\sources_1\new\design.v:]
ERROR: [Common 17-180] Spawn failed: No error
WARNING: [filemgmt 56-199] Attempt to get parsing info during refresh. "On-the-fly" syntax checking information may be incorrect. [C:\Users\fallo\Desktop\CECS 440\Lab 5\Lab5\Lab5.srcs\sim_1\new\testbench_skeleton-lab5.v:]
WARNING: [filemgmt 56-199] Attempt to get parsing info during refresh. "On-the-fly" syntax checking information may be incorrect. [C:\Users\fallo\Desktop\CECS 440\Lab 5\Lab5\Lab5.srcs\sim_1\new\testbench_skeleton-lab5.v:]
launch_simulation
Command: launch_simulation 
INFO: [Vivado 12-12493] Simulation top is 'datapathTester'
WARNING: [Vivado 12-13340] Unable to auto find GCC executables from simulator install path! (path not set)
INFO: [Vivado 12-5682] Launching behavioral simulation in 'C:/Users/fallo/Desktop/CECS 440/Lab 5/Lab5/Lab5.sim/sim_1/behav/xsim'
INFO: [SIM-utils-51] Simulation object is 'sim_1'
INFO: [SIM-utils-72] Using boost library from 'E:/Vivado/2024.2/tps/boost_1_72_0'
INFO: [SIM-utils-54] Inspecting design source files for 'datapathTester' in fileset 'sim_1'...
INFO: [USF-XSim-97] Finding global include files...
INFO: [USF-XSim-98] Fetching design files from 'sim_1'...
INFO: [USF-XSim-2] XSim::Compile design
INFO: [USF-XSim-61] Executing 'COMPILE and ANALYZE' step in 'C:/Users/fallo/Desktop/CECS 440/Lab 5/Lab5/Lab5.sim/sim_1/behav/xsim'
"xvlog --incr --relax -prj datapathTester_vlog.prj"
INFO: [VRFC 10-2263] Analyzing Verilog file "C:/Users/fallo/Desktop/CECS 440/Lab 5/Lab5/Lab5.srcs/sources_1/new/alu.v" into library xil_defaultlib
INFO: [VRFC 10-311] analyzing module alu
INFO: [VRFC 10-2263] Analyzing Verilog file "C:/Users/fallo/Desktop/CECS 440/Lab 5/Lab5/Lab5.srcs/sources_1/new/aluout.v" into library xil_defaultlib
INFO: [VRFC 10-311] analyzing module aluout
INFO: [VRFC 10-2263] Analyzing Verilog file "C:/Users/fallo/Desktop/CECS 440/Lab 5/Lab5/Lab5.srcs/sources_1/new/design.v" into library xil_defaultlib
INFO: [VRFC 10-311] analyzing module regfile
INFO: [VRFC 10-311] analyzing module aluout
WARNING: [VRFC 10-3609] overwriting previous definition of module 'aluout' [C:/Users/fallo/Desktop/CECS 440/Lab 5/Lab5/Lab5.srcs/sources_1/new/aluout.v:4]
INFO: [VRFC 10-311] analyzing module alu
WARNING: [VRFC 10-3609] overwriting previous definition of module 'alu' [C:/Users/fallo/Desktop/CECS 440/Lab 5/Lab5/Lab5.srcs/sources_1/new/alu.v:8]
INFO: [VRFC 10-311] analyzing module simple_datapath
INFO: [VRFC 10-2263] Analyzing Verilog file "C:/Users/fallo/Desktop/CECS 440/Lab 5/Lab5/Lab5.srcs/sources_1/new/regfile.v" into library xil_defaultlib
INFO: [VRFC 10-311] analyzing module regfile
WARNING: [VRFC 10-3609] overwriting previous definition of module 'regfile' [C:/Users/fallo/Desktop/CECS 440/Lab 5/Lab5/Lab5.srcs/sources_1/new/regfile.v:5]
INFO: [VRFC 10-2263] Analyzing Verilog file "C:/Users/fallo/Desktop/CECS 440/Lab 5/Lab5/Lab5.srcs/sim_1/new/testbench_skeleton-lab5.v" into library xil_defaultlib
INFO: [VRFC 10-311] analyzing module datapathTester
INFO: [USF-XSim-69] 'compile' step finished in '1' seconds
INFO: [USF-XSim-3] XSim::Elaborate design
INFO: [USF-XSim-61] Executing 'ELABORATE' step in 'C:/Users/fallo/Desktop/CECS 440/Lab 5/Lab5/Lab5.sim/sim_1/behav/xsim'
"xelab --incr --debug typical --relax --mt 2 -L xil_defaultlib -L unisims_ver -L unimacro_ver -L secureip --snapshot datapathTester_behav xil_defaultlib.datapathTester xil_defaultlib.glbl -log elaborate.log"
Vivado Simulator v2024.2.0
Copyright 1986-2022 Xilinx, Inc. All Rights Reserved.
Copyright 2022-2024 Advanced Micro Devices, Inc. All Rights Reserved.
Running: E:/Vivado/2024.2/bin/unwrapped/win64.o/xelab.exe --incr --debug typical --relax --mt 2 -L xil_defaultlib -L unisims_ver -L unimacro_ver -L secureip --snapshot datapathTester_behav xil_defaultlib.datapathTester xil_defaultlib.glbl -log elaborate.log 
Using 2 slave threads.
Starting static elaboration
Pass Through NonSizing Optimizer
WARNING: [VRFC 10-3091] actual bit length 1 differs from formal bit length 5 for port 'rd_addr2' [C:/Users/fallo/Desktop/CECS 440/Lab 5/Lab5/Lab5.srcs/sources_1/new/design.v:23]
WARNING: [VRFC 10-3091] actual bit length 1 differs from formal bit length 32 for port 'y' [C:/Users/fallo/Desktop/CECS 440/Lab 5/Lab5/Lab5.srcs/sources_1/new/design.v:35]
WARNING: [VRFC 10-3091] actual bit length 1 differs from formal bit length 32 for port 'd' [C:/Users/fallo/Desktop/CECS 440/Lab 5/Lab5/Lab5.srcs/sources_1/new/design.v:47]
WARNING: [VRFC 10-3091] actual bit length 1 differs from formal bit length 32 for port 'q' [C:/Users/fallo/Desktop/CECS 440/Lab 5/Lab5/Lab5.srcs/sources_1/new/design.v:48]
WARNING: [VRFC 10-5021] port 'op_code' is not connected on this instance [C:/Users/fallo/Desktop/CECS 440/Lab 5/Lab5/Lab5.srcs/sim_1/new/testbench_skeleton-lab5.v:14]
Completed static elaboration
Starting simulation data flow analysis
Completed simulation data flow analysis
Time Resolution for simulation is 1ps
Compiling module xil_defaultlib.regfile
Compiling module xil_defaultlib.alu(width=32)
Compiling module xil_defaultlib.aluout(width=32)
Compiling module xil_defaultlib.simple_datapath
Compiling module xil_defaultlib.datapathTester
Compiling module xil_defaultlib.glbl
Built simulation snapshot datapathTester_behav
INFO: [USF-XSim-69] 'elaborate' step finished in '2' seconds
INFO: [USF-XSim-4] XSim::Simulate design
INFO: [USF-XSim-61] Executing 'SIMULATE' step in 'C:/Users/fallo/Desktop/CECS 440/Lab 5/Lab5/Lab5.sim/sim_1/behav/xsim'
INFO: [USF-XSim-98] *** Running xsim
   with args "datapathTester_behav -key {Behavioral:sim_1:Functional:datapathTester} -tclbatch {datapathTester.tcl} -log {simulate.log}"
INFO: [USF-XSim-8] Loading simulator feature
Time resolution is 1 ps
source datapathTester.tcl
# set curr_wave [current_wave_config]
# if { [string length $curr_wave] == 0 } {
#   if { [llength [get_objects]] > 0} {
#     add_wave /
#     set_property needs_save false [current_wave_config]
#   } else {
#      send_msg_id Add_Wave-1 WARNING "No top level signals found. Simulator will start without a wave window. If you want to open a wave window go to 'File->New Waveform Configuration' or type 'create_wave_config' in the TCL console."
#   }
# }
# run 1000ns
Registers Initialized!
	Register	Content
          0	0x00000000
          1	0xffff0000
          2	0x0a0a0a0a
          3	0x000001f4
          4	0x000003e8
          5	0x00000005
          6	0x00000006
          7	0x00000007
          8	0x00000008
          9	0x00000009
         10	0x0000000a
         11	0x0000000b
         12	0x0000000c
         13	0x0000000d
         14	0x0000000e
         15	0x0000000f
         16	0x00000010
         17	0x00000011
         18	0x00000012
         19	0x00000013
         20	0x00000014
         21	0x00000015
         22	0x00000016
         23	0x00000017
         24	0x00000018
         25	0x00000019
         26	0x0000001a
         27	0x0000001b
         28	0x0000001c
         29	0x0000001d
         30	0x0000001e
         31	0x0000001f

Checking test case
srca =          x, srcb =          x
add $ALUout, $11, $ 4 performed
sum =          z
Test Failed!!!

Checking test case
srca =          x, srcb =          x
increment $ALUout, $11 performed
d_out =          z
Test Failed!!!

Checking test case
srca = xxxxxxxx, srcb = xxxxxxxx
and $ALUout, $ 1, $10 performed
d_out = zzzzzzzz
Test Failed!!!

Checking test case
srca = xxxxxxxx, srcb = xxxxxxxx
or $ALUout, $ 1, $10 performed
d_out = zzzzzzzz
Test Failed!!!

Checking test case
srca = xxxxxxxx, srcb = xxxxxxxx
xor $ALUout, $10, $ 1 performed
d_out = zzzzzzzz
Test Failed!!!

Checking test case
srca = xxxxxxxx, srcb = xxxxxxxx
not $ALUout, $10 performed
d_out = zzzzzzzz
Test Failed!!!

Checking test case
srca =          x, srcb =          x
sll $ALUout, $ 4, performed
d_out =          z
Test Failed!!!

Checking test case
srca = xxxxxxxx, srcb = xxxxxxxx
nop operation performed
d_out = zzzzzzzz
Test Failed!!!
$finish called at time : 146 ns : File "C:/Users/fallo/Desktop/CECS 440/Lab 5/Lab5/Lab5.srcs/sim_1/new/testbench_skeleton-lab5.v" Line 105
INFO: [USF-XSim-96] XSim completed. Design snapshot 'datapathTester_behav' loaded.
INFO: [USF-XSim-97] XSim simulation ran for 1000ns
WARNING: [filemgmt 56-199] Attempt to get parsing info during refresh. "On-the-fly" syntax checking information may be incorrect. [C:\Users\fallo\Desktop\CECS 440\Lab 5\Lab5\Lab5.srcs\sim_1\new\testbench_skeleton-lab5.v:]
WARNING: [filemgmt 56-199] Attempt to get parsing info during refresh. "On-the-fly" syntax checking information may be incorrect. [C:\Users\fallo\Desktop\CECS 440\Lab 5\Lab5\Lab5.srcs\sources_1\new\regfile.v:]
WARNING: [filemgmt 56-199] Attempt to get parsing info during refresh. "On-the-fly" syntax checking information may be incorrect. [C:\Users\fallo\Desktop\CECS 440\Lab 5\Lab5\Lab5.srcs\sources_1\new\alu.v:]
WARNING: [filemgmt 56-199] Attempt to get parsing info during refresh. "On-the-fly" syntax checking information may be incorrect. [C:\Users\fallo\Desktop\CECS 440\Lab 5\Lab5\Lab5.srcs\sources_1\new\aluout.v:]
WARNING: [filemgmt 56-199] Attempt to get parsing info during refresh. "On-the-fly" syntax checking information may be incorrect. [C:\Users\fallo\Desktop\CECS 440\Lab 5\Lab5\Lab5.srcs\sources_1\new\design.v:]
WARNING: [filemgmt 56-199] Attempt to get parsing info during refresh. "On-the-fly" syntax checking information may be incorrect. [C:\Users\fallo\Desktop\CECS 440\Lab 5\Lab5\Lab5.srcs\sim_1\new\testbench_skeleton-lab5.v:]
WARNING: [filemgmt 56-199] Attempt to get parsing info during refresh. "On-the-fly" syntax checking information may be incorrect. [C:\Users\fallo\Desktop\CECS 440\Lab 5\Lab5\Lab5.srcs\sim_1\new\testbench_skeleton-lab5.v:]
WARNING: [filemgmt 56-199] Attempt to get parsing info during refresh. "On-the-fly" syntax checking information may be incorrect. [C:\Users\fallo\Desktop\CECS 440\Lab 5\Lab5\Lab5.srcs\sim_1\new\testbench_skeleton-lab5.v:]
WARNING: [filemgmt 56-199] Attempt to get parsing info during refresh. "On-the-fly" syntax checking information may be incorrect. [C:\Users\fallo\Desktop\CECS 440\Lab 5\Lab5\Lab5.srcs\sources_1\new\regfile.v:]
WARNING: [filemgmt 56-199] Attempt to get parsing info during refresh. "On-the-fly" syntax checking information may be incorrect. [C:\Users\fallo\Desktop\CECS 440\Lab 5\Lab5\Lab5.srcs\sources_1\new\alu.v:]
WARNING: [filemgmt 56-199] Attempt to get parsing info during refresh. "On-the-fly" syntax checking information may be incorrect. [C:\Users\fallo\Desktop\CECS 440\Lab 5\Lab5\Lab5.srcs\sources_1\new\aluout.v:]
WARNING: [filemgmt 56-199] Attempt to get parsing info during refresh. "On-the-fly" syntax checking information may be incorrect. [C:\Users\fallo\Desktop\CECS 440\Lab 5\Lab5\Lab5.srcs\sources_1\new\design.v:]
WARNING: [filemgmt 56-199] Attempt to get parsing info during refresh. "On-the-fly" syntax checking information may be incorrect. [C:\Users\fallo\Desktop\CECS 440\Lab 5\Lab5\Lab5.srcs\sources_1\new\aluout.v:]
WARNING: [filemgmt 56-199] Attempt to get parsing info during refresh. "On-the-fly" syntax checking information may be incorrect. [C:\Users\fallo\Desktop\CECS 440\Lab 5\Lab5\Lab5.srcs\sources_1\new\aluout.v:]
WARNING: [filemgmt 56-199] Attempt to get parsing info during refresh. "On-the-fly" syntax checking information may be incorrect. [C:\Users\fallo\Desktop\CECS 440\Lab 5\Lab5\Lab5.srcs\sim_1\new\testbench_skeleton-lab5.v:]
WARNING: [filemgmt 56-199] Attempt to get parsing info during refresh. "On-the-fly" syntax checking information may be incorrect. [C:\Users\fallo\Desktop\CECS 440\Lab 5\Lab5\Lab5.srcs\sources_1\new\regfile.v:]
WARNING: [filemgmt 56-199] Attempt to get parsing info during refresh. "On-the-fly" syntax checking information may be incorrect. [C:\Users\fallo\Desktop\CECS 440\Lab 5\Lab5\Lab5.srcs\sources_1\new\alu.v:]
WARNING: [filemgmt 56-199] Attempt to get parsing info during refresh. "On-the-fly" syntax checking information may be incorrect. [C:\Users\fallo\Desktop\CECS 440\Lab 5\Lab5\Lab5.srcs\sources_1\new\aluout.v:]
WARNING: [filemgmt 56-199] Attempt to get parsing info during refresh. "On-the-fly" syntax checking information may be incorrect. [C:\Users\fallo\Desktop\CECS 440\Lab 5\Lab5\Lab5.srcs\sources_1\new\design.v:]
WARNING: [filemgmt 56-199] Attempt to get parsing info during refresh. "On-the-fly" syntax checking information may be incorrect. [C:\Users\fallo\Desktop\CECS 440\Lab 5\Lab5\Lab5.srcs\sources_1\new\design.v:]
WARNING: [filemgmt 56-199] Attempt to get parsing info during refresh. "On-the-fly" syntax checking information may be incorrect. [C:\Users\fallo\Desktop\CECS 440\Lab 5\Lab5\Lab5.srcs\sources_1\new\design.v:]
WARNING: [filemgmt 56-199] Attempt to get parsing info during refresh. "On-the-fly" syntax checking information may be incorrect. [C:\Users\fallo\Desktop\CECS 440\Lab 5\Lab5\Lab5.srcs\sim_1\new\testbench_skeleton-lab5.v:]
WARNING: [filemgmt 56-199] Attempt to get parsing info during refresh. "On-the-fly" syntax checking information may be incorrect. [C:\Users\fallo\Desktop\CECS 440\Lab 5\Lab5\Lab5.srcs\sources_1\new\regfile.v:]
WARNING: [filemgmt 56-199] Attempt to get parsing info during refresh. "On-the-fly" syntax checking information may be incorrect. [C:\Users\fallo\Desktop\CECS 440\Lab 5\Lab5\Lab5.srcs\sources_1\new\alu.v:]
WARNING: [filemgmt 56-199] Attempt to get parsing info during refresh. "On-the-fly" syntax checking information may be incorrect. [C:\Users\fallo\Desktop\CECS 440\Lab 5\Lab5\Lab5.srcs\sources_1\new\aluout.v:]
WARNING: [filemgmt 56-199] Attempt to get parsing info during refresh. "On-the-fly" syntax checking information may be incorrect. [C:\Users\fallo\Desktop\CECS 440\Lab 5\Lab5\Lab5.srcs\sources_1\new\design.v:]
WARNING: [filemgmt 56-199] Attempt to get parsing info during refresh. "On-the-fly" syntax checking information may be incorrect. [C:\Users\fallo\Desktop\CECS 440\Lab 5\Lab5\Lab5.srcs\sources_1\new\alu.v:]
WARNING: [filemgmt 56-199] Attempt to get parsing info during refresh. "On-the-fly" syntax checking information may be incorrect. [C:\Users\fallo\Desktop\CECS 440\Lab 5\Lab5\Lab5.srcs\sources_1\new\alu.v:]
ERROR: [Common 17-180] Spawn failed: No error
close_sim
INFO: [Simtcl 6-16] Simulation closed
launch_simulation
Command: launch_simulation 
INFO: [Vivado 12-12493] Simulation top is 'datapathTester'
WARNING: [Vivado 12-13340] Unable to auto find GCC executables from simulator install path! (path not set)
INFO: [Vivado 12-5682] Launching behavioral simulation in 'C:/Users/fallo/Desktop/CECS 440/Lab 5/Lab5/Lab5.sim/sim_1/behav/xsim'
INFO: [SIM-utils-51] Simulation object is 'sim_1'
INFO: [SIM-utils-72] Using boost library from 'E:/Vivado/2024.2/tps/boost_1_72_0'
INFO: [SIM-utils-54] Inspecting design source files for 'datapathTester' in fileset 'sim_1'...
INFO: [USF-XSim-97] Finding global include files...
INFO: [USF-XSim-98] Fetching design files from 'sim_1'...
INFO: [USF-XSim-2] XSim::Compile design
INFO: [USF-XSim-61] Executing 'COMPILE and ANALYZE' step in 'C:/Users/fallo/Desktop/CECS 440/Lab 5/Lab5/Lab5.sim/sim_1/behav/xsim'
"xvlog --incr --relax -prj datapathTester_vlog.prj"
INFO: [VRFC 10-2263] Analyzing Verilog file "C:/Users/fallo/Desktop/CECS 440/Lab 5/Lab5/Lab5.srcs/sources_1/new/alu.v" into library xil_defaultlib
INFO: [VRFC 10-311] analyzing module alu
INFO: [VRFC 10-2263] Analyzing Verilog file "C:/Users/fallo/Desktop/CECS 440/Lab 5/Lab5/Lab5.srcs/sources_1/new/design.v" into library xil_defaultlib
INFO: [VRFC 10-311] analyzing module regfile
INFO: [VRFC 10-311] analyzing module aluout
INFO: [VRFC 10-311] analyzing module alu
WARNING: [VRFC 10-3609] overwriting previous definition of module 'alu' [C:/Users/fallo/Desktop/CECS 440/Lab 5/Lab5/Lab5.srcs/sources_1/new/alu.v:8]
INFO: [VRFC 10-311] analyzing module simple_datapath
INFO: [VRFC 10-2263] Analyzing Verilog file "C:/Users/fallo/Desktop/CECS 440/Lab 5/Lab5/Lab5.srcs/sources_1/new/regfile.v" into library xil_defaultlib
INFO: [VRFC 10-311] analyzing module regfile
WARNING: [VRFC 10-3609] overwriting previous definition of module 'regfile' [C:/Users/fallo/Desktop/CECS 440/Lab 5/Lab5/Lab5.srcs/sources_1/new/regfile.v:5]
INFO: [VRFC 10-2263] Analyzing Verilog file "C:/Users/fallo/Desktop/CECS 440/Lab 5/Lab5/Lab5.srcs/sim_1/new/testbench_skeleton-lab5.v" into library xil_defaultlib
INFO: [VRFC 10-311] analyzing module datapathTester
INFO: [USF-XSim-69] 'compile' step finished in '2' seconds
INFO: [USF-XSim-3] XSim::Elaborate design
INFO: [USF-XSim-61] Executing 'ELABORATE' step in 'C:/Users/fallo/Desktop/CECS 440/Lab 5/Lab5/Lab5.sim/sim_1/behav/xsim'
"xelab --incr --debug typical --relax --mt 2 -L xil_defaultlib -L unisims_ver -L unimacro_ver -L secureip --snapshot datapathTester_behav xil_defaultlib.datapathTester xil_defaultlib.glbl -log elaborate.log"
Vivado Simulator v2024.2.0
Copyright 1986-2022 Xilinx, Inc. All Rights Reserved.
Copyright 2022-2024 Advanced Micro Devices, Inc. All Rights Reserved.
Running: E:/Vivado/2024.2/bin/unwrapped/win64.o/xelab.exe --incr --debug typical --relax --mt 2 -L xil_defaultlib -L unisims_ver -L unimacro_ver -L secureip --snapshot datapathTester_behav xil_defaultlib.datapathTester xil_defaultlib.glbl -log elaborate.log 
Using 2 slave threads.
Starting static elaboration
Pass Through NonSizing Optimizer
WARNING: [VRFC 10-3091] actual bit length 1 differs from formal bit length 5 for port 'rd_addr2' [C:/Users/fallo/Desktop/CECS 440/Lab 5/Lab5/Lab5.srcs/sources_1/new/design.v:23]
WARNING: [VRFC 10-3091] actual bit length 1 differs from formal bit length 32 for port 'y' [C:/Users/fallo/Desktop/CECS 440/Lab 5/Lab5/Lab5.srcs/sources_1/new/design.v:35]
WARNING: [VRFC 10-5021] port 'op_code' is not connected on this instance [C:/Users/fallo/Desktop/CECS 440/Lab 5/Lab5/Lab5.srcs/sim_1/new/testbench_skeleton-lab5.v:14]
Completed static elaboration
Starting simulation data flow analysis
Completed simulation data flow analysis
Time Resolution for simulation is 1ps
Compiling module xil_defaultlib.regfile
Compiling module xil_defaultlib.alu(width=32)
Compiling module xil_defaultlib.simple_datapath
Compiling module xil_defaultlib.datapathTester
Compiling module xil_defaultlib.glbl
Built simulation snapshot datapathTester_behav
INFO: [USF-XSim-69] 'elaborate' step finished in '1' seconds
INFO: [USF-XSim-4] XSim::Simulate design
INFO: [USF-XSim-61] Executing 'SIMULATE' step in 'C:/Users/fallo/Desktop/CECS 440/Lab 5/Lab5/Lab5.sim/sim_1/behav/xsim'
INFO: [USF-XSim-98] *** Running xsim
   with args "datapathTester_behav -key {Behavioral:sim_1:Functional:datapathTester} -tclbatch {datapathTester.tcl} -log {simulate.log}"
INFO: [USF-XSim-8] Loading simulator feature
Time resolution is 1 ps
source datapathTester.tcl
# set curr_wave [current_wave_config]
# if { [string length $curr_wave] == 0 } {
#   if { [llength [get_objects]] > 0} {
#     add_wave /
#     set_property needs_save false [current_wave_config]
#   } else {
#      send_msg_id Add_Wave-1 WARNING "No top level signals found. Simulator will start without a wave window. If you want to open a wave window go to 'File->New Waveform Configuration' or type 'create_wave_config' in the TCL console."
#   }
# }
# run 1000ns
Registers Initialized!
	Register	Content
          0	0x00000000
          1	0xffff0000
          2	0x0a0a0a0a
          3	0x000001f4
          4	0x000003e8
          5	0x00000005
          6	0x00000006
          7	0x00000007
          8	0x00000008
          9	0x00000009
         10	0x0000000a
         11	0x0000000b
         12	0x0000000c
         13	0x0000000d
         14	0x0000000e
         15	0x0000000f
         16	0x00000010
         17	0x00000011
         18	0x00000012
         19	0x00000013
         20	0x00000014
         21	0x00000015
         22	0x00000016
         23	0x00000017
         24	0x00000018
         25	0x00000019
         26	0x0000001a
         27	0x0000001b
         28	0x0000001c
         29	0x0000001d
         30	0x0000001e
         31	0x0000001f

Checking test case
srca =          x, srcb =          x
add $ALUout, $11, $ 4 performed
sum =          z
Test Failed!!!

Checking test case
srca =          x, srcb =          x
increment $ALUout, $11 performed
d_out =          z
Test Failed!!!

Checking test case
srca = xxxxxxxx, srcb = xxxxxxxx
and $ALUout, $ 1, $10 performed
d_out = zzzzzzzz
Test Failed!!!

Checking test case
srca = xxxxxxxx, srcb = xxxxxxxx
or $ALUout, $ 1, $10 performed
d_out = zzzzzzzz
Test Failed!!!

Checking test case
srca = xxxxxxxx, srcb = xxxxxxxx
xor $ALUout, $10, $ 1 performed
d_out = zzzzzzzz
Test Failed!!!

Checking test case
srca = xxxxxxxx, srcb = xxxxxxxx
not $ALUout, $10 performed
d_out = zzzzzzzz
Test Failed!!!

Checking test case
srca =          x, srcb =          x
sll $ALUout, $ 4, performed
d_out =          z
Test Failed!!!

Checking test case
srca = xxxxxxxx, srcb = xxxxxxxx
nop operation performed
d_out = zzzzzzzz
Test Failed!!!
$finish called at time : 146 ns : File "C:/Users/fallo/Desktop/CECS 440/Lab 5/Lab5/Lab5.srcs/sim_1/new/testbench_skeleton-lab5.v" Line 105
INFO: [USF-XSim-96] XSim completed. Design snapshot 'datapathTester_behav' loaded.
INFO: [USF-XSim-97] XSim simulation ran for 1000ns
close_sim
INFO: [Simtcl 6-16] Simulation closed
launch_simulation
Command: launch_simulation 
INFO: [Vivado 12-12493] Simulation top is 'datapathTester'
WARNING: [Vivado 12-13340] Unable to auto find GCC executables from simulator install path! (path not set)
INFO: [Vivado 12-5682] Launching behavioral simulation in 'C:/Users/fallo/Desktop/CECS 440/Lab 5/Lab5/Lab5.sim/sim_1/behav/xsim'
INFO: [SIM-utils-51] Simulation object is 'sim_1'
INFO: [SIM-utils-72] Using boost library from 'E:/Vivado/2024.2/tps/boost_1_72_0'
INFO: [SIM-utils-54] Inspecting design source files for 'datapathTester' in fileset 'sim_1'...
INFO: [USF-XSim-97] Finding global include files...
INFO: [USF-XSim-98] Fetching design files from 'sim_1'...
INFO: [USF-XSim-2] XSim::Compile design
INFO: [USF-XSim-61] Executing 'COMPILE and ANALYZE' step in 'C:/Users/fallo/Desktop/CECS 440/Lab 5/Lab5/Lab5.sim/sim_1/behav/xsim'
"xvlog --incr --relax -prj datapathTester_vlog.prj"
INFO: [USF-XSim-69] 'compile' step finished in '1' seconds
INFO: [USF-XSim-3] XSim::Elaborate design
INFO: [USF-XSim-61] Executing 'ELABORATE' step in 'C:/Users/fallo/Desktop/CECS 440/Lab 5/Lab5/Lab5.sim/sim_1/behav/xsim'
"xelab --incr --debug typical --relax --mt 2 -L xil_defaultlib -L unisims_ver -L unimacro_ver -L secureip --snapshot datapathTester_behav xil_defaultlib.datapathTester xil_defaultlib.glbl -log elaborate.log"
Vivado Simulator v2024.2.0
Copyright 1986-2022 Xilinx, Inc. All Rights Reserved.
Copyright 2022-2024 Advanced Micro Devices, Inc. All Rights Reserved.
Running: E:/Vivado/2024.2/bin/unwrapped/win64.o/xelab.exe --incr --debug typical --relax --mt 2 -L xil_defaultlib -L unisims_ver -L unimacro_ver -L secureip --snapshot datapathTester_behav xil_defaultlib.datapathTester xil_defaultlib.glbl -log elaborate.log 
Using 2 slave threads.
Starting static elaboration
Pass Through NonSizing Optimizer
WARNING: [VRFC 10-3091] actual bit length 1 differs from formal bit length 5 for port 'rd_addr2' [C:/Users/fallo/Desktop/CECS 440/Lab 5/Lab5/Lab5.srcs/sources_1/new/design.v:23]
WARNING: [VRFC 10-3091] actual bit length 1 differs from formal bit length 32 for port 'y' [C:/Users/fallo/Desktop/CECS 440/Lab 5/Lab5/Lab5.srcs/sources_1/new/design.v:35]
WARNING: [VRFC 10-5021] port 'op_code' is not connected on this instance [C:/Users/fallo/Desktop/CECS 440/Lab 5/Lab5/Lab5.srcs/sim_1/new/testbench_skeleton-lab5.v:14]
Completed static elaboration
INFO: [XSIM 43-4323] No Change in HDL. Linking previously generated obj files to create kernel
INFO: [USF-XSim-69] 'elaborate' step finished in '2' seconds
INFO: [USF-XSim-4] XSim::Simulate design
INFO: [USF-XSim-61] Executing 'SIMULATE' step in 'C:/Users/fallo/Desktop/CECS 440/Lab 5/Lab5/Lab5.sim/sim_1/behav/xsim'
INFO: [USF-XSim-98] *** Running xsim
   with args "datapathTester_behav -key {Behavioral:sim_1:Functional:datapathTester} -tclbatch {datapathTester.tcl} -log {simulate.log}"
INFO: [USF-XSim-8] Loading simulator feature
Time resolution is 1 ps
source datapathTester.tcl
# set curr_wave [current_wave_config]
# if { [string length $curr_wave] == 0 } {
#   if { [llength [get_objects]] > 0} {
#     add_wave /
#     set_property needs_save false [current_wave_config]
#   } else {
#      send_msg_id Add_Wave-1 WARNING "No top level signals found. Simulator will start without a wave window. If you want to open a wave window go to 'File->New Waveform Configuration' or type 'create_wave_config' in the TCL console."
#   }
# }
# run 1000ns
Registers Initialized!
	Register	Content
          0	0x00000000
          1	0xffff0000
          2	0x0a0a0a0a
          3	0x000001f4
          4	0x000003e8
          5	0x00000005
          6	0x00000006
          7	0x00000007
          8	0x00000008
          9	0x00000009
         10	0x0000000a
         11	0x0000000b
         12	0x0000000c
         13	0x0000000d
         14	0x0000000e
         15	0x0000000f
         16	0x00000010
         17	0x00000011
         18	0x00000012
         19	0x00000013
         20	0x00000014
         21	0x00000015
         22	0x00000016
         23	0x00000017
         24	0x00000018
         25	0x00000019
         26	0x0000001a
         27	0x0000001b
         28	0x0000001c
         29	0x0000001d
         30	0x0000001e
         31	0x0000001f

Checking test case
srca =          x, srcb =          x
add $ALUout, $11, $ 4 performed
sum =          z
Test Failed!!!

Checking test case
srca =          x, srcb =          x
increment $ALUout, $11 performed
d_out =          z
Test Failed!!!

Checking test case
srca = xxxxxxxx, srcb = xxxxxxxx
and $ALUout, $ 1, $10 performed
d_out = zzzzzzzz
Test Failed!!!

Checking test case
srca = xxxxxxxx, srcb = xxxxxxxx
or $ALUout, $ 1, $10 performed
d_out = zzzzzzzz
Test Failed!!!

Checking test case
srca = xxxxxxxx, srcb = xxxxxxxx
xor $ALUout, $10, $ 1 performed
d_out = zzzzzzzz
Test Failed!!!

Checking test case
srca = xxxxxxxx, srcb = xxxxxxxx
not $ALUout, $10 performed
d_out = zzzzzzzz
Test Failed!!!

Checking test case
srca =          x, srcb =          x
sll $ALUout, $ 4, performed
d_out =          z
Test Failed!!!

Checking test case
srca = xxxxxxxx, srcb = xxxxxxxx
nop operation performed
d_out = zzzzzzzz
Test Failed!!!
$finish called at time : 146 ns : File "C:/Users/fallo/Desktop/CECS 440/Lab 5/Lab5/Lab5.srcs/sim_1/new/testbench_skeleton-lab5.v" Line 105
INFO: [USF-XSim-96] XSim completed. Design snapshot 'datapathTester_behav' loaded.
INFO: [USF-XSim-97] XSim simulation ran for 1000ns
WARNING: [filemgmt 56-199] Attempt to get parsing info during refresh. "On-the-fly" syntax checking information may be incorrect. [C:\Users\fallo\Desktop\CECS 440\Lab 5\Lab5\Lab5.srcs\sim_1\new\testbench_skeleton-lab5.v:]
WARNING: [filemgmt 56-199] Attempt to get parsing info during refresh. "On-the-fly" syntax checking information may be incorrect. [C:\Users\fallo\Desktop\CECS 440\Lab 5\Lab5\Lab5.srcs\sources_1\new\regfile.v:]
WARNING: [filemgmt 56-199] Attempt to get parsing info during refresh. "On-the-fly" syntax checking information may be incorrect. [C:\Users\fallo\Desktop\CECS 440\Lab 5\Lab5\Lab5.srcs\sources_1\new\alu.v:]
WARNING: [filemgmt 56-199] Attempt to get parsing info during refresh. "On-the-fly" syntax checking information may be incorrect. [C:\Users\fallo\Desktop\CECS 440\Lab 5\Lab5\Lab5.srcs\sources_1\new\aluout.v:]
WARNING: [filemgmt 56-199] Attempt to get parsing info during refresh. "On-the-fly" syntax checking information may be incorrect. [C:\Users\fallo\Desktop\CECS 440\Lab 5\Lab5\Lab5.srcs\sources_1\new\design.v:]
WARNING: [filemgmt 56-199] Attempt to get parsing info during refresh. "On-the-fly" syntax checking information may be incorrect. [C:\Users\fallo\Desktop\CECS 440\Lab 5\Lab5\Lab5.srcs\sim_1\new\testbench_skeleton-lab5.v:]
WARNING: [filemgmt 56-199] Attempt to get parsing info during refresh. "On-the-fly" syntax checking information may be incorrect. [C:\Users\fallo\Desktop\CECS 440\Lab 5\Lab5\Lab5.srcs\sim_1\new\testbench_skeleton-lab5.v:]
WARNING: [filemgmt 56-199] Attempt to get parsing info during refresh. "On-the-fly" syntax checking information may be incorrect. [C:\Users\fallo\Desktop\CECS 440\Lab 5\Lab5\Lab5.srcs\sim_1\new\testbench_skeleton-lab5.v:]
WARNING: [filemgmt 56-199] Attempt to get parsing info during refresh. "On-the-fly" syntax checking information may be incorrect. [C:\Users\fallo\Desktop\CECS 440\Lab 5\Lab5\Lab5.srcs\sources_1\new\regfile.v:]
WARNING: [filemgmt 56-199] Attempt to get parsing info during refresh. "On-the-fly" syntax checking information may be incorrect. [C:\Users\fallo\Desktop\CECS 440\Lab 5\Lab5\Lab5.srcs\sources_1\new\alu.v:]
WARNING: [filemgmt 56-199] Attempt to get parsing info during refresh. "On-the-fly" syntax checking information may be incorrect. [C:\Users\fallo\Desktop\CECS 440\Lab 5\Lab5\Lab5.srcs\sources_1\new\aluout.v:]
WARNING: [filemgmt 56-199] Attempt to get parsing info during refresh. "On-the-fly" syntax checking information may be incorrect. [C:\Users\fallo\Desktop\CECS 440\Lab 5\Lab5\Lab5.srcs\sources_1\new\design.v:]
WARNING: [filemgmt 56-199] Attempt to get parsing info during refresh. "On-the-fly" syntax checking information may be incorrect. [C:\Users\fallo\Desktop\CECS 440\Lab 5\Lab5\Lab5.srcs\sources_1\new\regfile.v:]
WARNING: [filemgmt 56-199] Attempt to get parsing info during refresh. "On-the-fly" syntax checking information may be incorrect. [C:\Users\fallo\Desktop\CECS 440\Lab 5\Lab5\Lab5.srcs\sources_1\new\regfile.v:]
ERROR: [Common 17-180] Spawn failed: No error
WARNING: [filemgmt 56-199] Attempt to get parsing info during refresh. "On-the-fly" syntax checking information may be incorrect. [C:\Users\fallo\Desktop\CECS 440\Lab 5\Lab5\Lab5.srcs\sim_1\new\testbench_skeleton-lab5.v:]
WARNING: [filemgmt 56-199] Attempt to get parsing info during refresh. "On-the-fly" syntax checking information may be incorrect. [C:\Users\fallo\Desktop\CECS 440\Lab 5\Lab5\Lab5.srcs\sources_1\new\regfile.v:]
WARNING: [filemgmt 56-199] Attempt to get parsing info during refresh. "On-the-fly" syntax checking information may be incorrect. [C:\Users\fallo\Desktop\CECS 440\Lab 5\Lab5\Lab5.srcs\sources_1\new\alu.v:]
WARNING: [filemgmt 56-199] Attempt to get parsing info during refresh. "On-the-fly" syntax checking information may be incorrect. [C:\Users\fallo\Desktop\CECS 440\Lab 5\Lab5\Lab5.srcs\sources_1\new\aluout.v:]
WARNING: [filemgmt 56-199] Attempt to get parsing info during refresh. "On-the-fly" syntax checking information may be incorrect. [C:\Users\fallo\Desktop\CECS 440\Lab 5\Lab5\Lab5.srcs\sources_1\new\design.v:]
WARNING: [filemgmt 56-199] Attempt to get parsing info during refresh. "On-the-fly" syntax checking information may be incorrect. [C:\Users\fallo\Desktop\CECS 440\Lab 5\Lab5\Lab5.srcs\sim_1\new\testbench_skeleton-lab5.v:]
WARNING: [filemgmt 56-199] Attempt to get parsing info during refresh. "On-the-fly" syntax checking information may be incorrect. [C:\Users\fallo\Desktop\CECS 440\Lab 5\Lab5\Lab5.srcs\sim_1\new\testbench_skeleton-lab5.v:]
WARNING: [filemgmt 56-199] Attempt to get parsing info during refresh. "On-the-fly" syntax checking information may be incorrect. [C:\Users\fallo\Desktop\CECS 440\Lab 5\Lab5\Lab5.srcs\sim_1\new\testbench_skeleton-lab5.v:]
WARNING: [filemgmt 56-199] Attempt to get parsing info during refresh. "On-the-fly" syntax checking information may be incorrect. [C:\Users\fallo\Desktop\CECS 440\Lab 5\Lab5\Lab5.srcs\sources_1\new\regfile.v:]
WARNING: [filemgmt 56-199] Attempt to get parsing info during refresh. "On-the-fly" syntax checking information may be incorrect. [C:\Users\fallo\Desktop\CECS 440\Lab 5\Lab5\Lab5.srcs\sources_1\new\alu.v:]
WARNING: [filemgmt 56-199] Attempt to get parsing info during refresh. "On-the-fly" syntax checking information may be incorrect. [C:\Users\fallo\Desktop\CECS 440\Lab 5\Lab5\Lab5.srcs\sources_1\new\aluout.v:]
WARNING: [filemgmt 56-199] Attempt to get parsing info during refresh. "On-the-fly" syntax checking information may be incorrect. [C:\Users\fallo\Desktop\CECS 440\Lab 5\Lab5\Lab5.srcs\sources_1\new\design.v:]
WARNING: [filemgmt 56-199] Attempt to get parsing info during refresh. "On-the-fly" syntax checking information may be incorrect. [C:\Users\fallo\Desktop\CECS 440\Lab 5\Lab5\Lab5.srcs\sources_1\new\aluout.v:]
WARNING: [filemgmt 56-199] Attempt to get parsing info during refresh. "On-the-fly" syntax checking information may be incorrect. [C:\Users\fallo\Desktop\CECS 440\Lab 5\Lab5\Lab5.srcs\sources_1\new\aluout.v:]
WARNING: [filemgmt 56-199] Attempt to get parsing info during refresh. "On-the-fly" syntax checking information may be incorrect. [C:\Users\fallo\Desktop\CECS 440\Lab 5\Lab5\Lab5.srcs\sim_1\new\testbench_skeleton-lab5.v:]
WARNING: [filemgmt 56-199] Attempt to get parsing info during refresh. "On-the-fly" syntax checking information may be incorrect. [C:\Users\fallo\Desktop\CECS 440\Lab 5\Lab5\Lab5.srcs\sources_1\new\regfile.v:]
WARNING: [filemgmt 56-199] Attempt to get parsing info during refresh. "On-the-fly" syntax checking information may be incorrect. [C:\Users\fallo\Desktop\CECS 440\Lab 5\Lab5\Lab5.srcs\sources_1\new\alu.v:]
WARNING: [filemgmt 56-199] Attempt to get parsing info during refresh. "On-the-fly" syntax checking information may be incorrect. [C:\Users\fallo\Desktop\CECS 440\Lab 5\Lab5\Lab5.srcs\sources_1\new\aluout.v:]
WARNING: [filemgmt 56-199] Attempt to get parsing info during refresh. "On-the-fly" syntax checking information may be incorrect. [C:\Users\fallo\Desktop\CECS 440\Lab 5\Lab5\Lab5.srcs\sources_1\new\design.v:]
WARNING: [filemgmt 56-199] Attempt to get parsing info during refresh. "On-the-fly" syntax checking information may be incorrect. [C:\Users\fallo\Desktop\CECS 440\Lab 5\Lab5\Lab5.srcs\sources_1\new\design.v:]
WARNING: [filemgmt 56-199] Attempt to get parsing info during refresh. "On-the-fly" syntax checking information may be incorrect. [C:\Users\fallo\Desktop\CECS 440\Lab 5\Lab5\Lab5.srcs\sources_1\new\design.v:]
WARNING: [filemgmt 56-199] Attempt to get parsing info during refresh. "On-the-fly" syntax checking information may be incorrect. [C:\Users\fallo\Desktop\CECS 440\Lab 5\Lab5\Lab5.srcs\sim_1\new\testbench_skeleton-lab5.v:]
WARNING: [filemgmt 56-199] Attempt to get parsing info during refresh. "On-the-fly" syntax checking information may be incorrect. [C:\Users\fallo\Desktop\CECS 440\Lab 5\Lab5\Lab5.srcs\sources_1\new\regfile.v:]
WARNING: [filemgmt 56-199] Attempt to get parsing info during refresh. "On-the-fly" syntax checking information may be incorrect. [C:\Users\fallo\Desktop\CECS 440\Lab 5\Lab5\Lab5.srcs\sources_1\new\alu.v:]
WARNING: [filemgmt 56-199] Attempt to get parsing info during refresh. "On-the-fly" syntax checking information may be incorrect. [C:\Users\fallo\Desktop\CECS 440\Lab 5\Lab5\Lab5.srcs\sources_1\new\aluout.v:]
WARNING: [filemgmt 56-199] Attempt to get parsing info during refresh. "On-the-fly" syntax checking information may be incorrect. [C:\Users\fallo\Desktop\CECS 440\Lab 5\Lab5\Lab5.srcs\sources_1\new\design.v:]
WARNING: [filemgmt 56-199] Attempt to get parsing info during refresh. "On-the-fly" syntax checking information may be incorrect. [C:\Users\fallo\Desktop\CECS 440\Lab 5\Lab5\Lab5.srcs\sources_1\new\alu.v:]
WARNING: [filemgmt 56-199] Attempt to get parsing info during refresh. "On-the-fly" syntax checking information may be incorrect. [C:\Users\fallo\Desktop\CECS 440\Lab 5\Lab5\Lab5.srcs\sources_1\new\alu.v:]
ERROR: [Common 17-180] Spawn failed: No error
update_compile_order -fileset sources_1
WARNING: [filemgmt 56-199] Attempt to get parsing info during refresh. "On-the-fly" syntax checking information may be incorrect. [C:\Users\fallo\Desktop\CECS 440\Lab 5\Lab5\Lab5.srcs\sim_1\new\testbench_skeleton-lab5.v:]
WARNING: [filemgmt 56-199] Attempt to get parsing info during refresh. "On-the-fly" syntax checking information may be incorrect. [C:\Users\fallo\Desktop\CECS 440\Lab 5\Lab5\Lab5.srcs\sources_1\new\regfile.v:]
WARNING: [filemgmt 56-199] Attempt to get parsing info during refresh. "On-the-fly" syntax checking information may be incorrect. [C:\Users\fallo\Desktop\CECS 440\Lab 5\Lab5\Lab5.srcs\sources_1\new\alu.v:]
WARNING: [filemgmt 56-199] Attempt to get parsing info during refresh. "On-the-fly" syntax checking information may be incorrect. [C:\Users\fallo\Desktop\CECS 440\Lab 5\Lab5\Lab5.srcs\sources_1\new\aluout.v:]
WARNING: [filemgmt 56-199] Attempt to get parsing info during refresh. "On-the-fly" syntax checking information may be incorrect. [C:\Users\fallo\Desktop\CECS 440\Lab 5\Lab5\Lab5.srcs\sources_1\new\design.v:]
WARNING: [filemgmt 56-199] Attempt to get parsing info during refresh. "On-the-fly" syntax checking information may be incorrect. [C:\Users\fallo\Desktop\CECS 440\Lab 5\Lab5\Lab5.srcs\sim_1\new\testbench_skeleton-lab5.v:]
WARNING: [filemgmt 56-199] Attempt to get parsing info during refresh. "On-the-fly" syntax checking information may be incorrect. [C:\Users\fallo\Desktop\CECS 440\Lab 5\Lab5\Lab5.srcs\sim_1\new\testbench_skeleton-lab5.v:]
WARNING: [filemgmt 56-199] Attempt to get parsing info during refresh. "On-the-fly" syntax checking information may be incorrect. [C:\Users\fallo\Desktop\CECS 440\Lab 5\Lab5\Lab5.srcs\sim_1\new\testbench_skeleton-lab5.v:]
WARNING: [filemgmt 56-199] Attempt to get parsing info during refresh. "On-the-fly" syntax checking information may be incorrect. [C:\Users\fallo\Desktop\CECS 440\Lab 5\Lab5\Lab5.srcs\sources_1\new\regfile.v:]
WARNING: [filemgmt 56-199] Attempt to get parsing info during refresh. "On-the-fly" syntax checking information may be incorrect. [C:\Users\fallo\Desktop\CECS 440\Lab 5\Lab5\Lab5.srcs\sources_1\new\alu.v:]
WARNING: [filemgmt 56-199] Attempt to get parsing info during refresh. "On-the-fly" syntax checking information may be incorrect. [C:\Users\fallo\Desktop\CECS 440\Lab 5\Lab5\Lab5.srcs\sources_1\new\aluout.v:]
WARNING: [filemgmt 56-199] Attempt to get parsing info during refresh. "On-the-fly" syntax checking information may be incorrect. [C:\Users\fallo\Desktop\CECS 440\Lab 5\Lab5\Lab5.srcs\sources_1\new\design.v:]
WARNING: [filemgmt 56-199] Attempt to get parsing info during refresh. "On-the-fly" syntax checking information may be incorrect. [C:\Users\fallo\Desktop\CECS 440\Lab 5\Lab5\Lab5.srcs\sources_1\new\aluout.v:]
WARNING: [filemgmt 56-199] Attempt to get parsing info during refresh. "On-the-fly" syntax checking information may be incorrect. [C:\Users\fallo\Desktop\CECS 440\Lab 5\Lab5\Lab5.srcs\sources_1\new\aluout.v:]
WARNING: [filemgmt 56-199] Attempt to get parsing info during refresh. "On-the-fly" syntax checking information may be incorrect. [C:\Users\fallo\Desktop\CECS 440\Lab 5\Lab5\Lab5.srcs\sim_1\new\testbench_skeleton-lab5.v:]
WARNING: [filemgmt 56-199] Attempt to get parsing info during refresh. "On-the-fly" syntax checking information may be incorrect. [C:\Users\fallo\Desktop\CECS 440\Lab 5\Lab5\Lab5.srcs\sources_1\new\regfile.v:]
WARNING: [filemgmt 56-199] Attempt to get parsing info during refresh. "On-the-fly" syntax checking information may be incorrect. [C:\Users\fallo\Desktop\CECS 440\Lab 5\Lab5\Lab5.srcs\sources_1\new\alu.v:]
WARNING: [filemgmt 56-199] Attempt to get parsing info during refresh. "On-the-fly" syntax checking information may be incorrect. [C:\Users\fallo\Desktop\CECS 440\Lab 5\Lab5\Lab5.srcs\sources_1\new\aluout.v:]
WARNING: [filemgmt 56-199] Attempt to get parsing info during refresh. "On-the-fly" syntax checking information may be incorrect. [C:\Users\fallo\Desktop\CECS 440\Lab 5\Lab5\Lab5.srcs\sources_1\new\design.v:]
WARNING: [filemgmt 56-199] Attempt to get parsing info during refresh. "On-the-fly" syntax checking information may be incorrect. [C:\Users\fallo\Desktop\CECS 440\Lab 5\Lab5\Lab5.srcs\sources_1\new\design.v:]
WARNING: [filemgmt 56-199] Attempt to get parsing info during refresh. "On-the-fly" syntax checking information may be incorrect. [C:\Users\fallo\Desktop\CECS 440\Lab 5\Lab5\Lab5.srcs\sources_1\new\design.v:]
ERROR: [Common 17-180] Spawn failed: No error
ERROR: [Common 17-180] Spawn failed: No error
WARNING: [filemgmt 56-199] Attempt to get parsing info during refresh. "On-the-fly" syntax checking information may be incorrect. [C:\Users\fallo\Desktop\CECS 440\Lab 5\Lab5\Lab5.srcs\sim_1\new\testbench_skeleton-lab5.v:]
WARNING: [filemgmt 56-199] Attempt to get parsing info during refresh. "On-the-fly" syntax checking information may be incorrect. [C:\Users\fallo\Desktop\CECS 440\Lab 5\Lab5\Lab5.srcs\sources_1\new\regfile.v:]
WARNING: [filemgmt 56-199] Attempt to get parsing info during refresh. "On-the-fly" syntax checking information may be incorrect. [C:\Users\fallo\Desktop\CECS 440\Lab 5\Lab5\Lab5.srcs\sources_1\new\alu.v:]
WARNING: [filemgmt 56-199] Attempt to get parsing info during refresh. "On-the-fly" syntax checking information may be incorrect. [C:\Users\fallo\Desktop\CECS 440\Lab 5\Lab5\Lab5.srcs\sources_1\new\aluout.v:]
WARNING: [filemgmt 56-199] Attempt to get parsing info during refresh. "On-the-fly" syntax checking information may be incorrect. [C:\Users\fallo\Desktop\CECS 440\Lab 5\Lab5\Lab5.srcs\sources_1\new\design.v:]
WARNING: [filemgmt 56-199] Attempt to get parsing info during refresh. "On-the-fly" syntax checking information may be incorrect. [C:\Users\fallo\Desktop\CECS 440\Lab 5\Lab5\Lab5.srcs\sources_1\new\design.v:]
WARNING: [filemgmt 56-199] Attempt to get parsing info during refresh. "On-the-fly" syntax checking information may be incorrect. [C:\Users\fallo\Desktop\CECS 440\Lab 5\Lab5\Lab5.srcs\sources_1\new\design.v:]
WARNING: [filemgmt 56-199] Attempt to get parsing info during refresh. "On-the-fly" syntax checking information may be incorrect. [C:\Users\fallo\Desktop\CECS 440\Lab 5\Lab5\Lab5.srcs\sim_1\new\testbench_skeleton-lab5.v:]
WARNING: [filemgmt 56-199] Attempt to get parsing info during refresh. "On-the-fly" syntax checking information may be incorrect. [C:\Users\fallo\Desktop\CECS 440\Lab 5\Lab5\Lab5.srcs\sources_1\new\regfile.v:]
WARNING: [filemgmt 56-199] Attempt to get parsing info during refresh. "On-the-fly" syntax checking information may be incorrect. [C:\Users\fallo\Desktop\CECS 440\Lab 5\Lab5\Lab5.srcs\sources_1\new\alu.v:]
WARNING: [filemgmt 56-199] Attempt to get parsing info during refresh. "On-the-fly" syntax checking information may be incorrect. [C:\Users\fallo\Desktop\CECS 440\Lab 5\Lab5\Lab5.srcs\sources_1\new\aluout.v:]
WARNING: [filemgmt 56-199] Attempt to get parsing info during refresh. "On-the-fly" syntax checking information may be incorrect. [C:\Users\fallo\Desktop\CECS 440\Lab 5\Lab5\Lab5.srcs\sources_1\new\design.v:]
WARNING: [filemgmt 56-199] Attempt to get parsing info during refresh. "On-the-fly" syntax checking information may be incorrect. [C:\Users\fallo\Desktop\CECS 440\Lab 5\Lab5\Lab5.srcs\sources_1\new\alu.v:]
WARNING: [filemgmt 56-199] Attempt to get parsing info during refresh. "On-the-fly" syntax checking information may be incorrect. [C:\Users\fallo\Desktop\CECS 440\Lab 5\Lab5\Lab5.srcs\sources_1\new\alu.v:]
ERROR: [Common 17-180] Spawn failed: No error
WARNING: [filemgmt 56-199] Attempt to get parsing info during refresh. "On-the-fly" syntax checking information may be incorrect. [C:\Users\fallo\Desktop\CECS 440\Lab 5\Lab5\Lab5.srcs\sim_1\new\testbench_skeleton-lab5.v:]
WARNING: [filemgmt 56-199] Attempt to get parsing info during refresh. "On-the-fly" syntax checking information may be incorrect. [C:\Users\fallo\Desktop\CECS 440\Lab 5\Lab5\Lab5.srcs\sources_1\new\regfile.v:]
WARNING: [filemgmt 56-199] Attempt to get parsing info during refresh. "On-the-fly" syntax checking information may be incorrect. [C:\Users\fallo\Desktop\CECS 440\Lab 5\Lab5\Lab5.srcs\sources_1\new\alu.v:]
WARNING: [filemgmt 56-199] Attempt to get parsing info during refresh. "On-the-fly" syntax checking information may be incorrect. [C:\Users\fallo\Desktop\CECS 440\Lab 5\Lab5\Lab5.srcs\sources_1\new\aluout.v:]
WARNING: [filemgmt 56-199] Attempt to get parsing info during refresh. "On-the-fly" syntax checking information may be incorrect. [C:\Users\fallo\Desktop\CECS 440\Lab 5\Lab5\Lab5.srcs\sources_1\new\design.v:]
WARNING: [filemgmt 56-199] Attempt to get parsing info during refresh. "On-the-fly" syntax checking information may be incorrect. [C:\Users\fallo\Desktop\CECS 440\Lab 5\Lab5\Lab5.srcs\sources_1\new\regfile.v:]
WARNING: [filemgmt 56-199] Attempt to get parsing info during refresh. "On-the-fly" syntax checking information may be incorrect. [C:\Users\fallo\Desktop\CECS 440\Lab 5\Lab5\Lab5.srcs\sources_1\new\regfile.v:]
ERROR: [Common 17-180] Spawn failed: No error
WARNING: [filemgmt 56-199] Attempt to get parsing info during refresh. "On-the-fly" syntax checking information may be incorrect. [C:\Users\fallo\Desktop\CECS 440\Lab 5\Lab5\Lab5.srcs\sim_1\new\testbench_skeleton-lab5.v:]
WARNING: [filemgmt 56-199] Attempt to get parsing info during refresh. "On-the-fly" syntax checking information may be incorrect. [C:\Users\fallo\Desktop\CECS 440\Lab 5\Lab5\Lab5.srcs\sources_1\new\regfile.v:]
WARNING: [filemgmt 56-199] Attempt to get parsing info during refresh. "On-the-fly" syntax checking information may be incorrect. [C:\Users\fallo\Desktop\CECS 440\Lab 5\Lab5\Lab5.srcs\sources_1\new\alu.v:]
WARNING: [filemgmt 56-199] Attempt to get parsing info during refresh. "On-the-fly" syntax checking information may be incorrect. [C:\Users\fallo\Desktop\CECS 440\Lab 5\Lab5\Lab5.srcs\sources_1\new\aluout.v:]
WARNING: [filemgmt 56-199] Attempt to get parsing info during refresh. "On-the-fly" syntax checking information may be incorrect. [C:\Users\fallo\Desktop\CECS 440\Lab 5\Lab5\Lab5.srcs\sources_1\new\design.v:]
WARNING: [filemgmt 56-199] Attempt to get parsing info during refresh. "On-the-fly" syntax checking information may be incorrect. [C:\Users\fallo\Desktop\CECS 440\Lab 5\Lab5\Lab5.srcs\sim_1\new\testbench_skeleton-lab5.v:]
WARNING: [filemgmt 56-199] Attempt to get parsing info during refresh. "On-the-fly" syntax checking information may be incorrect. [C:\Users\fallo\Desktop\CECS 440\Lab 5\Lab5\Lab5.srcs\sim_1\new\testbench_skeleton-lab5.v:]
WARNING: [filemgmt 56-199] Attempt to get parsing info during refresh. "On-the-fly" syntax checking information may be incorrect. [C:\Users\fallo\Desktop\CECS 440\Lab 5\Lab5\Lab5.srcs\sim_1\new\testbench_skeleton-lab5.v:]
WARNING: [filemgmt 56-199] Attempt to get parsing info during refresh. "On-the-fly" syntax checking information may be incorrect. [C:\Users\fallo\Desktop\CECS 440\Lab 5\Lab5\Lab5.srcs\sources_1\new\regfile.v:]
WARNING: [filemgmt 56-199] Attempt to get parsing info during refresh. "On-the-fly" syntax checking information may be incorrect. [C:\Users\fallo\Desktop\CECS 440\Lab 5\Lab5\Lab5.srcs\sources_1\new\alu.v:]
WARNING: [filemgmt 56-199] Attempt to get parsing info during refresh. "On-the-fly" syntax checking information may be incorrect. [C:\Users\fallo\Desktop\CECS 440\Lab 5\Lab5\Lab5.srcs\sources_1\new\aluout.v:]
WARNING: [filemgmt 56-199] Attempt to get parsing info during refresh. "On-the-fly" syntax checking information may be incorrect. [C:\Users\fallo\Desktop\CECS 440\Lab 5\Lab5\Lab5.srcs\sources_1\new\design.v:]
WARNING: [filemgmt 56-199] Attempt to get parsing info during refresh. "On-the-fly" syntax checking information may be incorrect. [C:\Users\fallo\Desktop\CECS 440\Lab 5\Lab5\Lab5.srcs\sources_1\new\aluout.v:]
WARNING: [filemgmt 56-199] Attempt to get parsing info during refresh. "On-the-fly" syntax checking information may be incorrect. [C:\Users\fallo\Desktop\CECS 440\Lab 5\Lab5\Lab5.srcs\sources_1\new\aluout.v:]
WARNING: [filemgmt 56-199] Attempt to get parsing info during refresh. "On-the-fly" syntax checking information may be incorrect. [C:\Users\fallo\Desktop\CECS 440\Lab 5\Lab5\Lab5.srcs\sim_1\new\testbench_skeleton-lab5.v:]
WARNING: [filemgmt 56-199] Attempt to get parsing info during refresh. "On-the-fly" syntax checking information may be incorrect. [C:\Users\fallo\Desktop\CECS 440\Lab 5\Lab5\Lab5.srcs\sources_1\new\regfile.v:]
WARNING: [filemgmt 56-199] Attempt to get parsing info during refresh. "On-the-fly" syntax checking information may be incorrect. [C:\Users\fallo\Desktop\CECS 440\Lab 5\Lab5\Lab5.srcs\sources_1\new\alu.v:]
WARNING: [filemgmt 56-199] Attempt to get parsing info during refresh. "On-the-fly" syntax checking information may be incorrect. [C:\Users\fallo\Desktop\CECS 440\Lab 5\Lab5\Lab5.srcs\sources_1\new\aluout.v:]
WARNING: [filemgmt 56-199] Attempt to get parsing info during refresh. "On-the-fly" syntax checking information may be incorrect. [C:\Users\fallo\Desktop\CECS 440\Lab 5\Lab5\Lab5.srcs\sources_1\new\design.v:]
WARNING: [filemgmt 56-199] Attempt to get parsing info during refresh. "On-the-fly" syntax checking information may be incorrect. [C:\Users\fallo\Desktop\CECS 440\Lab 5\Lab5\Lab5.srcs\sources_1\new\design.v:]
WARNING: [filemgmt 56-199] Attempt to get parsing info during refresh. "On-the-fly" syntax checking information may be incorrect. [C:\Users\fallo\Desktop\CECS 440\Lab 5\Lab5\Lab5.srcs\sources_1\new\design.v:]
ERROR: [Common 17-180] Spawn failed: No error
WARNING: [filemgmt 56-199] Attempt to get parsing info during refresh. "On-the-fly" syntax checking information may be incorrect. [C:\Users\fallo\Desktop\CECS 440\Lab 5\Lab5\Lab5.srcs\sim_1\new\testbench_skeleton-lab5.v:]
WARNING: [filemgmt 56-199] Attempt to get parsing info during refresh. "On-the-fly" syntax checking information may be incorrect. [C:\Users\fallo\Desktop\CECS 440\Lab 5\Lab5\Lab5.srcs\sources_1\new\regfile.v:]
WARNING: [filemgmt 56-199] Attempt to get parsing info during refresh. "On-the-fly" syntax checking information may be incorrect. [C:\Users\fallo\Desktop\CECS 440\Lab 5\Lab5\Lab5.srcs\sources_1\new\alu.v:]
WARNING: [filemgmt 56-199] Attempt to get parsing info during refresh. "On-the-fly" syntax checking information may be incorrect. [C:\Users\fallo\Desktop\CECS 440\Lab 5\Lab5\Lab5.srcs\sources_1\new\aluout.v:]
WARNING: [filemgmt 56-199] Attempt to get parsing info during refresh. "On-the-fly" syntax checking information may be incorrect. [C:\Users\fallo\Desktop\CECS 440\Lab 5\Lab5\Lab5.srcs\sources_1\new\design.v:]
WARNING: [filemgmt 56-199] Attempt to get parsing info during refresh. "On-the-fly" syntax checking information may be incorrect. [C:\Users\fallo\Desktop\CECS 440\Lab 5\Lab5\Lab5.srcs\sources_1\new\alu.v:]
WARNING: [filemgmt 56-199] Attempt to get parsing info during refresh. "On-the-fly" syntax checking information may be incorrect. [C:\Users\fallo\Desktop\CECS 440\Lab 5\Lab5\Lab5.srcs\sources_1\new\alu.v:]
ERROR: [Common 17-180] Spawn failed: No error
close_sim
INFO: [Simtcl 6-16] Simulation closed
launch_simulation
Command: launch_simulation 
INFO: [Vivado 12-12493] Simulation top is 'datapathTester'
WARNING: [Vivado 12-13340] Unable to auto find GCC executables from simulator install path! (path not set)
INFO: [Vivado 12-5682] Launching behavioral simulation in 'C:/Users/fallo/Desktop/CECS 440/Lab 5/Lab5/Lab5.sim/sim_1/behav/xsim'
INFO: [SIM-utils-51] Simulation object is 'sim_1'
INFO: [SIM-utils-72] Using boost library from 'E:/Vivado/2024.2/tps/boost_1_72_0'
INFO: [SIM-utils-54] Inspecting design source files for 'datapathTester' in fileset 'sim_1'...
INFO: [USF-XSim-97] Finding global include files...
INFO: [USF-XSim-98] Fetching design files from 'sim_1'...
INFO: [USF-XSim-2] XSim::Compile design
INFO: [USF-XSim-61] Executing 'COMPILE and ANALYZE' step in 'C:/Users/fallo/Desktop/CECS 440/Lab 5/Lab5/Lab5.sim/sim_1/behav/xsim'
"xvlog --incr --relax -prj datapathTester_vlog.prj"
INFO: [VRFC 10-2263] Analyzing Verilog file "C:/Users/fallo/Desktop/CECS 440/Lab 5/Lab5/Lab5.srcs/sources_1/new/alu.v" into library xil_defaultlib
INFO: [VRFC 10-311] analyzing module alu
INFO: [VRFC 10-2263] Analyzing Verilog file "C:/Users/fallo/Desktop/CECS 440/Lab 5/Lab5/Lab5.srcs/sources_1/new/aluout.v" into library xil_defaultlib
INFO: [VRFC 10-311] analyzing module aluout
INFO: [VRFC 10-2263] Analyzing Verilog file "C:/Users/fallo/Desktop/CECS 440/Lab 5/Lab5/Lab5.srcs/sources_1/new/design.v" into library xil_defaultlib
INFO: [VRFC 10-311] analyzing module regfile
INFO: [VRFC 10-311] analyzing module aluout
WARNING: [VRFC 10-3609] overwriting previous definition of module 'aluout' [C:/Users/fallo/Desktop/CECS 440/Lab 5/Lab5/Lab5.srcs/sources_1/new/aluout.v:4]
INFO: [VRFC 10-311] analyzing module alu
WARNING: [VRFC 10-3609] overwriting previous definition of module 'alu' [C:/Users/fallo/Desktop/CECS 440/Lab 5/Lab5/Lab5.srcs/sources_1/new/alu.v:8]
INFO: [VRFC 10-311] analyzing module simple_datapath
INFO: [VRFC 10-2263] Analyzing Verilog file "C:/Users/fallo/Desktop/CECS 440/Lab 5/Lab5/Lab5.srcs/sources_1/new/regfile.v" into library xil_defaultlib
INFO: [VRFC 10-311] analyzing module regfile
WARNING: [VRFC 10-3609] overwriting previous definition of module 'regfile' [C:/Users/fallo/Desktop/CECS 440/Lab 5/Lab5/Lab5.srcs/sources_1/new/regfile.v:5]
INFO: [VRFC 10-2263] Analyzing Verilog file "C:/Users/fallo/Desktop/CECS 440/Lab 5/Lab5/Lab5.srcs/sim_1/new/testbench_skeleton-lab5.v" into library xil_defaultlib
INFO: [VRFC 10-311] analyzing module datapathTester
INFO: [USF-XSim-69] 'compile' step finished in '1' seconds
INFO: [USF-XSim-3] XSim::Elaborate design
INFO: [USF-XSim-61] Executing 'ELABORATE' step in 'C:/Users/fallo/Desktop/CECS 440/Lab 5/Lab5/Lab5.sim/sim_1/behav/xsim'
"xelab --incr --debug typical --relax --mt 2 -L xil_defaultlib -L unisims_ver -L unimacro_ver -L secureip --snapshot datapathTester_behav xil_defaultlib.datapathTester xil_defaultlib.glbl -log elaborate.log"
Vivado Simulator v2024.2.0
Copyright 1986-2022 Xilinx, Inc. All Rights Reserved.
Copyright 2022-2024 Advanced Micro Devices, Inc. All Rights Reserved.
Running: E:/Vivado/2024.2/bin/unwrapped/win64.o/xelab.exe --incr --debug typical --relax --mt 2 -L xil_defaultlib -L unisims_ver -L unimacro_ver -L secureip --snapshot datapathTester_behav xil_defaultlib.datapathTester xil_defaultlib.glbl -log elaborate.log 
Using 2 slave threads.
Starting static elaboration
Pass Through NonSizing Optimizer
WARNING: [VRFC 10-3091] actual bit length 1 differs from formal bit length 5 for port 'rd_addr2' [C:/Users/fallo/Desktop/CECS 440/Lab 5/Lab5/Lab5.srcs/sources_1/new/design.v:23]
WARNING: [VRFC 10-3091] actual bit length 1 differs from formal bit length 32 for port 'y' [C:/Users/fallo/Desktop/CECS 440/Lab 5/Lab5/Lab5.srcs/sources_1/new/design.v:35]
WARNING: [VRFC 10-3091] actual bit length 1 differs from formal bit length 32 for port 'd' [C:/Users/fallo/Desktop/CECS 440/Lab 5/Lab5/Lab5.srcs/sources_1/new/design.v:47]
WARNING: [VRFC 10-3091] actual bit length 1 differs from formal bit length 32 for port 'q' [C:/Users/fallo/Desktop/CECS 440/Lab 5/Lab5/Lab5.srcs/sources_1/new/design.v:48]
WARNING: [VRFC 10-5021] port 'op_code' is not connected on this instance [C:/Users/fallo/Desktop/CECS 440/Lab 5/Lab5/Lab5.srcs/sim_1/new/testbench_skeleton-lab5.v:14]
Completed static elaboration
Starting simulation data flow analysis
Completed simulation data flow analysis
Time Resolution for simulation is 1ps
Compiling module xil_defaultlib.regfile
Compiling module xil_defaultlib.alu(width=32)
Compiling module xil_defaultlib.aluout(width=32)
Compiling module xil_defaultlib.simple_datapath
Compiling module xil_defaultlib.datapathTester
Compiling module xil_defaultlib.glbl
Built simulation snapshot datapathTester_behav
INFO: [USF-XSim-69] 'elaborate' step finished in '2' seconds
INFO: [USF-XSim-4] XSim::Simulate design
INFO: [USF-XSim-61] Executing 'SIMULATE' step in 'C:/Users/fallo/Desktop/CECS 440/Lab 5/Lab5/Lab5.sim/sim_1/behav/xsim'
INFO: [USF-XSim-98] *** Running xsim
   with args "datapathTester_behav -key {Behavioral:sim_1:Functional:datapathTester} -tclbatch {datapathTester.tcl} -log {simulate.log}"
INFO: [USF-XSim-8] Loading simulator feature
Time resolution is 1 ps
source datapathTester.tcl
# set curr_wave [current_wave_config]
# if { [string length $curr_wave] == 0 } {
#   if { [llength [get_objects]] > 0} {
#     add_wave /
#     set_property needs_save false [current_wave_config]
#   } else {
#      send_msg_id Add_Wave-1 WARNING "No top level signals found. Simulator will start without a wave window. If you want to open a wave window go to 'File->New Waveform Configuration' or type 'create_wave_config' in the TCL console."
#   }
# }
# run 1000ns
Registers Initialized!
	Register	Content
          0	0x00000000
          1	0xffff0000
          2	0x0a0a0a0a
          3	0x000001f4
          4	0x000003e8
          5	0x00000005
          6	0x00000006
          7	0x00000007
          8	0x00000008
          9	0x00000009
         10	0x0000000a
         11	0x0000000b
         12	0x0000000c
         13	0x0000000d
         14	0x0000000e
         15	0x0000000f
         16	0x00000010
         17	0x00000011
         18	0x00000012
         19	0x00000013
         20	0x00000014
         21	0x00000015
         22	0x00000016
         23	0x00000017
         24	0x00000018
         25	0x00000019
         26	0x0000001a
         27	0x0000001b
         28	0x0000001c
         29	0x0000001d
         30	0x0000001e
         31	0x0000001f

Checking test case
srca =          x, srcb =          x
add $ALUout, $11, $ 4 performed
sum =          z
Test Failed!!!

Checking test case
srca =          x, srcb =          x
increment $ALUout, $11 performed
d_out =          z
Test Failed!!!

Checking test case
srca = xxxxxxxx, srcb = xxxxxxxx
and $ALUout, $ 1, $10 performed
d_out = zzzzzzzz
Test Failed!!!

Checking test case
srca = xxxxxxxx, srcb = xxxxxxxx
or $ALUout, $ 1, $10 performed
d_out = zzzzzzzz
Test Failed!!!

Checking test case
srca = xxxxxxxx, srcb = xxxxxxxx
xor $ALUout, $10, $ 1 performed
d_out = zzzzzzzz
Test Failed!!!

Checking test case
srca = xxxxxxxx, srcb = xxxxxxxx
not $ALUout, $10 performed
d_out = zzzzzzzz
Test Failed!!!

Checking test case
srca =          x, srcb =          x
sll $ALUout, $ 4, performed
d_out =          z
Test Failed!!!

Checking test case
srca = xxxxxxxx, srcb = xxxxxxxx
nop operation performed
d_out = zzzzzzzz
Test Failed!!!
$finish called at time : 146 ns : File "C:/Users/fallo/Desktop/CECS 440/Lab 5/Lab5/Lab5.srcs/sim_1/new/testbench_skeleton-lab5.v" Line 105
INFO: [USF-XSim-96] XSim completed. Design snapshot 'datapathTester_behav' loaded.
INFO: [USF-XSim-97] XSim simulation ran for 1000ns
launch_simulation: Time (s): cpu = 00:00:03 ; elapsed = 00:00:05 . Memory (MB): peak = 1766.590 ; gain = 0.000
WARNING: [filemgmt 56-199] Attempt to get parsing info during refresh. "On-the-fly" syntax checking information may be incorrect. [C:\Users\fallo\Desktop\CECS 440\Lab 5\Lab5\Lab5.srcs\sim_1\new\testbench_skeleton-lab5.v:]
WARNING: [filemgmt 56-199] Attempt to get parsing info during refresh. "On-the-fly" syntax checking information may be incorrect. [C:\Users\fallo\Desktop\CECS 440\Lab 5\Lab5\Lab5.srcs\sources_1\new\regfile.v:]
WARNING: [filemgmt 56-199] Attempt to get parsing info during refresh. "On-the-fly" syntax checking information may be incorrect. [C:\Users\fallo\Desktop\CECS 440\Lab 5\Lab5\Lab5.srcs\sources_1\new\alu.v:]
WARNING: [filemgmt 56-199] Attempt to get parsing info during refresh. "On-the-fly" syntax checking information may be incorrect. [C:\Users\fallo\Desktop\CECS 440\Lab 5\Lab5\Lab5.srcs\sources_1\new\aluout.v:]
WARNING: [filemgmt 56-199] Attempt to get parsing info during refresh. "On-the-fly" syntax checking information may be incorrect. [C:\Users\fallo\Desktop\CECS 440\Lab 5\Lab5\Lab5.srcs\sources_1\new\design.v:]
WARNING: [filemgmt 56-199] Attempt to get parsing info during refresh. "On-the-fly" syntax checking information may be incorrect. [C:\Users\fallo\Desktop\CECS 440\Lab 5\Lab5\Lab5.srcs\sim_1\new\testbench_skeleton-lab5.v:]
WARNING: [filemgmt 56-199] Attempt to get parsing info during refresh. "On-the-fly" syntax checking information may be incorrect. [C:\Users\fallo\Desktop\CECS 440\Lab 5\Lab5\Lab5.srcs\sim_1\new\testbench_skeleton-lab5.v:]
WARNING: [filemgmt 56-199] Attempt to get parsing info during refresh. "On-the-fly" syntax checking information may be incorrect. [C:\Users\fallo\Desktop\CECS 440\Lab 5\Lab5\Lab5.srcs\sim_1\new\testbench_skeleton-lab5.v:]
WARNING: [filemgmt 56-199] Attempt to get parsing info during refresh. "On-the-fly" syntax checking information may be incorrect. [C:\Users\fallo\Desktop\CECS 440\Lab 5\Lab5\Lab5.srcs\sources_1\new\regfile.v:]
WARNING: [filemgmt 56-199] Attempt to get parsing info during refresh. "On-the-fly" syntax checking information may be incorrect. [C:\Users\fallo\Desktop\CECS 440\Lab 5\Lab5\Lab5.srcs\sources_1\new\alu.v:]
WARNING: [filemgmt 56-199] Attempt to get parsing info during refresh. "On-the-fly" syntax checking information may be incorrect. [C:\Users\fallo\Desktop\CECS 440\Lab 5\Lab5\Lab5.srcs\sources_1\new\aluout.v:]
WARNING: [filemgmt 56-199] Attempt to get parsing info during refresh. "On-the-fly" syntax checking information may be incorrect. [C:\Users\fallo\Desktop\CECS 440\Lab 5\Lab5\Lab5.srcs\sources_1\new\design.v:]
WARNING: [filemgmt 56-199] Attempt to get parsing info during refresh. "On-the-fly" syntax checking information may be incorrect. [C:\Users\fallo\Desktop\CECS 440\Lab 5\Lab5\Lab5.srcs\sources_1\new\aluout.v:]
WARNING: [filemgmt 56-199] Attempt to get parsing info during refresh. "On-the-fly" syntax checking information may be incorrect. [C:\Users\fallo\Desktop\CECS 440\Lab 5\Lab5\Lab5.srcs\sources_1\new\aluout.v:]
WARNING: [filemgmt 56-199] Attempt to get parsing info during refresh. "On-the-fly" syntax checking information may be incorrect. [C:\Users\fallo\Desktop\CECS 440\Lab 5\Lab5\Lab5.srcs\sim_1\new\testbench_skeleton-lab5.v:]
WARNING: [filemgmt 56-199] Attempt to get parsing info during refresh. "On-the-fly" syntax checking information may be incorrect. [C:\Users\fallo\Desktop\CECS 440\Lab 5\Lab5\Lab5.srcs\sources_1\new\regfile.v:]
WARNING: [filemgmt 56-199] Attempt to get parsing info during refresh. "On-the-fly" syntax checking information may be incorrect. [C:\Users\fallo\Desktop\CECS 440\Lab 5\Lab5\Lab5.srcs\sources_1\new\alu.v:]
WARNING: [filemgmt 56-199] Attempt to get parsing info during refresh. "On-the-fly" syntax checking information may be incorrect. [C:\Users\fallo\Desktop\CECS 440\Lab 5\Lab5\Lab5.srcs\sources_1\new\aluout.v:]
WARNING: [filemgmt 56-199] Attempt to get parsing info during refresh. "On-the-fly" syntax checking information may be incorrect. [C:\Users\fallo\Desktop\CECS 440\Lab 5\Lab5\Lab5.srcs\sources_1\new\design.v:]
WARNING: [filemgmt 56-199] Attempt to get parsing info during refresh. "On-the-fly" syntax checking information may be incorrect. [C:\Users\fallo\Desktop\CECS 440\Lab 5\Lab5\Lab5.srcs\sources_1\new\alu.v:]
WARNING: [filemgmt 56-199] Attempt to get parsing info during refresh. "On-the-fly" syntax checking information may be incorrect. [C:\Users\fallo\Desktop\CECS 440\Lab 5\Lab5\Lab5.srcs\sources_1\new\alu.v:]
WARNING: [filemgmt 56-199] Attempt to get parsing info during refresh. "On-the-fly" syntax checking information may be incorrect. [C:\Users\fallo\Desktop\CECS 440\Lab 5\Lab5\Lab5.srcs\sim_1\new\testbench_skeleton-lab5.v:]
WARNING: [filemgmt 56-199] Attempt to get parsing info during refresh. "On-the-fly" syntax checking information may be incorrect. [C:\Users\fallo\Desktop\CECS 440\Lab 5\Lab5\Lab5.srcs\sources_1\new\regfile.v:]
WARNING: [filemgmt 56-199] Attempt to get parsing info during refresh. "On-the-fly" syntax checking information may be incorrect. [C:\Users\fallo\Desktop\CECS 440\Lab 5\Lab5\Lab5.srcs\sources_1\new\alu.v:]
WARNING: [filemgmt 56-199] Attempt to get parsing info during refresh. "On-the-fly" syntax checking information may be incorrect. [C:\Users\fallo\Desktop\CECS 440\Lab 5\Lab5\Lab5.srcs\sources_1\new\aluout.v:]
WARNING: [filemgmt 56-199] Attempt to get parsing info during refresh. "On-the-fly" syntax checking information may be incorrect. [C:\Users\fallo\Desktop\CECS 440\Lab 5\Lab5\Lab5.srcs\sources_1\new\design.v:]
WARNING: [filemgmt 56-199] Attempt to get parsing info during refresh. "On-the-fly" syntax checking information may be incorrect. [C:\Users\fallo\Desktop\CECS 440\Lab 5\Lab5\Lab5.srcs\sources_1\new\design.v:]
WARNING: [filemgmt 56-199] Attempt to get parsing info during refresh. "On-the-fly" syntax checking information may be incorrect. [C:\Users\fallo\Desktop\CECS 440\Lab 5\Lab5\Lab5.srcs\sources_1\new\design.v:]
ERROR: [Common 17-180] Spawn failed: No error
close_sim
INFO: [Simtcl 6-16] Simulation closed
launch_simulation
Command: launch_simulation 
INFO: [Vivado 12-12493] Simulation top is 'datapathTester'
WARNING: [Vivado 12-13340] Unable to auto find GCC executables from simulator install path! (path not set)
INFO: [Vivado 12-5682] Launching behavioral simulation in 'C:/Users/fallo/Desktop/CECS 440/Lab 5/Lab5/Lab5.sim/sim_1/behav/xsim'
INFO: [SIM-utils-51] Simulation object is 'sim_1'
INFO: [SIM-utils-72] Using boost library from 'E:/Vivado/2024.2/tps/boost_1_72_0'
INFO: [SIM-utils-54] Inspecting design source files for 'datapathTester' in fileset 'sim_1'...
INFO: [USF-XSim-97] Finding global include files...
INFO: [USF-XSim-98] Fetching design files from 'sim_1'...
INFO: [USF-XSim-2] XSim::Compile design
INFO: [USF-XSim-61] Executing 'COMPILE and ANALYZE' step in 'C:/Users/fallo/Desktop/CECS 440/Lab 5/Lab5/Lab5.sim/sim_1/behav/xsim'
"xvlog --incr --relax -prj datapathTester_vlog.prj"
INFO: [VRFC 10-2263] Analyzing Verilog file "C:/Users/fallo/Desktop/CECS 440/Lab 5/Lab5/Lab5.srcs/sources_1/new/alu.v" into library xil_defaultlib
INFO: [VRFC 10-311] analyzing module alu
INFO: [VRFC 10-2263] Analyzing Verilog file "C:/Users/fallo/Desktop/CECS 440/Lab 5/Lab5/Lab5.srcs/sources_1/new/aluout.v" into library xil_defaultlib
INFO: [VRFC 10-311] analyzing module aluout
INFO: [VRFC 10-2263] Analyzing Verilog file "C:/Users/fallo/Desktop/CECS 440/Lab 5/Lab5/Lab5.srcs/sources_1/new/design.v" into library xil_defaultlib
INFO: [VRFC 10-311] analyzing module regfile
INFO: [VRFC 10-311] analyzing module aluout
WARNING: [VRFC 10-3609] overwriting previous definition of module 'aluout' [C:/Users/fallo/Desktop/CECS 440/Lab 5/Lab5/Lab5.srcs/sources_1/new/aluout.v:4]
INFO: [VRFC 10-311] analyzing module alu
WARNING: [VRFC 10-3609] overwriting previous definition of module 'alu' [C:/Users/fallo/Desktop/CECS 440/Lab 5/Lab5/Lab5.srcs/sources_1/new/alu.v:8]
INFO: [VRFC 10-311] analyzing module simple_datapath
INFO: [VRFC 10-2263] Analyzing Verilog file "C:/Users/fallo/Desktop/CECS 440/Lab 5/Lab5/Lab5.srcs/sources_1/new/regfile.v" into library xil_defaultlib
INFO: [VRFC 10-311] analyzing module regfile
WARNING: [VRFC 10-3609] overwriting previous definition of module 'regfile' [C:/Users/fallo/Desktop/CECS 440/Lab 5/Lab5/Lab5.srcs/sources_1/new/regfile.v:5]
INFO: [VRFC 10-2263] Analyzing Verilog file "C:/Users/fallo/Desktop/CECS 440/Lab 5/Lab5/Lab5.srcs/sim_1/new/testbench_skeleton-lab5.v" into library xil_defaultlib
INFO: [VRFC 10-311] analyzing module datapathTester
INFO: [USF-XSim-69] 'compile' step finished in '1' seconds
INFO: [USF-XSim-3] XSim::Elaborate design
INFO: [USF-XSim-61] Executing 'ELABORATE' step in 'C:/Users/fallo/Desktop/CECS 440/Lab 5/Lab5/Lab5.sim/sim_1/behav/xsim'
"xelab --incr --debug typical --relax --mt 2 -L xil_defaultlib -L unisims_ver -L unimacro_ver -L secureip --snapshot datapathTester_behav xil_defaultlib.datapathTester xil_defaultlib.glbl -log elaborate.log"
Vivado Simulator v2024.2.0
Copyright 1986-2022 Xilinx, Inc. All Rights Reserved.
Copyright 2022-2024 Advanced Micro Devices, Inc. All Rights Reserved.
Running: E:/Vivado/2024.2/bin/unwrapped/win64.o/xelab.exe --incr --debug typical --relax --mt 2 -L xil_defaultlib -L unisims_ver -L unimacro_ver -L secureip --snapshot datapathTester_behav xil_defaultlib.datapathTester xil_defaultlib.glbl -log elaborate.log 
Using 2 slave threads.
Starting static elaboration
Pass Through NonSizing Optimizer
WARNING: [VRFC 10-5021] port 'op_code' is not connected on this instance [C:/Users/fallo/Desktop/CECS 440/Lab 5/Lab5/Lab5.srcs/sim_1/new/testbench_skeleton-lab5.v:14]
Completed static elaboration
Starting simulation data flow analysis
Completed simulation data flow analysis
Time Resolution for simulation is 1ps
Compiling module xil_defaultlib.regfile
Compiling module xil_defaultlib.alu(width=32)
Compiling module xil_defaultlib.aluout(width=32)
Compiling module xil_defaultlib.simple_datapath
Compiling module xil_defaultlib.datapathTester
Compiling module xil_defaultlib.glbl
Built simulation snapshot datapathTester_behav
INFO: [USF-XSim-69] 'elaborate' step finished in '2' seconds
INFO: [USF-XSim-4] XSim::Simulate design
INFO: [USF-XSim-61] Executing 'SIMULATE' step in 'C:/Users/fallo/Desktop/CECS 440/Lab 5/Lab5/Lab5.sim/sim_1/behav/xsim'
INFO: [USF-XSim-98] *** Running xsim
   with args "datapathTester_behav -key {Behavioral:sim_1:Functional:datapathTester} -tclbatch {datapathTester.tcl} -log {simulate.log}"
INFO: [USF-XSim-8] Loading simulator feature
Time resolution is 1 ps
source datapathTester.tcl
# set curr_wave [current_wave_config]
# if { [string length $curr_wave] == 0 } {
#   if { [llength [get_objects]] > 0} {
#     add_wave /
#     set_property needs_save false [current_wave_config]
#   } else {
#      send_msg_id Add_Wave-1 WARNING "No top level signals found. Simulator will start without a wave window. If you want to open a wave window go to 'File->New Waveform Configuration' or type 'create_wave_config' in the TCL console."
#   }
# }
# run 1000ns
Registers Initialized!
	Register	Content
          0	0x00000000
          1	0xffff0000
          2	0x0a0a0a0a
          3	0x000001f4
          4	0x000003e8
          5	0x00000005
          6	0x00000006
          7	0x00000007
          8	0x00000008
          9	0x00000009
         10	0x0000000a
         11	0x0000000b
         12	0x0000000c
         13	0x0000000d
         14	0x0000000e
         15	0x0000000f
         16	0x00000010
         17	0x00000011
         18	0x00000012
         19	0x00000013
         20	0x00000014
         21	0x00000015
         22	0x00000016
         23	0x00000017
         24	0x00000018
         25	0x00000019
         26	0x0000001a
         27	0x0000001b
         28	0x0000001c
         29	0x0000001d
         30	0x0000001e
         31	0x0000001f

Checking test case
srca =          x, srcb =          x
add $ALUout, $11, $ 4 performed
sum =          z
Test Failed!!!

Checking test case
srca =          x, srcb =          x
increment $ALUout, $11 performed
d_out =          z
Test Failed!!!

Checking test case
srca = xxxxxxxx, srcb = xxxxxxxx
and $ALUout, $ 1, $10 performed
d_out = zzzzzzzz
Test Failed!!!

Checking test case
srca = xxxxxxxx, srcb = xxxxxxxx
or $ALUout, $ 1, $10 performed
d_out = zzzzzzzz
Test Failed!!!

Checking test case
srca = xxxxxxxx, srcb = xxxxxxxx
xor $ALUout, $10, $ 1 performed
d_out = zzzzzzzz
Test Failed!!!

Checking test case
srca = xxxxxxxx, srcb = xxxxxxxx
not $ALUout, $10 performed
d_out = zzzzzzzz
Test Failed!!!

Checking test case
srca =          x, srcb =          x
sll $ALUout, $ 4, performed
d_out =          z
Test Failed!!!

Checking test case
srca = xxxxxxxx, srcb = xxxxxxxx
nop operation performed
d_out = zzzzzzzz
Test Failed!!!
$finish called at time : 146 ns : File "C:/Users/fallo/Desktop/CECS 440/Lab 5/Lab5/Lab5.srcs/sim_1/new/testbench_skeleton-lab5.v" Line 105
INFO: [USF-XSim-96] XSim completed. Design snapshot 'datapathTester_behav' loaded.
INFO: [USF-XSim-97] XSim simulation ran for 1000ns
WARNING: [filemgmt 56-199] Attempt to get parsing info during refresh. "On-the-fly" syntax checking information may be incorrect. [C:\Users\fallo\Desktop\CECS 440\Lab 5\Lab5\Lab5.srcs\sim_1\new\testbench_skeleton-lab5.v:]
WARNING: [filemgmt 56-199] Attempt to get parsing info during refresh. "On-the-fly" syntax checking information may be incorrect. [C:\Users\fallo\Desktop\CECS 440\Lab 5\Lab5\Lab5.srcs\sources_1\new\regfile.v:]
WARNING: [filemgmt 56-199] Attempt to get parsing info during refresh. "On-the-fly" syntax checking information may be incorrect. [C:\Users\fallo\Desktop\CECS 440\Lab 5\Lab5\Lab5.srcs\sources_1\new\alu.v:]
WARNING: [filemgmt 56-199] Attempt to get parsing info during refresh. "On-the-fly" syntax checking information may be incorrect. [C:\Users\fallo\Desktop\CECS 440\Lab 5\Lab5\Lab5.srcs\sources_1\new\aluout.v:]
WARNING: [filemgmt 56-199] Attempt to get parsing info during refresh. "On-the-fly" syntax checking information may be incorrect. [C:\Users\fallo\Desktop\CECS 440\Lab 5\Lab5\Lab5.srcs\sources_1\new\design.v:]
WARNING: [filemgmt 56-199] Attempt to get parsing info during refresh. "On-the-fly" syntax checking information may be incorrect. [C:\Users\fallo\Desktop\CECS 440\Lab 5\Lab5\Lab5.srcs\sim_1\new\testbench_skeleton-lab5.v:]
WARNING: [filemgmt 56-199] Attempt to get parsing info during refresh. "On-the-fly" syntax checking information may be incorrect. [C:\Users\fallo\Desktop\CECS 440\Lab 5\Lab5\Lab5.srcs\sim_1\new\testbench_skeleton-lab5.v:]
WARNING: [filemgmt 56-199] Attempt to get parsing info during refresh. "On-the-fly" syntax checking information may be incorrect. [C:\Users\fallo\Desktop\CECS 440\Lab 5\Lab5\Lab5.srcs\sim_1\new\testbench_skeleton-lab5.v:]
WARNING: [filemgmt 56-199] Attempt to get parsing info during refresh. "On-the-fly" syntax checking information may be incorrect. [C:\Users\fallo\Desktop\CECS 440\Lab 5\Lab5\Lab5.srcs\sources_1\new\regfile.v:]
WARNING: [filemgmt 56-199] Attempt to get parsing info during refresh. "On-the-fly" syntax checking information may be incorrect. [C:\Users\fallo\Desktop\CECS 440\Lab 5\Lab5\Lab5.srcs\sources_1\new\alu.v:]
WARNING: [filemgmt 56-199] Attempt to get parsing info during refresh. "On-the-fly" syntax checking information may be incorrect. [C:\Users\fallo\Desktop\CECS 440\Lab 5\Lab5\Lab5.srcs\sources_1\new\aluout.v:]
WARNING: [filemgmt 56-199] Attempt to get parsing info during refresh. "On-the-fly" syntax checking information may be incorrect. [C:\Users\fallo\Desktop\CECS 440\Lab 5\Lab5\Lab5.srcs\sources_1\new\design.v:]
WARNING: [filemgmt 56-199] Attempt to get parsing info during refresh. "On-the-fly" syntax checking information may be incorrect. [C:\Users\fallo\Desktop\CECS 440\Lab 5\Lab5\Lab5.srcs\sources_1\new\aluout.v:]
WARNING: [filemgmt 56-199] Attempt to get parsing info during refresh. "On-the-fly" syntax checking information may be incorrect. [C:\Users\fallo\Desktop\CECS 440\Lab 5\Lab5\Lab5.srcs\sources_1\new\aluout.v:]
WARNING: [filemgmt 56-199] Attempt to get parsing info during refresh. "On-the-fly" syntax checking information may be incorrect. [C:\Users\fallo\Desktop\CECS 440\Lab 5\Lab5\Lab5.srcs\sim_1\new\testbench_skeleton-lab5.v:]
WARNING: [filemgmt 56-199] Attempt to get parsing info during refresh. "On-the-fly" syntax checking information may be incorrect. [C:\Users\fallo\Desktop\CECS 440\Lab 5\Lab5\Lab5.srcs\sources_1\new\regfile.v:]
WARNING: [filemgmt 56-199] Attempt to get parsing info during refresh. "On-the-fly" syntax checking information may be incorrect. [C:\Users\fallo\Desktop\CECS 440\Lab 5\Lab5\Lab5.srcs\sources_1\new\alu.v:]
WARNING: [filemgmt 56-199] Attempt to get parsing info during refresh. "On-the-fly" syntax checking information may be incorrect. [C:\Users\fallo\Desktop\CECS 440\Lab 5\Lab5\Lab5.srcs\sources_1\new\aluout.v:]
WARNING: [filemgmt 56-199] Attempt to get parsing info during refresh. "On-the-fly" syntax checking information may be incorrect. [C:\Users\fallo\Desktop\CECS 440\Lab 5\Lab5\Lab5.srcs\sources_1\new\design.v:]
WARNING: [filemgmt 56-199] Attempt to get parsing info during refresh. "On-the-fly" syntax checking information may be incorrect. [C:\Users\fallo\Desktop\CECS 440\Lab 5\Lab5\Lab5.srcs\sources_1\new\design.v:]
WARNING: [filemgmt 56-199] Attempt to get parsing info during refresh. "On-the-fly" syntax checking information may be incorrect. [C:\Users\fallo\Desktop\CECS 440\Lab 5\Lab5\Lab5.srcs\sources_1\new\design.v:]
ERROR: [Common 17-180] Spawn failed: No error
ERROR: [Common 17-180] Spawn failed: No error
close_sim
INFO: [Simtcl 6-16] Simulation closed
launch_simulation
Command: launch_simulation 
INFO: [Vivado 12-12493] Simulation top is 'datapathTester'
WARNING: [Vivado 12-13340] Unable to auto find GCC executables from simulator install path! (path not set)
INFO: [Vivado 12-5682] Launching behavioral simulation in 'C:/Users/fallo/Desktop/CECS 440/Lab 5/Lab5/Lab5.sim/sim_1/behav/xsim'
INFO: [SIM-utils-51] Simulation object is 'sim_1'
INFO: [SIM-utils-72] Using boost library from 'E:/Vivado/2024.2/tps/boost_1_72_0'
INFO: [SIM-utils-54] Inspecting design source files for 'datapathTester' in fileset 'sim_1'...
INFO: [USF-XSim-97] Finding global include files...
INFO: [USF-XSim-98] Fetching design files from 'sim_1'...
INFO: [USF-XSim-2] XSim::Compile design
INFO: [USF-XSim-61] Executing 'COMPILE and ANALYZE' step in 'C:/Users/fallo/Desktop/CECS 440/Lab 5/Lab5/Lab5.sim/sim_1/behav/xsim'
"xvlog --incr --relax -prj datapathTester_vlog.prj"
INFO: [VRFC 10-2263] Analyzing Verilog file "C:/Users/fallo/Desktop/CECS 440/Lab 5/Lab5/Lab5.srcs/sources_1/new/alu.v" into library xil_defaultlib
INFO: [VRFC 10-311] analyzing module alu
INFO: [VRFC 10-2263] Analyzing Verilog file "C:/Users/fallo/Desktop/CECS 440/Lab 5/Lab5/Lab5.srcs/sources_1/new/design.v" into library xil_defaultlib
INFO: [VRFC 10-311] analyzing module regfile
INFO: [VRFC 10-311] analyzing module aluout
INFO: [VRFC 10-311] analyzing module alu
WARNING: [VRFC 10-3609] overwriting previous definition of module 'alu' [C:/Users/fallo/Desktop/CECS 440/Lab 5/Lab5/Lab5.srcs/sources_1/new/alu.v:8]
INFO: [VRFC 10-311] analyzing module simple_datapath
INFO: [VRFC 10-2263] Analyzing Verilog file "C:/Users/fallo/Desktop/CECS 440/Lab 5/Lab5/Lab5.srcs/sources_1/new/regfile.v" into library xil_defaultlib
INFO: [VRFC 10-311] analyzing module regfile
WARNING: [VRFC 10-3609] overwriting previous definition of module 'regfile' [C:/Users/fallo/Desktop/CECS 440/Lab 5/Lab5/Lab5.srcs/sources_1/new/regfile.v:5]
INFO: [VRFC 10-2263] Analyzing Verilog file "C:/Users/fallo/Desktop/CECS 440/Lab 5/Lab5/Lab5.srcs/sim_1/new/testbench_skeleton-lab5.v" into library xil_defaultlib
INFO: [VRFC 10-311] analyzing module datapathTester
INFO: [USF-XSim-69] 'compile' step finished in '1' seconds
INFO: [USF-XSim-3] XSim::Elaborate design
INFO: [USF-XSim-61] Executing 'ELABORATE' step in 'C:/Users/fallo/Desktop/CECS 440/Lab 5/Lab5/Lab5.sim/sim_1/behav/xsim'
"xelab --incr --debug typical --relax --mt 2 -L xil_defaultlib -L unisims_ver -L unimacro_ver -L secureip --snapshot datapathTester_behav xil_defaultlib.datapathTester xil_defaultlib.glbl -log elaborate.log"
Vivado Simulator v2024.2.0
Copyright 1986-2022 Xilinx, Inc. All Rights Reserved.
Copyright 2022-2024 Advanced Micro Devices, Inc. All Rights Reserved.
Running: E:/Vivado/2024.2/bin/unwrapped/win64.o/xelab.exe --incr --debug typical --relax --mt 2 -L xil_defaultlib -L unisims_ver -L unimacro_ver -L secureip --snapshot datapathTester_behav xil_defaultlib.datapathTester xil_defaultlib.glbl -log elaborate.log 
Using 2 slave threads.
Starting static elaboration
Pass Through NonSizing Optimizer
WARNING: [VRFC 10-5021] port 'op_code' is not connected on this instance [C:/Users/fallo/Desktop/CECS 440/Lab 5/Lab5/Lab5.srcs/sim_1/new/testbench_skeleton-lab5.v:14]
Completed static elaboration
Starting simulation data flow analysis
Completed simulation data flow analysis
Time Resolution for simulation is 1ps
Compiling module xil_defaultlib.regfile
Compiling module xil_defaultlib.alu(width=32)
Compiling module xil_defaultlib.simple_datapath
Compiling module xil_defaultlib.datapathTester
Compiling module xil_defaultlib.glbl
Built simulation snapshot datapathTester_behav
INFO: [USF-XSim-69] 'elaborate' step finished in '2' seconds
INFO: [USF-XSim-4] XSim::Simulate design
INFO: [USF-XSim-61] Executing 'SIMULATE' step in 'C:/Users/fallo/Desktop/CECS 440/Lab 5/Lab5/Lab5.sim/sim_1/behav/xsim'
INFO: [USF-XSim-98] *** Running xsim
   with args "datapathTester_behav -key {Behavioral:sim_1:Functional:datapathTester} -tclbatch {datapathTester.tcl} -log {simulate.log}"
INFO: [USF-XSim-8] Loading simulator feature
Time resolution is 1 ps
source datapathTester.tcl
# set curr_wave [current_wave_config]
# if { [string length $curr_wave] == 0 } {
#   if { [llength [get_objects]] > 0} {
#     add_wave /
#     set_property needs_save false [current_wave_config]
#   } else {
#      send_msg_id Add_Wave-1 WARNING "No top level signals found. Simulator will start without a wave window. If you want to open a wave window go to 'File->New Waveform Configuration' or type 'create_wave_config' in the TCL console."
#   }
# }
# run 1000ns
Registers Initialized!
	Register	Content
          0	0x00000000
          1	0xffff0000
          2	0x0a0a0a0a
          3	0x000001f4
          4	0x000003e8
          5	0x00000005
          6	0x00000006
          7	0x00000007
          8	0x00000008
          9	0x00000009
         10	0x0000000a
         11	0x0000000b
         12	0x0000000c
         13	0x0000000d
         14	0x0000000e
         15	0x0000000f
         16	0x00000010
         17	0x00000011
         18	0x00000012
         19	0x00000013
         20	0x00000014
         21	0x00000015
         22	0x00000016
         23	0x00000017
         24	0x00000018
         25	0x00000019
         26	0x0000001a
         27	0x0000001b
         28	0x0000001c
         29	0x0000001d
         30	0x0000001e
         31	0x0000001f

Checking test case
srca =          x, srcb =          x
add $ALUout, $11, $ 4 performed
sum =          z
Test Failed!!!

Checking test case
srca =          x, srcb =          x
increment $ALUout, $11 performed
d_out =          z
Test Failed!!!

Checking test case
srca = xxxxxxxx, srcb = xxxxxxxx
and $ALUout, $ 1, $10 performed
d_out = zzzzzzzz
Test Failed!!!

Checking test case
srca = xxxxxxxx, srcb = xxxxxxxx
or $ALUout, $ 1, $10 performed
d_out = zzzzzzzz
Test Failed!!!

Checking test case
srca = xxxxxxxx, srcb = xxxxxxxx
xor $ALUout, $10, $ 1 performed
d_out = zzzzzzzz
Test Failed!!!

Checking test case
srca = xxxxxxxx, srcb = xxxxxxxx
not $ALUout, $10 performed
d_out = zzzzzzzz
Test Failed!!!

Checking test case
srca =          x, srcb =          x
sll $ALUout, $ 4, performed
d_out =          z
Test Failed!!!

Checking test case
srca = xxxxxxxx, srcb = xxxxxxxx
nop operation performed
d_out = zzzzzzzz
Test Failed!!!
$finish called at time : 146 ns : File "C:/Users/fallo/Desktop/CECS 440/Lab 5/Lab5/Lab5.srcs/sim_1/new/testbench_skeleton-lab5.v" Line 105
INFO: [USF-XSim-96] XSim completed. Design snapshot 'datapathTester_behav' loaded.
INFO: [USF-XSim-97] XSim simulation ran for 1000ns
WARNING: [filemgmt 56-199] Attempt to get parsing info during refresh. "On-the-fly" syntax checking information may be incorrect. [C:\Users\fallo\Desktop\CECS 440\Lab 5\Lab5\Lab5.srcs\sim_1\new\testbench_skeleton-lab5.v:]
WARNING: [filemgmt 56-199] Attempt to get parsing info during refresh. "On-the-fly" syntax checking information may be incorrect. [C:\Users\fallo\Desktop\CECS 440\Lab 5\Lab5\Lab5.srcs\sources_1\new\regfile.v:]
WARNING: [filemgmt 56-199] Attempt to get parsing info during refresh. "On-the-fly" syntax checking information may be incorrect. [C:\Users\fallo\Desktop\CECS 440\Lab 5\Lab5\Lab5.srcs\sources_1\new\alu.v:]
WARNING: [filemgmt 56-199] Attempt to get parsing info during refresh. "On-the-fly" syntax checking information may be incorrect. [C:\Users\fallo\Desktop\CECS 440\Lab 5\Lab5\Lab5.srcs\sources_1\new\aluout.v:]
WARNING: [filemgmt 56-199] Attempt to get parsing info during refresh. "On-the-fly" syntax checking information may be incorrect. [C:\Users\fallo\Desktop\CECS 440\Lab 5\Lab5\Lab5.srcs\sources_1\new\design.v:]
WARNING: [filemgmt 56-199] Attempt to get parsing info during refresh. "On-the-fly" syntax checking information may be incorrect. [C:\Users\fallo\Desktop\CECS 440\Lab 5\Lab5\Lab5.srcs\sim_1\new\testbench_skeleton-lab5.v:]
WARNING: [filemgmt 56-199] Attempt to get parsing info during refresh. "On-the-fly" syntax checking information may be incorrect. [C:\Users\fallo\Desktop\CECS 440\Lab 5\Lab5\Lab5.srcs\sim_1\new\testbench_skeleton-lab5.v:]
WARNING: [filemgmt 56-199] Attempt to get parsing info during refresh. "On-the-fly" syntax checking information may be incorrect. [C:\Users\fallo\Desktop\CECS 440\Lab 5\Lab5\Lab5.srcs\sim_1\new\testbench_skeleton-lab5.v:]
WARNING: [filemgmt 56-199] Attempt to get parsing info during refresh. "On-the-fly" syntax checking information may be incorrect. [C:\Users\fallo\Desktop\CECS 440\Lab 5\Lab5\Lab5.srcs\sources_1\new\regfile.v:]
WARNING: [filemgmt 56-199] Attempt to get parsing info during refresh. "On-the-fly" syntax checking information may be incorrect. [C:\Users\fallo\Desktop\CECS 440\Lab 5\Lab5\Lab5.srcs\sources_1\new\alu.v:]
WARNING: [filemgmt 56-199] Attempt to get parsing info during refresh. "On-the-fly" syntax checking information may be incorrect. [C:\Users\fallo\Desktop\CECS 440\Lab 5\Lab5\Lab5.srcs\sources_1\new\aluout.v:]
WARNING: [filemgmt 56-199] Attempt to get parsing info during refresh. "On-the-fly" syntax checking information may be incorrect. [C:\Users\fallo\Desktop\CECS 440\Lab 5\Lab5\Lab5.srcs\sources_1\new\design.v:]
WARNING: [filemgmt 56-199] Attempt to get parsing info during refresh. "On-the-fly" syntax checking information may be incorrect. [C:\Users\fallo\Desktop\CECS 440\Lab 5\Lab5\Lab5.srcs\sources_1\new\design.v:]
WARNING: [filemgmt 56-199] Attempt to get parsing info during refresh. "On-the-fly" syntax checking information may be incorrect. [C:\Users\fallo\Desktop\CECS 440\Lab 5\Lab5\Lab5.srcs\sources_1\new\design.v:]
WARNING: [filemgmt 56-199] Attempt to get parsing info during refresh. "On-the-fly" syntax checking information may be incorrect. [C:\Users\fallo\Desktop\CECS 440\Lab 5\Lab5\Lab5.srcs\sim_1\new\testbench_skeleton-lab5.v:]
WARNING: [filemgmt 56-199] Attempt to get parsing info during refresh. "On-the-fly" syntax checking information may be incorrect. [C:\Users\fallo\Desktop\CECS 440\Lab 5\Lab5\Lab5.srcs\sources_1\new\regfile.v:]
WARNING: [filemgmt 56-199] Attempt to get parsing info during refresh. "On-the-fly" syntax checking information may be incorrect. [C:\Users\fallo\Desktop\CECS 440\Lab 5\Lab5\Lab5.srcs\sources_1\new\alu.v:]
WARNING: [filemgmt 56-199] Attempt to get parsing info during refresh. "On-the-fly" syntax checking information may be incorrect. [C:\Users\fallo\Desktop\CECS 440\Lab 5\Lab5\Lab5.srcs\sources_1\new\aluout.v:]
WARNING: [filemgmt 56-199] Attempt to get parsing info during refresh. "On-the-fly" syntax checking information may be incorrect. [C:\Users\fallo\Desktop\CECS 440\Lab 5\Lab5\Lab5.srcs\sources_1\new\design.v:]
WARNING: [filemgmt 56-199] Attempt to get parsing info during refresh. "On-the-fly" syntax checking information may be incorrect. [C:\Users\fallo\Desktop\CECS 440\Lab 5\Lab5\Lab5.srcs\sources_1\new\regfile.v:]
WARNING: [filemgmt 56-199] Attempt to get parsing info during refresh. "On-the-fly" syntax checking information may be incorrect. [C:\Users\fallo\Desktop\CECS 440\Lab 5\Lab5\Lab5.srcs\sources_1\new\regfile.v:]
ERROR: [Common 17-180] Spawn failed: No error
WARNING: [filemgmt 56-199] Attempt to get parsing info during refresh. "On-the-fly" syntax checking information may be incorrect. [C:\Users\fallo\Desktop\CECS 440\Lab 5\Lab5\Lab5.srcs\sim_1\new\testbench_skeleton-lab5.v:]
WARNING: [filemgmt 56-199] Attempt to get parsing info during refresh. "On-the-fly" syntax checking information may be incorrect. [C:\Users\fallo\Desktop\CECS 440\Lab 5\Lab5\Lab5.srcs\sources_1\new\regfile.v:]
WARNING: [filemgmt 56-199] Attempt to get parsing info during refresh. "On-the-fly" syntax checking information may be incorrect. [C:\Users\fallo\Desktop\CECS 440\Lab 5\Lab5\Lab5.srcs\sources_1\new\alu.v:]
WARNING: [filemgmt 56-199] Attempt to get parsing info during refresh. "On-the-fly" syntax checking information may be incorrect. [C:\Users\fallo\Desktop\CECS 440\Lab 5\Lab5\Lab5.srcs\sources_1\new\aluout.v:]
WARNING: [filemgmt 56-199] Attempt to get parsing info during refresh. "On-the-fly" syntax checking information may be incorrect. [C:\Users\fallo\Desktop\CECS 440\Lab 5\Lab5\Lab5.srcs\sources_1\new\design.v:]
WARNING: [filemgmt 56-199] Attempt to get parsing info during refresh. "On-the-fly" syntax checking information may be incorrect. [C:\Users\fallo\Desktop\CECS 440\Lab 5\Lab5\Lab5.srcs\sim_1\new\testbench_skeleton-lab5.v:]
WARNING: [filemgmt 56-199] Attempt to get parsing info during refresh. "On-the-fly" syntax checking information may be incorrect. [C:\Users\fallo\Desktop\CECS 440\Lab 5\Lab5\Lab5.srcs\sim_1\new\testbench_skeleton-lab5.v:]
WARNING: [filemgmt 56-199] Attempt to get parsing info during refresh. "On-the-fly" syntax checking information may be incorrect. [C:\Users\fallo\Desktop\CECS 440\Lab 5\Lab5\Lab5.srcs\sim_1\new\testbench_skeleton-lab5.v:]
WARNING: [filemgmt 56-199] Attempt to get parsing info during refresh. "On-the-fly" syntax checking information may be incorrect. [C:\Users\fallo\Desktop\CECS 440\Lab 5\Lab5\Lab5.srcs\sources_1\new\regfile.v:]
WARNING: [filemgmt 56-199] Attempt to get parsing info during refresh. "On-the-fly" syntax checking information may be incorrect. [C:\Users\fallo\Desktop\CECS 440\Lab 5\Lab5\Lab5.srcs\sources_1\new\alu.v:]
WARNING: [filemgmt 56-199] Attempt to get parsing info during refresh. "On-the-fly" syntax checking information may be incorrect. [C:\Users\fallo\Desktop\CECS 440\Lab 5\Lab5\Lab5.srcs\sources_1\new\aluout.v:]
WARNING: [filemgmt 56-199] Attempt to get parsing info during refresh. "On-the-fly" syntax checking information may be incorrect. [C:\Users\fallo\Desktop\CECS 440\Lab 5\Lab5\Lab5.srcs\sources_1\new\design.v:]
WARNING: [filemgmt 56-199] Attempt to get parsing info during refresh. "On-the-fly" syntax checking information may be incorrect. [C:\Users\fallo\Desktop\CECS 440\Lab 5\Lab5\Lab5.srcs\sources_1\new\aluout.v:]
WARNING: [filemgmt 56-199] Attempt to get parsing info during refresh. "On-the-fly" syntax checking information may be incorrect. [C:\Users\fallo\Desktop\CECS 440\Lab 5\Lab5\Lab5.srcs\sources_1\new\aluout.v:]
WARNING: [filemgmt 56-199] Attempt to get parsing info during refresh. "On-the-fly" syntax checking information may be incorrect. [C:\Users\fallo\Desktop\CECS 440\Lab 5\Lab5\Lab5.srcs\sim_1\new\testbench_skeleton-lab5.v:]
WARNING: [filemgmt 56-199] Attempt to get parsing info during refresh. "On-the-fly" syntax checking information may be incorrect. [C:\Users\fallo\Desktop\CECS 440\Lab 5\Lab5\Lab5.srcs\sources_1\new\regfile.v:]
WARNING: [filemgmt 56-199] Attempt to get parsing info during refresh. "On-the-fly" syntax checking information may be incorrect. [C:\Users\fallo\Desktop\CECS 440\Lab 5\Lab5\Lab5.srcs\sources_1\new\alu.v:]
WARNING: [filemgmt 56-199] Attempt to get parsing info during refresh. "On-the-fly" syntax checking information may be incorrect. [C:\Users\fallo\Desktop\CECS 440\Lab 5\Lab5\Lab5.srcs\sources_1\new\aluout.v:]
WARNING: [filemgmt 56-199] Attempt to get parsing info during refresh. "On-the-fly" syntax checking information may be incorrect. [C:\Users\fallo\Desktop\CECS 440\Lab 5\Lab5\Lab5.srcs\sources_1\new\design.v:]
WARNING: [filemgmt 56-199] Attempt to get parsing info during refresh. "On-the-fly" syntax checking information may be incorrect. [C:\Users\fallo\Desktop\CECS 440\Lab 5\Lab5\Lab5.srcs\sources_1\new\regfile.v:]
WARNING: [filemgmt 56-199] Attempt to get parsing info during refresh. "On-the-fly" syntax checking information may be incorrect. [C:\Users\fallo\Desktop\CECS 440\Lab 5\Lab5\Lab5.srcs\sources_1\new\regfile.v:]
WARNING: [filemgmt 56-199] Attempt to get parsing info during refresh. "On-the-fly" syntax checking information may be incorrect. [C:\Users\fallo\Desktop\CECS 440\Lab 5\Lab5\Lab5.srcs\sim_1\new\testbench_skeleton-lab5.v:]
WARNING: [filemgmt 56-199] Attempt to get parsing info during refresh. "On-the-fly" syntax checking information may be incorrect. [C:\Users\fallo\Desktop\CECS 440\Lab 5\Lab5\Lab5.srcs\sources_1\new\regfile.v:]
WARNING: [filemgmt 56-199] Attempt to get parsing info during refresh. "On-the-fly" syntax checking information may be incorrect. [C:\Users\fallo\Desktop\CECS 440\Lab 5\Lab5\Lab5.srcs\sources_1\new\alu.v:]
WARNING: [filemgmt 56-199] Attempt to get parsing info during refresh. "On-the-fly" syntax checking information may be incorrect. [C:\Users\fallo\Desktop\CECS 440\Lab 5\Lab5\Lab5.srcs\sources_1\new\aluout.v:]
WARNING: [filemgmt 56-199] Attempt to get parsing info during refresh. "On-the-fly" syntax checking information may be incorrect. [C:\Users\fallo\Desktop\CECS 440\Lab 5\Lab5\Lab5.srcs\sources_1\new\design.v:]
WARNING: [filemgmt 56-199] Attempt to get parsing info during refresh. "On-the-fly" syntax checking information may be incorrect. [C:\Users\fallo\Desktop\CECS 440\Lab 5\Lab5\Lab5.srcs\sources_1\new\alu.v:]
WARNING: [filemgmt 56-199] Attempt to get parsing info during refresh. "On-the-fly" syntax checking information may be incorrect. [C:\Users\fallo\Desktop\CECS 440\Lab 5\Lab5\Lab5.srcs\sources_1\new\alu.v:]
ERROR: [Common 17-180] Spawn failed: No error
WARNING: [filemgmt 56-199] Attempt to get parsing info during refresh. "On-the-fly" syntax checking information may be incorrect. [C:\Users\fallo\Desktop\CECS 440\Lab 5\Lab5\Lab5.srcs\sim_1\new\testbench_skeleton-lab5.v:]
WARNING: [filemgmt 56-199] Attempt to get parsing info during refresh. "On-the-fly" syntax checking information may be incorrect. [C:\Users\fallo\Desktop\CECS 440\Lab 5\Lab5\Lab5.srcs\sources_1\new\regfile.v:]
WARNING: [filemgmt 56-199] Attempt to get parsing info during refresh. "On-the-fly" syntax checking information may be incorrect. [C:\Users\fallo\Desktop\CECS 440\Lab 5\Lab5\Lab5.srcs\sources_1\new\alu.v:]
WARNING: [filemgmt 56-199] Attempt to get parsing info during refresh. "On-the-fly" syntax checking information may be incorrect. [C:\Users\fallo\Desktop\CECS 440\Lab 5\Lab5\Lab5.srcs\sources_1\new\aluout.v:]
WARNING: [filemgmt 56-199] Attempt to get parsing info during refresh. "On-the-fly" syntax checking information may be incorrect. [C:\Users\fallo\Desktop\CECS 440\Lab 5\Lab5\Lab5.srcs\sources_1\new\design.v:]
WARNING: [filemgmt 56-199] Attempt to get parsing info during refresh. "On-the-fly" syntax checking information may be incorrect. [C:\Users\fallo\Desktop\CECS 440\Lab 5\Lab5\Lab5.srcs\sim_1\new\testbench_skeleton-lab5.v:]
WARNING: [filemgmt 56-199] Attempt to get parsing info during refresh. "On-the-fly" syntax checking information may be incorrect. [C:\Users\fallo\Desktop\CECS 440\Lab 5\Lab5\Lab5.srcs\sim_1\new\testbench_skeleton-lab5.v:]
WARNING: [filemgmt 56-199] Attempt to get parsing info during refresh. "On-the-fly" syntax checking information may be incorrect. [C:\Users\fallo\Desktop\CECS 440\Lab 5\Lab5\Lab5.srcs\sim_1\new\testbench_skeleton-lab5.v:]
WARNING: [filemgmt 56-199] Attempt to get parsing info during refresh. "On-the-fly" syntax checking information may be incorrect. [C:\Users\fallo\Desktop\CECS 440\Lab 5\Lab5\Lab5.srcs\sources_1\new\regfile.v:]
WARNING: [filemgmt 56-199] Attempt to get parsing info during refresh. "On-the-fly" syntax checking information may be incorrect. [C:\Users\fallo\Desktop\CECS 440\Lab 5\Lab5\Lab5.srcs\sources_1\new\alu.v:]
WARNING: [filemgmt 56-199] Attempt to get parsing info during refresh. "On-the-fly" syntax checking information may be incorrect. [C:\Users\fallo\Desktop\CECS 440\Lab 5\Lab5\Lab5.srcs\sources_1\new\aluout.v:]
WARNING: [filemgmt 56-199] Attempt to get parsing info during refresh. "On-the-fly" syntax checking information may be incorrect. [C:\Users\fallo\Desktop\CECS 440\Lab 5\Lab5\Lab5.srcs\sources_1\new\design.v:]
WARNING: [filemgmt 56-199] Attempt to get parsing info during refresh. "On-the-fly" syntax checking information may be incorrect. [C:\Users\fallo\Desktop\CECS 440\Lab 5\Lab5\Lab5.srcs\sources_1\new\aluout.v:]
WARNING: [filemgmt 56-199] Attempt to get parsing info during refresh. "On-the-fly" syntax checking information may be incorrect. [C:\Users\fallo\Desktop\CECS 440\Lab 5\Lab5\Lab5.srcs\sources_1\new\aluout.v:]
WARNING: [filemgmt 56-199] Attempt to get parsing info during refresh. "On-the-fly" syntax checking information may be incorrect. [C:\Users\fallo\Desktop\CECS 440\Lab 5\Lab5\Lab5.srcs\sim_1\new\testbench_skeleton-lab5.v:]
WARNING: [filemgmt 56-199] Attempt to get parsing info during refresh. "On-the-fly" syntax checking information may be incorrect. [C:\Users\fallo\Desktop\CECS 440\Lab 5\Lab5\Lab5.srcs\sources_1\new\regfile.v:]
WARNING: [filemgmt 56-199] Attempt to get parsing info during refresh. "On-the-fly" syntax checking information may be incorrect. [C:\Users\fallo\Desktop\CECS 440\Lab 5\Lab5\Lab5.srcs\sources_1\new\alu.v:]
WARNING: [filemgmt 56-199] Attempt to get parsing info during refresh. "On-the-fly" syntax checking information may be incorrect. [C:\Users\fallo\Desktop\CECS 440\Lab 5\Lab5\Lab5.srcs\sources_1\new\aluout.v:]
WARNING: [filemgmt 56-199] Attempt to get parsing info during refresh. "On-the-fly" syntax checking information may be incorrect. [C:\Users\fallo\Desktop\CECS 440\Lab 5\Lab5\Lab5.srcs\sources_1\new\design.v:]
WARNING: [filemgmt 56-199] Attempt to get parsing info during refresh. "On-the-fly" syntax checking information may be incorrect. [C:\Users\fallo\Desktop\CECS 440\Lab 5\Lab5\Lab5.srcs\sources_1\new\design.v:]
WARNING: [filemgmt 56-199] Attempt to get parsing info during refresh. "On-the-fly" syntax checking information may be incorrect. [C:\Users\fallo\Desktop\CECS 440\Lab 5\Lab5\Lab5.srcs\sources_1\new\design.v:]
WARNING: [filemgmt 56-199] Attempt to get parsing info during refresh. "On-the-fly" syntax checking information may be incorrect. [C:\Users\fallo\Desktop\CECS 440\Lab 5\Lab5\Lab5.srcs\sim_1\new\testbench_skeleton-lab5.v:]
WARNING: [filemgmt 56-199] Attempt to get parsing info during refresh. "On-the-fly" syntax checking information may be incorrect. [C:\Users\fallo\Desktop\CECS 440\Lab 5\Lab5\Lab5.srcs\sources_1\new\regfile.v:]
WARNING: [filemgmt 56-199] Attempt to get parsing info during refresh. "On-the-fly" syntax checking information may be incorrect. [C:\Users\fallo\Desktop\CECS 440\Lab 5\Lab5\Lab5.srcs\sources_1\new\alu.v:]
WARNING: [filemgmt 56-199] Attempt to get parsing info during refresh. "On-the-fly" syntax checking information may be incorrect. [C:\Users\fallo\Desktop\CECS 440\Lab 5\Lab5\Lab5.srcs\sources_1\new\aluout.v:]
WARNING: [filemgmt 56-199] Attempt to get parsing info during refresh. "On-the-fly" syntax checking information may be incorrect. [C:\Users\fallo\Desktop\CECS 440\Lab 5\Lab5\Lab5.srcs\sources_1\new\design.v:]
WARNING: [filemgmt 56-199] Attempt to get parsing info during refresh. "On-the-fly" syntax checking information may be incorrect. [C:\Users\fallo\Desktop\CECS 440\Lab 5\Lab5\Lab5.srcs\sources_1\new\alu.v:]
WARNING: [filemgmt 56-199] Attempt to get parsing info during refresh. "On-the-fly" syntax checking information may be incorrect. [C:\Users\fallo\Desktop\CECS 440\Lab 5\Lab5\Lab5.srcs\sources_1\new\alu.v:]
WARNING: [filemgmt 56-199] Attempt to get parsing info during refresh. "On-the-fly" syntax checking information may be incorrect. [C:\Users\fallo\Desktop\CECS 440\Lab 5\Lab5\Lab5.srcs\sim_1\new\testbench_skeleton-lab5.v:]
WARNING: [filemgmt 56-199] Attempt to get parsing info during refresh. "On-the-fly" syntax checking information may be incorrect. [C:\Users\fallo\Desktop\CECS 440\Lab 5\Lab5\Lab5.srcs\sources_1\new\regfile.v:]
WARNING: [filemgmt 56-199] Attempt to get parsing info during refresh. "On-the-fly" syntax checking information may be incorrect. [C:\Users\fallo\Desktop\CECS 440\Lab 5\Lab5\Lab5.srcs\sources_1\new\alu.v:]
WARNING: [filemgmt 56-199] Attempt to get parsing info during refresh. "On-the-fly" syntax checking information may be incorrect. [C:\Users\fallo\Desktop\CECS 440\Lab 5\Lab5\Lab5.srcs\sources_1\new\aluout.v:]
WARNING: [filemgmt 56-199] Attempt to get parsing info during refresh. "On-the-fly" syntax checking information may be incorrect. [C:\Users\fallo\Desktop\CECS 440\Lab 5\Lab5\Lab5.srcs\sources_1\new\design.v:]
WARNING: [filemgmt 56-199] Attempt to get parsing info during refresh. "On-the-fly" syntax checking information may be incorrect. [C:\Users\fallo\Desktop\CECS 440\Lab 5\Lab5\Lab5.srcs\sim_1\new\testbench_skeleton-lab5.v:]
WARNING: [filemgmt 56-199] Attempt to get parsing info during refresh. "On-the-fly" syntax checking information may be incorrect. [C:\Users\fallo\Desktop\CECS 440\Lab 5\Lab5\Lab5.srcs\sim_1\new\testbench_skeleton-lab5.v:]
WARNING: [filemgmt 56-199] Attempt to get parsing info during refresh. "On-the-fly" syntax checking information may be incorrect. [C:\Users\fallo\Desktop\CECS 440\Lab 5\Lab5\Lab5.srcs\sim_1\new\testbench_skeleton-lab5.v:]
WARNING: [filemgmt 56-199] Attempt to get parsing info during refresh. "On-the-fly" syntax checking information may be incorrect. [C:\Users\fallo\Desktop\CECS 440\Lab 5\Lab5\Lab5.srcs\sources_1\new\regfile.v:]
WARNING: [filemgmt 56-199] Attempt to get parsing info during refresh. "On-the-fly" syntax checking information may be incorrect. [C:\Users\fallo\Desktop\CECS 440\Lab 5\Lab5\Lab5.srcs\sources_1\new\alu.v:]
WARNING: [filemgmt 56-199] Attempt to get parsing info during refresh. "On-the-fly" syntax checking information may be incorrect. [C:\Users\fallo\Desktop\CECS 440\Lab 5\Lab5\Lab5.srcs\sources_1\new\aluout.v:]
WARNING: [filemgmt 56-199] Attempt to get parsing info during refresh. "On-the-fly" syntax checking information may be incorrect. [C:\Users\fallo\Desktop\CECS 440\Lab 5\Lab5\Lab5.srcs\sources_1\new\design.v:]
WARNING: [filemgmt 56-199] Attempt to get parsing info during refresh. "On-the-fly" syntax checking information may be incorrect. [C:\Users\fallo\Desktop\CECS 440\Lab 5\Lab5\Lab5.srcs\sources_1\new\aluout.v:]
WARNING: [filemgmt 56-199] Attempt to get parsing info during refresh. "On-the-fly" syntax checking information may be incorrect. [C:\Users\fallo\Desktop\CECS 440\Lab 5\Lab5\Lab5.srcs\sources_1\new\aluout.v:]
WARNING: [filemgmt 56-199] Attempt to get parsing info during refresh. "On-the-fly" syntax checking information may be incorrect. [C:\Users\fallo\Desktop\CECS 440\Lab 5\Lab5\Lab5.srcs\sim_1\new\testbench_skeleton-lab5.v:]
WARNING: [filemgmt 56-199] Attempt to get parsing info during refresh. "On-the-fly" syntax checking information may be incorrect. [C:\Users\fallo\Desktop\CECS 440\Lab 5\Lab5\Lab5.srcs\sources_1\new\regfile.v:]
WARNING: [filemgmt 56-199] Attempt to get parsing info during refresh. "On-the-fly" syntax checking information may be incorrect. [C:\Users\fallo\Desktop\CECS 440\Lab 5\Lab5\Lab5.srcs\sources_1\new\alu.v:]
WARNING: [filemgmt 56-199] Attempt to get parsing info during refresh. "On-the-fly" syntax checking information may be incorrect. [C:\Users\fallo\Desktop\CECS 440\Lab 5\Lab5\Lab5.srcs\sources_1\new\aluout.v:]
WARNING: [filemgmt 56-199] Attempt to get parsing info during refresh. "On-the-fly" syntax checking information may be incorrect. [C:\Users\fallo\Desktop\CECS 440\Lab 5\Lab5\Lab5.srcs\sources_1\new\design.v:]
WARNING: [filemgmt 56-199] Attempt to get parsing info during refresh. "On-the-fly" syntax checking information may be incorrect. [C:\Users\fallo\Desktop\CECS 440\Lab 5\Lab5\Lab5.srcs\sources_1\new\alu.v:]
WARNING: [filemgmt 56-199] Attempt to get parsing info during refresh. "On-the-fly" syntax checking information may be incorrect. [C:\Users\fallo\Desktop\CECS 440\Lab 5\Lab5\Lab5.srcs\sources_1\new\alu.v:]
WARNING: [filemgmt 56-199] Attempt to get parsing info during refresh. "On-the-fly" syntax checking information may be incorrect. [C:\Users\fallo\Desktop\CECS 440\Lab 5\Lab5\Lab5.srcs\sim_1\new\testbench_skeleton-lab5.v:]
WARNING: [filemgmt 56-199] Attempt to get parsing info during refresh. "On-the-fly" syntax checking information may be incorrect. [C:\Users\fallo\Desktop\CECS 440\Lab 5\Lab5\Lab5.srcs\sources_1\new\regfile.v:]
WARNING: [filemgmt 56-199] Attempt to get parsing info during refresh. "On-the-fly" syntax checking information may be incorrect. [C:\Users\fallo\Desktop\CECS 440\Lab 5\Lab5\Lab5.srcs\sources_1\new\alu.v:]
WARNING: [filemgmt 56-199] Attempt to get parsing info during refresh. "On-the-fly" syntax checking information may be incorrect. [C:\Users\fallo\Desktop\CECS 440\Lab 5\Lab5\Lab5.srcs\sources_1\new\aluout.v:]
WARNING: [filemgmt 56-199] Attempt to get parsing info during refresh. "On-the-fly" syntax checking information may be incorrect. [C:\Users\fallo\Desktop\CECS 440\Lab 5\Lab5\Lab5.srcs\sources_1\new\design.v:]
WARNING: [filemgmt 56-199] Attempt to get parsing info during refresh. "On-the-fly" syntax checking information may be incorrect. [C:\Users\fallo\Desktop\CECS 440\Lab 5\Lab5\Lab5.srcs\sources_1\new\design.v:]
WARNING: [filemgmt 56-199] Attempt to get parsing info during refresh. "On-the-fly" syntax checking information may be incorrect. [C:\Users\fallo\Desktop\CECS 440\Lab 5\Lab5\Lab5.srcs\sources_1\new\design.v:]
ERROR: [Common 17-180] Spawn failed: No error
WARNING: [filemgmt 56-199] Attempt to get parsing info during refresh. "On-the-fly" syntax checking information may be incorrect. [C:\Users\fallo\Desktop\CECS 440\Lab 5\Lab5\Lab5.srcs\sim_1\new\testbench_skeleton-lab5.v:]
WARNING: [filemgmt 56-199] Attempt to get parsing info during refresh. "On-the-fly" syntax checking information may be incorrect. [C:\Users\fallo\Desktop\CECS 440\Lab 5\Lab5\Lab5.srcs\sources_1\new\regfile.v:]
WARNING: [filemgmt 56-199] Attempt to get parsing info during refresh. "On-the-fly" syntax checking information may be incorrect. [C:\Users\fallo\Desktop\CECS 440\Lab 5\Lab5\Lab5.srcs\sources_1\new\alu.v:]
WARNING: [filemgmt 56-199] Attempt to get parsing info during refresh. "On-the-fly" syntax checking information may be incorrect. [C:\Users\fallo\Desktop\CECS 440\Lab 5\Lab5\Lab5.srcs\sources_1\new\aluout.v:]
WARNING: [filemgmt 56-199] Attempt to get parsing info during refresh. "On-the-fly" syntax checking information may be incorrect. [C:\Users\fallo\Desktop\CECS 440\Lab 5\Lab5\Lab5.srcs\sources_1\new\design.v:]
WARNING: [filemgmt 56-199] Attempt to get parsing info during refresh. "On-the-fly" syntax checking information may be incorrect. [C:\Users\fallo\Desktop\CECS 440\Lab 5\Lab5\Lab5.srcs\sim_1\new\testbench_skeleton-lab5.v:]
WARNING: [filemgmt 56-199] Attempt to get parsing info during refresh. "On-the-fly" syntax checking information may be incorrect. [C:\Users\fallo\Desktop\CECS 440\Lab 5\Lab5\Lab5.srcs\sim_1\new\testbench_skeleton-lab5.v:]
WARNING: [filemgmt 56-199] Attempt to get parsing info during refresh. "On-the-fly" syntax checking information may be incorrect. [C:\Users\fallo\Desktop\CECS 440\Lab 5\Lab5\Lab5.srcs\sim_1\new\testbench_skeleton-lab5.v:]
WARNING: [filemgmt 56-199] Attempt to get parsing info during refresh. "On-the-fly" syntax checking information may be incorrect. [C:\Users\fallo\Desktop\CECS 440\Lab 5\Lab5\Lab5.srcs\sources_1\new\regfile.v:]
WARNING: [filemgmt 56-199] Attempt to get parsing info during refresh. "On-the-fly" syntax checking information may be incorrect. [C:\Users\fallo\Desktop\CECS 440\Lab 5\Lab5\Lab5.srcs\sources_1\new\alu.v:]
WARNING: [filemgmt 56-199] Attempt to get parsing info during refresh. "On-the-fly" syntax checking information may be incorrect. [C:\Users\fallo\Desktop\CECS 440\Lab 5\Lab5\Lab5.srcs\sources_1\new\aluout.v:]
WARNING: [filemgmt 56-199] Attempt to get parsing info during refresh. "On-the-fly" syntax checking information may be incorrect. [C:\Users\fallo\Desktop\CECS 440\Lab 5\Lab5\Lab5.srcs\sources_1\new\design.v:]
WARNING: [filemgmt 56-199] Attempt to get parsing info during refresh. "On-the-fly" syntax checking information may be incorrect. [C:\Users\fallo\Desktop\CECS 440\Lab 5\Lab5\Lab5.srcs\sources_1\new\alu.v:]
WARNING: [filemgmt 56-199] Attempt to get parsing info during refresh. "On-the-fly" syntax checking information may be incorrect. [C:\Users\fallo\Desktop\CECS 440\Lab 5\Lab5\Lab5.srcs\sources_1\new\alu.v:]
WARNING: [filemgmt 56-199] Attempt to get parsing info during refresh. "On-the-fly" syntax checking information may be incorrect. [C:\Users\fallo\Desktop\CECS 440\Lab 5\Lab5\Lab5.srcs\sim_1\new\testbench_skeleton-lab5.v:]
WARNING: [filemgmt 56-199] Attempt to get parsing info during refresh. "On-the-fly" syntax checking information may be incorrect. [C:\Users\fallo\Desktop\CECS 440\Lab 5\Lab5\Lab5.srcs\sources_1\new\regfile.v:]
WARNING: [filemgmt 56-199] Attempt to get parsing info during refresh. "On-the-fly" syntax checking information may be incorrect. [C:\Users\fallo\Desktop\CECS 440\Lab 5\Lab5\Lab5.srcs\sources_1\new\alu.v:]
WARNING: [filemgmt 56-199] Attempt to get parsing info during refresh. "On-the-fly" syntax checking information may be incorrect. [C:\Users\fallo\Desktop\CECS 440\Lab 5\Lab5\Lab5.srcs\sources_1\new\aluout.v:]
WARNING: [filemgmt 56-199] Attempt to get parsing info during refresh. "On-the-fly" syntax checking information may be incorrect. [C:\Users\fallo\Desktop\CECS 440\Lab 5\Lab5\Lab5.srcs\sources_1\new\design.v:]
WARNING: [filemgmt 56-199] Attempt to get parsing info during refresh. "On-the-fly" syntax checking information may be incorrect. [C:\Users\fallo\Desktop\CECS 440\Lab 5\Lab5\Lab5.srcs\sim_1\new\testbench_skeleton-lab5.v:]
WARNING: [filemgmt 56-199] Attempt to get parsing info during refresh. "On-the-fly" syntax checking information may be incorrect. [C:\Users\fallo\Desktop\CECS 440\Lab 5\Lab5\Lab5.srcs\sim_1\new\testbench_skeleton-lab5.v:]
ERROR: [Common 17-180] Spawn failed: No error
WARNING: [filemgmt 56-199] Attempt to get parsing info during refresh. "On-the-fly" syntax checking information may be incorrect. [C:\Users\fallo\Desktop\CECS 440\Lab 5\Lab5\Lab5.srcs\sim_1\new\testbench_skeleton-lab5.v:]
WARNING: [filemgmt 56-199] Attempt to get parsing info during refresh. "On-the-fly" syntax checking information may be incorrect. [C:\Users\fallo\Desktop\CECS 440\Lab 5\Lab5\Lab5.srcs\sources_1\new\regfile.v:]
WARNING: [filemgmt 56-199] Attempt to get parsing info during refresh. "On-the-fly" syntax checking information may be incorrect. [C:\Users\fallo\Desktop\CECS 440\Lab 5\Lab5\Lab5.srcs\sources_1\new\alu.v:]
WARNING: [filemgmt 56-199] Attempt to get parsing info during refresh. "On-the-fly" syntax checking information may be incorrect. [C:\Users\fallo\Desktop\CECS 440\Lab 5\Lab5\Lab5.srcs\sources_1\new\aluout.v:]
WARNING: [filemgmt 56-199] Attempt to get parsing info during refresh. "On-the-fly" syntax checking information may be incorrect. [C:\Users\fallo\Desktop\CECS 440\Lab 5\Lab5\Lab5.srcs\sources_1\new\design.v:]
WARNING: [filemgmt 56-199] Attempt to get parsing info during refresh. "On-the-fly" syntax checking information may be incorrect. [C:\Users\fallo\Desktop\CECS 440\Lab 5\Lab5\Lab5.srcs\sources_1\new\aluout.v:]
WARNING: [filemgmt 56-199] Attempt to get parsing info during refresh. "On-the-fly" syntax checking information may be incorrect. [C:\Users\fallo\Desktop\CECS 440\Lab 5\Lab5\Lab5.srcs\sources_1\new\aluout.v:]
ERROR: [Common 17-180] Spawn failed: No error
WARNING: [filemgmt 56-199] Attempt to get parsing info during refresh. "On-the-fly" syntax checking information may be incorrect. [C:\Users\fallo\Desktop\CECS 440\Lab 5\Lab5\Lab5.srcs\sim_1\new\testbench_skeleton-lab5.v:]
WARNING: [filemgmt 56-199] Attempt to get parsing info during refresh. "On-the-fly" syntax checking information may be incorrect. [C:\Users\fallo\Desktop\CECS 440\Lab 5\Lab5\Lab5.srcs\sources_1\new\regfile.v:]
WARNING: [filemgmt 56-199] Attempt to get parsing info during refresh. "On-the-fly" syntax checking information may be incorrect. [C:\Users\fallo\Desktop\CECS 440\Lab 5\Lab5\Lab5.srcs\sources_1\new\alu.v:]
WARNING: [filemgmt 56-199] Attempt to get parsing info during refresh. "On-the-fly" syntax checking information may be incorrect. [C:\Users\fallo\Desktop\CECS 440\Lab 5\Lab5\Lab5.srcs\sources_1\new\aluout.v:]
WARNING: [filemgmt 56-199] Attempt to get parsing info during refresh. "On-the-fly" syntax checking information may be incorrect. [C:\Users\fallo\Desktop\CECS 440\Lab 5\Lab5\Lab5.srcs\sources_1\new\design.v:]
WARNING: [filemgmt 56-199] Attempt to get parsing info during refresh. "On-the-fly" syntax checking information may be incorrect. [C:\Users\fallo\Desktop\CECS 440\Lab 5\Lab5\Lab5.srcs\sim_1\new\testbench_skeleton-lab5.v:]
WARNING: [filemgmt 56-199] Attempt to get parsing info during refresh. "On-the-fly" syntax checking information may be incorrect. [C:\Users\fallo\Desktop\CECS 440\Lab 5\Lab5\Lab5.srcs\sim_1\new\testbench_skeleton-lab5.v:]
WARNING: [filemgmt 56-199] Attempt to get parsing info during refresh. "On-the-fly" syntax checking information may be incorrect. [C:\Users\fallo\Desktop\CECS 440\Lab 5\Lab5\Lab5.srcs\sim_1\new\testbench_skeleton-lab5.v:]
WARNING: [filemgmt 56-199] Attempt to get parsing info during refresh. "On-the-fly" syntax checking information may be incorrect. [C:\Users\fallo\Desktop\CECS 440\Lab 5\Lab5\Lab5.srcs\sources_1\new\regfile.v:]
WARNING: [filemgmt 56-199] Attempt to get parsing info during refresh. "On-the-fly" syntax checking information may be incorrect. [C:\Users\fallo\Desktop\CECS 440\Lab 5\Lab5\Lab5.srcs\sources_1\new\alu.v:]
WARNING: [filemgmt 56-199] Attempt to get parsing info during refresh. "On-the-fly" syntax checking information may be incorrect. [C:\Users\fallo\Desktop\CECS 440\Lab 5\Lab5\Lab5.srcs\sources_1\new\aluout.v:]
WARNING: [filemgmt 56-199] Attempt to get parsing info during refresh. "On-the-fly" syntax checking information may be incorrect. [C:\Users\fallo\Desktop\CECS 440\Lab 5\Lab5\Lab5.srcs\sources_1\new\design.v:]
WARNING: [filemgmt 56-199] Attempt to get parsing info during refresh. "On-the-fly" syntax checking information may be incorrect. [C:\Users\fallo\Desktop\CECS 440\Lab 5\Lab5\Lab5.srcs\sources_1\new\aluout.v:]
WARNING: [filemgmt 56-199] Attempt to get parsing info during refresh. "On-the-fly" syntax checking information may be incorrect. [C:\Users\fallo\Desktop\CECS 440\Lab 5\Lab5\Lab5.srcs\sources_1\new\aluout.v:]
WARNING: [filemgmt 56-199] Attempt to get parsing info during refresh. "On-the-fly" syntax checking information may be incorrect. [C:\Users\fallo\Desktop\CECS 440\Lab 5\Lab5\Lab5.srcs\sim_1\new\testbench_skeleton-lab5.v:]
WARNING: [filemgmt 56-199] Attempt to get parsing info during refresh. "On-the-fly" syntax checking information may be incorrect. [C:\Users\fallo\Desktop\CECS 440\Lab 5\Lab5\Lab5.srcs\sources_1\new\regfile.v:]
WARNING: [filemgmt 56-199] Attempt to get parsing info during refresh. "On-the-fly" syntax checking information may be incorrect. [C:\Users\fallo\Desktop\CECS 440\Lab 5\Lab5\Lab5.srcs\sources_1\new\alu.v:]
WARNING: [filemgmt 56-199] Attempt to get parsing info during refresh. "On-the-fly" syntax checking information may be incorrect. [C:\Users\fallo\Desktop\CECS 440\Lab 5\Lab5\Lab5.srcs\sources_1\new\aluout.v:]
WARNING: [filemgmt 56-199] Attempt to get parsing info during refresh. "On-the-fly" syntax checking information may be incorrect. [C:\Users\fallo\Desktop\CECS 440\Lab 5\Lab5\Lab5.srcs\sources_1\new\design.v:]
WARNING: [filemgmt 56-199] Attempt to get parsing info during refresh. "On-the-fly" syntax checking information may be incorrect. [C:\Users\fallo\Desktop\CECS 440\Lab 5\Lab5\Lab5.srcs\sources_1\new\design.v:]
WARNING: [filemgmt 56-199] Attempt to get parsing info during refresh. "On-the-fly" syntax checking information may be incorrect. [C:\Users\fallo\Desktop\CECS 440\Lab 5\Lab5\Lab5.srcs\sources_1\new\design.v:]
WARNING: [filemgmt 56-199] Attempt to get parsing info during refresh. "On-the-fly" syntax checking information may be incorrect. [C:\Users\fallo\Desktop\CECS 440\Lab 5\Lab5\Lab5.srcs\sim_1\new\testbench_skeleton-lab5.v:]
WARNING: [filemgmt 56-199] Attempt to get parsing info during refresh. "On-the-fly" syntax checking information may be incorrect. [C:\Users\fallo\Desktop\CECS 440\Lab 5\Lab5\Lab5.srcs\sources_1\new\regfile.v:]
WARNING: [filemgmt 56-199] Attempt to get parsing info during refresh. "On-the-fly" syntax checking information may be incorrect. [C:\Users\fallo\Desktop\CECS 440\Lab 5\Lab5\Lab5.srcs\sources_1\new\alu.v:]
WARNING: [filemgmt 56-199] Attempt to get parsing info during refresh. "On-the-fly" syntax checking information may be incorrect. [C:\Users\fallo\Desktop\CECS 440\Lab 5\Lab5\Lab5.srcs\sources_1\new\aluout.v:]
WARNING: [filemgmt 56-199] Attempt to get parsing info during refresh. "On-the-fly" syntax checking information may be incorrect. [C:\Users\fallo\Desktop\CECS 440\Lab 5\Lab5\Lab5.srcs\sources_1\new\design.v:]
WARNING: [filemgmt 56-199] Attempt to get parsing info during refresh. "On-the-fly" syntax checking information may be incorrect. [C:\Users\fallo\Desktop\CECS 440\Lab 5\Lab5\Lab5.srcs\sources_1\new\alu.v:]
WARNING: [filemgmt 56-199] Attempt to get parsing info during refresh. "On-the-fly" syntax checking information may be incorrect. [C:\Users\fallo\Desktop\CECS 440\Lab 5\Lab5\Lab5.srcs\sources_1\new\alu.v:]
close_sim
INFO: [Simtcl 6-16] Simulation closed
launch_simulation
Command: launch_simulation 
INFO: [Vivado 12-12493] Simulation top is 'datapathTester'
WARNING: [Vivado 12-13340] Unable to auto find GCC executables from simulator install path! (path not set)
INFO: [Vivado 12-5682] Launching behavioral simulation in 'C:/Users/fallo/Desktop/CECS 440/Lab 5/Lab5/Lab5.sim/sim_1/behav/xsim'
INFO: [SIM-utils-51] Simulation object is 'sim_1'
INFO: [SIM-utils-72] Using boost library from 'E:/Vivado/2024.2/tps/boost_1_72_0'
INFO: [SIM-utils-54] Inspecting design source files for 'datapathTester' in fileset 'sim_1'...
INFO: [USF-XSim-97] Finding global include files...
INFO: [USF-XSim-98] Fetching design files from 'sim_1'...
INFO: [USF-XSim-2] XSim::Compile design
INFO: [USF-XSim-61] Executing 'COMPILE and ANALYZE' step in 'C:/Users/fallo/Desktop/CECS 440/Lab 5/Lab5/Lab5.sim/sim_1/behav/xsim'
"xvlog --incr --relax -prj datapathTester_vlog.prj"
INFO: [VRFC 10-2263] Analyzing Verilog file "C:/Users/fallo/Desktop/CECS 440/Lab 5/Lab5/Lab5.srcs/sources_1/new/alu.v" into library xil_defaultlib
INFO: [VRFC 10-311] analyzing module alu
INFO: [VRFC 10-2263] Analyzing Verilog file "C:/Users/fallo/Desktop/CECS 440/Lab 5/Lab5/Lab5.srcs/sources_1/new/design.v" into library xil_defaultlib
INFO: [VRFC 10-311] analyzing module regfile
ERROR: [VRFC 10-4982] syntax error near ';' [C:/Users/fallo/Desktop/CECS 440/Lab 5/Lab5/Lab5.srcs/sources_1/new/regfile.v:16]
WARNING: [VRFC 10-8956] extra semicolon is not allowed here in this dialect; use SystemVerilog mode instead [C:/Users/fallo/Desktop/CECS 440/Lab 5/Lab5/Lab5.srcs/sources_1/new/regfile.v:16]
ERROR: [VRFC 10-4982] syntax error near ';' [C:/Users/fallo/Desktop/CECS 440/Lab 5/Lab5/Lab5.srcs/sources_1/new/regfile.v:19]
ERROR: [VRFC 10-4982] syntax error near ';' [C:/Users/fallo/Desktop/CECS 440/Lab 5/Lab5/Lab5.srcs/sources_1/new/regfile.v:20]
ERROR: [VRFC 10-8530] module 'regfile' is ignored due to previous errors [C:/Users/fallo/Desktop/CECS 440/Lab 5/Lab5/Lab5.srcs/sources_1/new/regfile.v:5]
INFO: [VRFC 10-311] analyzing module aluout
ERROR: [VRFC 10-8530] module 'aluout' is ignored due to previous errors [C:/Users/fallo/Desktop/CECS 440/Lab 5/Lab5/Lab5.srcs/sources_1/new/aluout.v:4]
INFO: [VRFC 10-311] analyzing module alu
ERROR: [VRFC 10-8530] module 'alu' is ignored due to previous errors [C:/Users/fallo/Desktop/CECS 440/Lab 5/Lab5/Lab5.srcs/sources_1/new/alu.v:8]
INFO: [VRFC 10-311] analyzing module simple_datapath
ERROR: [VRFC 10-8530] module 'simple_datapath' is ignored due to previous errors [C:/Users/fallo/Desktop/CECS 440/Lab 5/Lab5/Lab5.srcs/sources_1/new/design.v:7]
INFO: [USF-XSim-69] 'compile' step finished in '1' seconds
INFO: [USF-XSim-99] Step results log file:'C:/Users/fallo/Desktop/CECS 440/Lab 5/Lab5/Lab5.sim/sim_1/behav/xsim/xvlog.log'
ERROR: [USF-XSim-62] 'compile' step failed with error(s). Please check the Tcl console output or 'C:/Users/fallo/Desktop/CECS 440/Lab 5/Lab5/Lab5.sim/sim_1/behav/xsim/xvlog.log' file for more information.
ERROR: [Vivado 12-4473] Detected error while running simulation. Please correct the issue and retry this operation.
ERROR: [Common 17-39] 'launch_simulation' failed due to earlier errors.
WARNING: [filemgmt 56-199] Attempt to get parsing info during refresh. "On-the-fly" syntax checking information may be incorrect. [C:\Users\fallo\Desktop\CECS 440\Lab 5\Lab5\Lab5.srcs\sim_1\new\testbench_skeleton-lab5.v:]
WARNING: [filemgmt 56-199] Attempt to get parsing info during refresh. "On-the-fly" syntax checking information may be incorrect. [C:\Users\fallo\Desktop\CECS 440\Lab 5\Lab5\Lab5.srcs\sources_1\new\regfile.v:]
WARNING: [filemgmt 56-199] Attempt to get parsing info during refresh. "On-the-fly" syntax checking information may be incorrect. [C:\Users\fallo\Desktop\CECS 440\Lab 5\Lab5\Lab5.srcs\sources_1\new\alu.v:]
WARNING: [filemgmt 56-199] Attempt to get parsing info during refresh. "On-the-fly" syntax checking information may be incorrect. [C:\Users\fallo\Desktop\CECS 440\Lab 5\Lab5\Lab5.srcs\sources_1\new\aluout.v:]
WARNING: [filemgmt 56-199] Attempt to get parsing info during refresh. "On-the-fly" syntax checking information may be incorrect. [C:\Users\fallo\Desktop\CECS 440\Lab 5\Lab5\Lab5.srcs\sources_1\new\design.v:]
WARNING: [filemgmt 56-199] Attempt to get parsing info during refresh. "On-the-fly" syntax checking information may be incorrect. [C:\Users\fallo\Desktop\CECS 440\Lab 5\Lab5\Lab5.srcs\sim_1\new\testbench_skeleton-lab5.v:]
WARNING: [filemgmt 56-199] Attempt to get parsing info during refresh. "On-the-fly" syntax checking information may be incorrect. [C:\Users\fallo\Desktop\CECS 440\Lab 5\Lab5\Lab5.srcs\sim_1\new\testbench_skeleton-lab5.v:]
WARNING: [filemgmt 56-199] Attempt to get parsing info during refresh. "On-the-fly" syntax checking information may be incorrect. [C:\Users\fallo\Desktop\CECS 440\Lab 5\Lab5\Lab5.srcs\sim_1\new\testbench_skeleton-lab5.v:]
WARNING: [filemgmt 56-199] Attempt to get parsing info during refresh. "On-the-fly" syntax checking information may be incorrect. [C:\Users\fallo\Desktop\CECS 440\Lab 5\Lab5\Lab5.srcs\sources_1\new\regfile.v:]
WARNING: [filemgmt 56-199] Attempt to get parsing info during refresh. "On-the-fly" syntax checking information may be incorrect. [C:\Users\fallo\Desktop\CECS 440\Lab 5\Lab5\Lab5.srcs\sources_1\new\alu.v:]
WARNING: [filemgmt 56-199] Attempt to get parsing info during refresh. "On-the-fly" syntax checking information may be incorrect. [C:\Users\fallo\Desktop\CECS 440\Lab 5\Lab5\Lab5.srcs\sources_1\new\aluout.v:]
WARNING: [filemgmt 56-199] Attempt to get parsing info during refresh. "On-the-fly" syntax checking information may be incorrect. [C:\Users\fallo\Desktop\CECS 440\Lab 5\Lab5\Lab5.srcs\sources_1\new\design.v:]
WARNING: [filemgmt 56-199] Attempt to get parsing info during refresh. "On-the-fly" syntax checking information may be incorrect. [C:\Users\fallo\Desktop\CECS 440\Lab 5\Lab5\Lab5.srcs\sources_1\new\aluout.v:]
WARNING: [filemgmt 56-199] Attempt to get parsing info during refresh. "On-the-fly" syntax checking information may be incorrect. [C:\Users\fallo\Desktop\CECS 440\Lab 5\Lab5\Lab5.srcs\sources_1\new\aluout.v:]
ERROR: [Common 17-180] Spawn failed: No error
WARNING: [filemgmt 56-199] Attempt to get parsing info during refresh. "On-the-fly" syntax checking information may be incorrect. [C:\Users\fallo\Desktop\CECS 440\Lab 5\Lab5\Lab5.srcs\sim_1\new\testbench_skeleton-lab5.v:]
WARNING: [filemgmt 56-199] Attempt to get parsing info during refresh. "On-the-fly" syntax checking information may be incorrect. [C:\Users\fallo\Desktop\CECS 440\Lab 5\Lab5\Lab5.srcs\sources_1\new\regfile.v:]
WARNING: [filemgmt 56-199] Attempt to get parsing info during refresh. "On-the-fly" syntax checking information may be incorrect. [C:\Users\fallo\Desktop\CECS 440\Lab 5\Lab5\Lab5.srcs\sources_1\new\alu.v:]
WARNING: [filemgmt 56-199] Attempt to get parsing info during refresh. "On-the-fly" syntax checking information may be incorrect. [C:\Users\fallo\Desktop\CECS 440\Lab 5\Lab5\Lab5.srcs\sources_1\new\aluout.v:]
WARNING: [filemgmt 56-199] Attempt to get parsing info during refresh. "On-the-fly" syntax checking information may be incorrect. [C:\Users\fallo\Desktop\CECS 440\Lab 5\Lab5\Lab5.srcs\sources_1\new\design.v:]
WARNING: [filemgmt 56-199] Attempt to get parsing info during refresh. "On-the-fly" syntax checking information may be incorrect. [C:\Users\fallo\Desktop\CECS 440\Lab 5\Lab5\Lab5.srcs\sources_1\new\design.v:]
WARNING: [filemgmt 56-199] Attempt to get parsing info during refresh. "On-the-fly" syntax checking information may be incorrect. [C:\Users\fallo\Desktop\CECS 440\Lab 5\Lab5\Lab5.srcs\sources_1\new\design.v:]
WARNING: [filemgmt 56-199] Attempt to get parsing info during refresh. "On-the-fly" syntax checking information may be incorrect. [C:\Users\fallo\Desktop\CECS 440\Lab 5\Lab5\Lab5.srcs\sim_1\new\testbench_skeleton-lab5.v:]
WARNING: [filemgmt 56-199] Attempt to get parsing info during refresh. "On-the-fly" syntax checking information may be incorrect. [C:\Users\fallo\Desktop\CECS 440\Lab 5\Lab5\Lab5.srcs\sources_1\new\regfile.v:]
WARNING: [filemgmt 56-199] Attempt to get parsing info during refresh. "On-the-fly" syntax checking information may be incorrect. [C:\Users\fallo\Desktop\CECS 440\Lab 5\Lab5\Lab5.srcs\sources_1\new\alu.v:]
WARNING: [filemgmt 56-199] Attempt to get parsing info during refresh. "On-the-fly" syntax checking information may be incorrect. [C:\Users\fallo\Desktop\CECS 440\Lab 5\Lab5\Lab5.srcs\sources_1\new\aluout.v:]
WARNING: [filemgmt 56-199] Attempt to get parsing info during refresh. "On-the-fly" syntax checking information may be incorrect. [C:\Users\fallo\Desktop\CECS 440\Lab 5\Lab5\Lab5.srcs\sources_1\new\design.v:]
WARNING: [filemgmt 56-199] Attempt to get parsing info during refresh. "On-the-fly" syntax checking information may be incorrect. [C:\Users\fallo\Desktop\CECS 440\Lab 5\Lab5\Lab5.srcs\sources_1\new\alu.v:]
WARNING: [filemgmt 56-199] Attempt to get parsing info during refresh. "On-the-fly" syntax checking information may be incorrect. [C:\Users\fallo\Desktop\CECS 440\Lab 5\Lab5\Lab5.srcs\sources_1\new\alu.v:]
ERROR: [Common 17-180] Spawn failed: No error
WARNING: [filemgmt 56-199] Attempt to get parsing info during refresh. "On-the-fly" syntax checking information may be incorrect. [C:\Users\fallo\Desktop\CECS 440\Lab 5\Lab5\Lab5.srcs\sim_1\new\testbench_skeleton-lab5.v:]
WARNING: [filemgmt 56-199] Attempt to get parsing info during refresh. "On-the-fly" syntax checking information may be incorrect. [C:\Users\fallo\Desktop\CECS 440\Lab 5\Lab5\Lab5.srcs\sources_1\new\regfile.v:]
WARNING: [filemgmt 56-199] Attempt to get parsing info during refresh. "On-the-fly" syntax checking information may be incorrect. [C:\Users\fallo\Desktop\CECS 440\Lab 5\Lab5\Lab5.srcs\sources_1\new\alu.v:]
WARNING: [filemgmt 56-199] Attempt to get parsing info during refresh. "On-the-fly" syntax checking information may be incorrect. [C:\Users\fallo\Desktop\CECS 440\Lab 5\Lab5\Lab5.srcs\sources_1\new\aluout.v:]
WARNING: [filemgmt 56-199] Attempt to get parsing info during refresh. "On-the-fly" syntax checking information may be incorrect. [C:\Users\fallo\Desktop\CECS 440\Lab 5\Lab5\Lab5.srcs\sources_1\new\design.v:]
WARNING: [filemgmt 56-199] Attempt to get parsing info during refresh. "On-the-fly" syntax checking information may be incorrect. [C:\Users\fallo\Desktop\CECS 440\Lab 5\Lab5\Lab5.srcs\sim_1\new\testbench_skeleton-lab5.v:]
WARNING: [filemgmt 56-199] Attempt to get parsing info during refresh. "On-the-fly" syntax checking information may be incorrect. [C:\Users\fallo\Desktop\CECS 440\Lab 5\Lab5\Lab5.srcs\sim_1\new\testbench_skeleton-lab5.v:]
WARNING: [filemgmt 56-199] Attempt to get parsing info during refresh. "On-the-fly" syntax checking information may be incorrect. [C:\Users\fallo\Desktop\CECS 440\Lab 5\Lab5\Lab5.srcs\sim_1\new\testbench_skeleton-lab5.v:]
WARNING: [filemgmt 56-199] Attempt to get parsing info during refresh. "On-the-fly" syntax checking information may be incorrect. [C:\Users\fallo\Desktop\CECS 440\Lab 5\Lab5\Lab5.srcs\sources_1\new\regfile.v:]
WARNING: [filemgmt 56-199] Attempt to get parsing info during refresh. "On-the-fly" syntax checking information may be incorrect. [C:\Users\fallo\Desktop\CECS 440\Lab 5\Lab5\Lab5.srcs\sources_1\new\alu.v:]
WARNING: [filemgmt 56-199] Attempt to get parsing info during refresh. "On-the-fly" syntax checking information may be incorrect. [C:\Users\fallo\Desktop\CECS 440\Lab 5\Lab5\Lab5.srcs\sources_1\new\aluout.v:]
WARNING: [filemgmt 56-199] Attempt to get parsing info during refresh. "On-the-fly" syntax checking information may be incorrect. [C:\Users\fallo\Desktop\CECS 440\Lab 5\Lab5\Lab5.srcs\sources_1\new\design.v:]
WARNING: [filemgmt 56-199] Attempt to get parsing info during refresh. "On-the-fly" syntax checking information may be incorrect. [C:\Users\fallo\Desktop\CECS 440\Lab 5\Lab5\Lab5.srcs\sources_1\new\aluout.v:]
WARNING: [filemgmt 56-199] Attempt to get parsing info during refresh. "On-the-fly" syntax checking information may be incorrect. [C:\Users\fallo\Desktop\CECS 440\Lab 5\Lab5\Lab5.srcs\sources_1\new\aluout.v:]
WARNING: [filemgmt 56-199] Attempt to get parsing info during refresh. "On-the-fly" syntax checking information may be incorrect. [C:\Users\fallo\Desktop\CECS 440\Lab 5\Lab5\Lab5.srcs\sim_1\new\testbench_skeleton-lab5.v:]
WARNING: [filemgmt 56-199] Attempt to get parsing info during refresh. "On-the-fly" syntax checking information may be incorrect. [C:\Users\fallo\Desktop\CECS 440\Lab 5\Lab5\Lab5.srcs\sources_1\new\regfile.v:]
WARNING: [filemgmt 56-199] Attempt to get parsing info during refresh. "On-the-fly" syntax checking information may be incorrect. [C:\Users\fallo\Desktop\CECS 440\Lab 5\Lab5\Lab5.srcs\sources_1\new\alu.v:]
WARNING: [filemgmt 56-199] Attempt to get parsing info during refresh. "On-the-fly" syntax checking information may be incorrect. [C:\Users\fallo\Desktop\CECS 440\Lab 5\Lab5\Lab5.srcs\sources_1\new\aluout.v:]
WARNING: [filemgmt 56-199] Attempt to get parsing info during refresh. "On-the-fly" syntax checking information may be incorrect. [C:\Users\fallo\Desktop\CECS 440\Lab 5\Lab5\Lab5.srcs\sources_1\new\design.v:]
WARNING: [filemgmt 56-199] Attempt to get parsing info during refresh. "On-the-fly" syntax checking information may be incorrect. [C:\Users\fallo\Desktop\CECS 440\Lab 5\Lab5\Lab5.srcs\sources_1\new\design.v:]
WARNING: [filemgmt 56-199] Attempt to get parsing info during refresh. "On-the-fly" syntax checking information may be incorrect. [C:\Users\fallo\Desktop\CECS 440\Lab 5\Lab5\Lab5.srcs\sources_1\new\design.v:]
WARNING: [filemgmt 56-199] Attempt to get parsing info during refresh. "On-the-fly" syntax checking information may be incorrect. [C:\Users\fallo\Desktop\CECS 440\Lab 5\Lab5\Lab5.srcs\sim_1\new\testbench_skeleton-lab5.v:]
WARNING: [filemgmt 56-199] Attempt to get parsing info during refresh. "On-the-fly" syntax checking information may be incorrect. [C:\Users\fallo\Desktop\CECS 440\Lab 5\Lab5\Lab5.srcs\sources_1\new\regfile.v:]
WARNING: [filemgmt 56-199] Attempt to get parsing info during refresh. "On-the-fly" syntax checking information may be incorrect. [C:\Users\fallo\Desktop\CECS 440\Lab 5\Lab5\Lab5.srcs\sources_1\new\alu.v:]
WARNING: [filemgmt 56-199] Attempt to get parsing info during refresh. "On-the-fly" syntax checking information may be incorrect. [C:\Users\fallo\Desktop\CECS 440\Lab 5\Lab5\Lab5.srcs\sources_1\new\aluout.v:]
WARNING: [filemgmt 56-199] Attempt to get parsing info during refresh. "On-the-fly" syntax checking information may be incorrect. [C:\Users\fallo\Desktop\CECS 440\Lab 5\Lab5\Lab5.srcs\sources_1\new\design.v:]
WARNING: [filemgmt 56-199] Attempt to get parsing info during refresh. "On-the-fly" syntax checking information may be incorrect. [C:\Users\fallo\Desktop\CECS 440\Lab 5\Lab5\Lab5.srcs\sources_1\new\alu.v:]
WARNING: [filemgmt 56-199] Attempt to get parsing info during refresh. "On-the-fly" syntax checking information may be incorrect. [C:\Users\fallo\Desktop\CECS 440\Lab 5\Lab5\Lab5.srcs\sources_1\new\alu.v:]
ERROR: [Common 17-180] Spawn failed: No error
WARNING: [filemgmt 56-199] Attempt to get parsing info during refresh. "On-the-fly" syntax checking information may be incorrect. [C:\Users\fallo\Desktop\CECS 440\Lab 5\Lab5\Lab5.srcs\sim_1\new\testbench_skeleton-lab5.v:]
WARNING: [filemgmt 56-199] Attempt to get parsing info during refresh. "On-the-fly" syntax checking information may be incorrect. [C:\Users\fallo\Desktop\CECS 440\Lab 5\Lab5\Lab5.srcs\sources_1\new\regfile.v:]
WARNING: [filemgmt 56-199] Attempt to get parsing info during refresh. "On-the-fly" syntax checking information may be incorrect. [C:\Users\fallo\Desktop\CECS 440\Lab 5\Lab5\Lab5.srcs\sources_1\new\alu.v:]
WARNING: [filemgmt 56-199] Attempt to get parsing info during refresh. "On-the-fly" syntax checking information may be incorrect. [C:\Users\fallo\Desktop\CECS 440\Lab 5\Lab5\Lab5.srcs\sources_1\new\aluout.v:]
WARNING: [filemgmt 56-199] Attempt to get parsing info during refresh. "On-the-fly" syntax checking information may be incorrect. [C:\Users\fallo\Desktop\CECS 440\Lab 5\Lab5\Lab5.srcs\sources_1\new\design.v:]
WARNING: [filemgmt 56-199] Attempt to get parsing info during refresh. "On-the-fly" syntax checking information may be incorrect. [C:\Users\fallo\Desktop\CECS 440\Lab 5\Lab5\Lab5.srcs\sim_1\new\testbench_skeleton-lab5.v:]
WARNING: [filemgmt 56-199] Attempt to get parsing info during refresh. "On-the-fly" syntax checking information may be incorrect. [C:\Users\fallo\Desktop\CECS 440\Lab 5\Lab5\Lab5.srcs\sim_1\new\testbench_skeleton-lab5.v:]
WARNING: [filemgmt 56-199] Attempt to get parsing info during refresh. "On-the-fly" syntax checking information may be incorrect. [C:\Users\fallo\Desktop\CECS 440\Lab 5\Lab5\Lab5.srcs\sim_1\new\testbench_skeleton-lab5.v:]
WARNING: [filemgmt 56-199] Attempt to get parsing info during refresh. "On-the-fly" syntax checking information may be incorrect. [C:\Users\fallo\Desktop\CECS 440\Lab 5\Lab5\Lab5.srcs\sources_1\new\regfile.v:]
WARNING: [filemgmt 56-199] Attempt to get parsing info during refresh. "On-the-fly" syntax checking information may be incorrect. [C:\Users\fallo\Desktop\CECS 440\Lab 5\Lab5\Lab5.srcs\sources_1\new\alu.v:]
WARNING: [filemgmt 56-199] Attempt to get parsing info during refresh. "On-the-fly" syntax checking information may be incorrect. [C:\Users\fallo\Desktop\CECS 440\Lab 5\Lab5\Lab5.srcs\sources_1\new\aluout.v:]
WARNING: [filemgmt 56-199] Attempt to get parsing info during refresh. "On-the-fly" syntax checking information may be incorrect. [C:\Users\fallo\Desktop\CECS 440\Lab 5\Lab5\Lab5.srcs\sources_1\new\design.v:]
WARNING: [filemgmt 56-199] Attempt to get parsing info during refresh. "On-the-fly" syntax checking information may be incorrect. [C:\Users\fallo\Desktop\CECS 440\Lab 5\Lab5\Lab5.srcs\sources_1\new\aluout.v:]
WARNING: [filemgmt 56-199] Attempt to get parsing info during refresh. "On-the-fly" syntax checking information may be incorrect. [C:\Users\fallo\Desktop\CECS 440\Lab 5\Lab5\Lab5.srcs\sources_1\new\aluout.v:]
ERROR: [Common 17-180] Spawn failed: No error
WARNING: [filemgmt 56-199] Attempt to get parsing info during refresh. "On-the-fly" syntax checking information may be incorrect. [C:\Users\fallo\Desktop\CECS 440\Lab 5\Lab5\Lab5.srcs\sim_1\new\testbench_skeleton-lab5.v:]
WARNING: [filemgmt 56-199] Attempt to get parsing info during refresh. "On-the-fly" syntax checking information may be incorrect. [C:\Users\fallo\Desktop\CECS 440\Lab 5\Lab5\Lab5.srcs\sources_1\new\regfile.v:]
WARNING: [filemgmt 56-199] Attempt to get parsing info during refresh. "On-the-fly" syntax checking information may be incorrect. [C:\Users\fallo\Desktop\CECS 440\Lab 5\Lab5\Lab5.srcs\sources_1\new\alu.v:]
WARNING: [filemgmt 56-199] Attempt to get parsing info during refresh. "On-the-fly" syntax checking information may be incorrect. [C:\Users\fallo\Desktop\CECS 440\Lab 5\Lab5\Lab5.srcs\sources_1\new\aluout.v:]
WARNING: [filemgmt 56-199] Attempt to get parsing info during refresh. "On-the-fly" syntax checking information may be incorrect. [C:\Users\fallo\Desktop\CECS 440\Lab 5\Lab5\Lab5.srcs\sources_1\new\design.v:]
WARNING: [filemgmt 56-199] Attempt to get parsing info during refresh. "On-the-fly" syntax checking information may be incorrect. [C:\Users\fallo\Desktop\CECS 440\Lab 5\Lab5\Lab5.srcs\sources_1\new\design.v:]
WARNING: [filemgmt 56-199] Attempt to get parsing info during refresh. "On-the-fly" syntax checking information may be incorrect. [C:\Users\fallo\Desktop\CECS 440\Lab 5\Lab5\Lab5.srcs\sources_1\new\design.v:]
ERROR: [Common 17-180] Spawn failed: No error
WARNING: [filemgmt 56-199] Attempt to get parsing info during refresh. "On-the-fly" syntax checking information may be incorrect. [C:\Users\fallo\Desktop\CECS 440\Lab 5\Lab5\Lab5.srcs\sim_1\new\testbench_skeleton-lab5.v:]
WARNING: [filemgmt 56-199] Attempt to get parsing info during refresh. "On-the-fly" syntax checking information may be incorrect. [C:\Users\fallo\Desktop\CECS 440\Lab 5\Lab5\Lab5.srcs\sources_1\new\regfile.v:]
WARNING: [filemgmt 56-199] Attempt to get parsing info during refresh. "On-the-fly" syntax checking information may be incorrect. [C:\Users\fallo\Desktop\CECS 440\Lab 5\Lab5\Lab5.srcs\sources_1\new\alu.v:]
WARNING: [filemgmt 56-199] Attempt to get parsing info during refresh. "On-the-fly" syntax checking information may be incorrect. [C:\Users\fallo\Desktop\CECS 440\Lab 5\Lab5\Lab5.srcs\sources_1\new\aluout.v:]
WARNING: [filemgmt 56-199] Attempt to get parsing info during refresh. "On-the-fly" syntax checking information may be incorrect. [C:\Users\fallo\Desktop\CECS 440\Lab 5\Lab5\Lab5.srcs\sources_1\new\design.v:]
WARNING: [filemgmt 56-199] Attempt to get parsing info during refresh. "On-the-fly" syntax checking information may be incorrect. [C:\Users\fallo\Desktop\CECS 440\Lab 5\Lab5\Lab5.srcs\sources_1\new\alu.v:]
WARNING: [filemgmt 56-199] Attempt to get parsing info during refresh. "On-the-fly" syntax checking information may be incorrect. [C:\Users\fallo\Desktop\CECS 440\Lab 5\Lab5\Lab5.srcs\sources_1\new\alu.v:]
ERROR: [Common 17-180] Spawn failed: No error
WARNING: [filemgmt 56-199] Attempt to get parsing info during refresh. "On-the-fly" syntax checking information may be incorrect. [C:\Users\fallo\Desktop\CECS 440\Lab 5\Lab5\Lab5.srcs\sim_1\new\testbench_skeleton-lab5.v:]
WARNING: [filemgmt 56-199] Attempt to get parsing info during refresh. "On-the-fly" syntax checking information may be incorrect. [C:\Users\fallo\Desktop\CECS 440\Lab 5\Lab5\Lab5.srcs\sources_1\new\regfile.v:]
WARNING: [filemgmt 56-199] Attempt to get parsing info during refresh. "On-the-fly" syntax checking information may be incorrect. [C:\Users\fallo\Desktop\CECS 440\Lab 5\Lab5\Lab5.srcs\sources_1\new\alu.v:]
WARNING: [filemgmt 56-199] Attempt to get parsing info during refresh. "On-the-fly" syntax checking information may be incorrect. [C:\Users\fallo\Desktop\CECS 440\Lab 5\Lab5\Lab5.srcs\sources_1\new\aluout.v:]
WARNING: [filemgmt 56-199] Attempt to get parsing info during refresh. "On-the-fly" syntax checking information may be incorrect. [C:\Users\fallo\Desktop\CECS 440\Lab 5\Lab5\Lab5.srcs\sources_1\new\design.v:]
WARNING: [filemgmt 56-199] Attempt to get parsing info during refresh. "On-the-fly" syntax checking information may be incorrect. [C:\Users\fallo\Desktop\CECS 440\Lab 5\Lab5\Lab5.srcs\sim_1\new\testbench_skeleton-lab5.v:]
WARNING: [filemgmt 56-199] Attempt to get parsing info during refresh. "On-the-fly" syntax checking information may be incorrect. [C:\Users\fallo\Desktop\CECS 440\Lab 5\Lab5\Lab5.srcs\sim_1\new\testbench_skeleton-lab5.v:]
WARNING: [filemgmt 56-199] Attempt to get parsing info during refresh. "On-the-fly" syntax checking information may be incorrect. [C:\Users\fallo\Desktop\CECS 440\Lab 5\Lab5\Lab5.srcs\sim_1\new\testbench_skeleton-lab5.v:]
WARNING: [filemgmt 56-199] Attempt to get parsing info during refresh. "On-the-fly" syntax checking information may be incorrect. [C:\Users\fallo\Desktop\CECS 440\Lab 5\Lab5\Lab5.srcs\sources_1\new\regfile.v:]
WARNING: [filemgmt 56-199] Attempt to get parsing info during refresh. "On-the-fly" syntax checking information may be incorrect. [C:\Users\fallo\Desktop\CECS 440\Lab 5\Lab5\Lab5.srcs\sources_1\new\alu.v:]
WARNING: [filemgmt 56-199] Attempt to get parsing info during refresh. "On-the-fly" syntax checking information may be incorrect. [C:\Users\fallo\Desktop\CECS 440\Lab 5\Lab5\Lab5.srcs\sources_1\new\aluout.v:]
WARNING: [filemgmt 56-199] Attempt to get parsing info during refresh. "On-the-fly" syntax checking information may be incorrect. [C:\Users\fallo\Desktop\CECS 440\Lab 5\Lab5\Lab5.srcs\sources_1\new\design.v:]
WARNING: [filemgmt 56-199] Attempt to get parsing info during refresh. "On-the-fly" syntax checking information may be incorrect. [C:\Users\fallo\Desktop\CECS 440\Lab 5\Lab5\Lab5.srcs\sources_1\new\aluout.v:]
WARNING: [filemgmt 56-199] Attempt to get parsing info during refresh. "On-the-fly" syntax checking information may be incorrect. [C:\Users\fallo\Desktop\CECS 440\Lab 5\Lab5\Lab5.srcs\sources_1\new\aluout.v:]
ERROR: [Common 17-180] Spawn failed: No error
WARNING: [filemgmt 56-199] Attempt to get parsing info during refresh. "On-the-fly" syntax checking information may be incorrect. [C:\Users\fallo\Desktop\CECS 440\Lab 5\Lab5\Lab5.srcs\sim_1\new\testbench_skeleton-lab5.v:]
WARNING: [filemgmt 56-199] Attempt to get parsing info during refresh. "On-the-fly" syntax checking information may be incorrect. [C:\Users\fallo\Desktop\CECS 440\Lab 5\Lab5\Lab5.srcs\sources_1\new\regfile.v:]
WARNING: [filemgmt 56-199] Attempt to get parsing info during refresh. "On-the-fly" syntax checking information may be incorrect. [C:\Users\fallo\Desktop\CECS 440\Lab 5\Lab5\Lab5.srcs\sources_1\new\alu.v:]
WARNING: [filemgmt 56-199] Attempt to get parsing info during refresh. "On-the-fly" syntax checking information may be incorrect. [C:\Users\fallo\Desktop\CECS 440\Lab 5\Lab5\Lab5.srcs\sources_1\new\aluout.v:]
WARNING: [filemgmt 56-199] Attempt to get parsing info during refresh. "On-the-fly" syntax checking information may be incorrect. [C:\Users\fallo\Desktop\CECS 440\Lab 5\Lab5\Lab5.srcs\sources_1\new\design.v:]
WARNING: [filemgmt 56-199] Attempt to get parsing info during refresh. "On-the-fly" syntax checking information may be incorrect. [C:\Users\fallo\Desktop\CECS 440\Lab 5\Lab5\Lab5.srcs\sources_1\new\design.v:]
WARNING: [filemgmt 56-199] Attempt to get parsing info during refresh. "On-the-fly" syntax checking information may be incorrect. [C:\Users\fallo\Desktop\CECS 440\Lab 5\Lab5\Lab5.srcs\sources_1\new\design.v:]
WARNING: [filemgmt 56-199] Attempt to get parsing info during refresh. "On-the-fly" syntax checking information may be incorrect. [C:\Users\fallo\Desktop\CECS 440\Lab 5\Lab5\Lab5.srcs\sim_1\new\testbench_skeleton-lab5.v:]
WARNING: [filemgmt 56-199] Attempt to get parsing info during refresh. "On-the-fly" syntax checking information may be incorrect. [C:\Users\fallo\Desktop\CECS 440\Lab 5\Lab5\Lab5.srcs\sources_1\new\regfile.v:]
WARNING: [filemgmt 56-199] Attempt to get parsing info during refresh. "On-the-fly" syntax checking information may be incorrect. [C:\Users\fallo\Desktop\CECS 440\Lab 5\Lab5\Lab5.srcs\sources_1\new\alu.v:]
WARNING: [filemgmt 56-199] Attempt to get parsing info during refresh. "On-the-fly" syntax checking information may be incorrect. [C:\Users\fallo\Desktop\CECS 440\Lab 5\Lab5\Lab5.srcs\sources_1\new\aluout.v:]
WARNING: [filemgmt 56-199] Attempt to get parsing info during refresh. "On-the-fly" syntax checking information may be incorrect. [C:\Users\fallo\Desktop\CECS 440\Lab 5\Lab5\Lab5.srcs\sources_1\new\design.v:]
WARNING: [filemgmt 56-199] Attempt to get parsing info during refresh. "On-the-fly" syntax checking information may be incorrect. [C:\Users\fallo\Desktop\CECS 440\Lab 5\Lab5\Lab5.srcs\sources_1\new\alu.v:]
WARNING: [filemgmt 56-199] Attempt to get parsing info during refresh. "On-the-fly" syntax checking information may be incorrect. [C:\Users\fallo\Desktop\CECS 440\Lab 5\Lab5\Lab5.srcs\sources_1\new\alu.v:]
ERROR: [Common 17-180] Spawn failed: No error
WARNING: [filemgmt 56-199] Attempt to get parsing info during refresh. "On-the-fly" syntax checking information may be incorrect. [C:\Users\fallo\Desktop\CECS 440\Lab 5\Lab5\Lab5.srcs\sim_1\new\testbench_skeleton-lab5.v:]
WARNING: [filemgmt 56-199] Attempt to get parsing info during refresh. "On-the-fly" syntax checking information may be incorrect. [C:\Users\fallo\Desktop\CECS 440\Lab 5\Lab5\Lab5.srcs\sources_1\new\regfile.v:]
WARNING: [filemgmt 56-199] Attempt to get parsing info during refresh. "On-the-fly" syntax checking information may be incorrect. [C:\Users\fallo\Desktop\CECS 440\Lab 5\Lab5\Lab5.srcs\sources_1\new\alu.v:]
WARNING: [filemgmt 56-199] Attempt to get parsing info during refresh. "On-the-fly" syntax checking information may be incorrect. [C:\Users\fallo\Desktop\CECS 440\Lab 5\Lab5\Lab5.srcs\sources_1\new\aluout.v:]
WARNING: [filemgmt 56-199] Attempt to get parsing info during refresh. "On-the-fly" syntax checking information may be incorrect. [C:\Users\fallo\Desktop\CECS 440\Lab 5\Lab5\Lab5.srcs\sources_1\new\design.v:]
WARNING: [filemgmt 56-199] Attempt to get parsing info during refresh. "On-the-fly" syntax checking information may be incorrect. [C:\Users\fallo\Desktop\CECS 440\Lab 5\Lab5\Lab5.srcs\sim_1\new\testbench_skeleton-lab5.v:]
WARNING: [filemgmt 56-199] Attempt to get parsing info during refresh. "On-the-fly" syntax checking information may be incorrect. [C:\Users\fallo\Desktop\CECS 440\Lab 5\Lab5\Lab5.srcs\sim_1\new\testbench_skeleton-lab5.v:]
WARNING: [filemgmt 56-199] Attempt to get parsing info during refresh. "On-the-fly" syntax checking information may be incorrect. [C:\Users\fallo\Desktop\CECS 440\Lab 5\Lab5\Lab5.srcs\sim_1\new\testbench_skeleton-lab5.v:]
WARNING: [filemgmt 56-199] Attempt to get parsing info during refresh. "On-the-fly" syntax checking information may be incorrect. [C:\Users\fallo\Desktop\CECS 440\Lab 5\Lab5\Lab5.srcs\sources_1\new\regfile.v:]
WARNING: [filemgmt 56-199] Attempt to get parsing info during refresh. "On-the-fly" syntax checking information may be incorrect. [C:\Users\fallo\Desktop\CECS 440\Lab 5\Lab5\Lab5.srcs\sources_1\new\alu.v:]
WARNING: [filemgmt 56-199] Attempt to get parsing info during refresh. "On-the-fly" syntax checking information may be incorrect. [C:\Users\fallo\Desktop\CECS 440\Lab 5\Lab5\Lab5.srcs\sources_1\new\aluout.v:]
WARNING: [filemgmt 56-199] Attempt to get parsing info during refresh. "On-the-fly" syntax checking information may be incorrect. [C:\Users\fallo\Desktop\CECS 440\Lab 5\Lab5\Lab5.srcs\sources_1\new\design.v:]
WARNING: [filemgmt 56-199] Attempt to get parsing info during refresh. "On-the-fly" syntax checking information may be incorrect. [C:\Users\fallo\Desktop\CECS 440\Lab 5\Lab5\Lab5.srcs\sources_1\new\regfile.v:]
WARNING: [filemgmt 56-199] Attempt to get parsing info during refresh. "On-the-fly" syntax checking information may be incorrect. [C:\Users\fallo\Desktop\CECS 440\Lab 5\Lab5\Lab5.srcs\sources_1\new\regfile.v:]
WARNING: [filemgmt 56-199] Attempt to get parsing info during refresh. "On-the-fly" syntax checking information may be incorrect. [C:\Users\fallo\Desktop\CECS 440\Lab 5\Lab5\Lab5.srcs\sim_1\new\testbench_skeleton-lab5.v:]
WARNING: [filemgmt 56-199] Attempt to get parsing info during refresh. "On-the-fly" syntax checking information may be incorrect. [C:\Users\fallo\Desktop\CECS 440\Lab 5\Lab5\Lab5.srcs\sources_1\new\regfile.v:]
WARNING: [filemgmt 56-199] Attempt to get parsing info during refresh. "On-the-fly" syntax checking information may be incorrect. [C:\Users\fallo\Desktop\CECS 440\Lab 5\Lab5\Lab5.srcs\sources_1\new\alu.v:]
WARNING: [filemgmt 56-199] Attempt to get parsing info during refresh. "On-the-fly" syntax checking information may be incorrect. [C:\Users\fallo\Desktop\CECS 440\Lab 5\Lab5\Lab5.srcs\sources_1\new\aluout.v:]
WARNING: [filemgmt 56-199] Attempt to get parsing info during refresh. "On-the-fly" syntax checking information may be incorrect. [C:\Users\fallo\Desktop\CECS 440\Lab 5\Lab5\Lab5.srcs\sources_1\new\design.v:]
WARNING: [filemgmt 56-199] Attempt to get parsing info during refresh. "On-the-fly" syntax checking information may be incorrect. [C:\Users\fallo\Desktop\CECS 440\Lab 5\Lab5\Lab5.srcs\sources_1\new\alu.v:]
WARNING: [filemgmt 56-199] Attempt to get parsing info during refresh. "On-the-fly" syntax checking information may be incorrect. [C:\Users\fallo\Desktop\CECS 440\Lab 5\Lab5\Lab5.srcs\sources_1\new\alu.v:]
WARNING: [filemgmt 56-199] Attempt to get parsing info during refresh. "On-the-fly" syntax checking information may be incorrect. [C:\Users\fallo\Desktop\CECS 440\Lab 5\Lab5\Lab5.srcs\sim_1\new\testbench_skeleton-lab5.v:]
WARNING: [filemgmt 56-199] Attempt to get parsing info during refresh. "On-the-fly" syntax checking information may be incorrect. [C:\Users\fallo\Desktop\CECS 440\Lab 5\Lab5\Lab5.srcs\sources_1\new\regfile.v:]
WARNING: [filemgmt 56-199] Attempt to get parsing info during refresh. "On-the-fly" syntax checking information may be incorrect. [C:\Users\fallo\Desktop\CECS 440\Lab 5\Lab5\Lab5.srcs\sources_1\new\alu.v:]
WARNING: [filemgmt 56-199] Attempt to get parsing info during refresh. "On-the-fly" syntax checking information may be incorrect. [C:\Users\fallo\Desktop\CECS 440\Lab 5\Lab5\Lab5.srcs\sources_1\new\aluout.v:]
WARNING: [filemgmt 56-199] Attempt to get parsing info during refresh. "On-the-fly" syntax checking information may be incorrect. [C:\Users\fallo\Desktop\CECS 440\Lab 5\Lab5\Lab5.srcs\sources_1\new\design.v:]
WARNING: [filemgmt 56-199] Attempt to get parsing info during refresh. "On-the-fly" syntax checking information may be incorrect. [C:\Users\fallo\Desktop\CECS 440\Lab 5\Lab5\Lab5.srcs\sources_1\new\design.v:]
WARNING: [filemgmt 56-199] Attempt to get parsing info during refresh. "On-the-fly" syntax checking information may be incorrect. [C:\Users\fallo\Desktop\CECS 440\Lab 5\Lab5\Lab5.srcs\sources_1\new\design.v:]
ERROR: [Common 17-180] Spawn failed: No error
WARNING: [filemgmt 56-199] Attempt to get parsing info during refresh. "On-the-fly" syntax checking information may be incorrect. [C:\Users\fallo\Desktop\CECS 440\Lab 5\Lab5\Lab5.srcs\sim_1\new\testbench_skeleton-lab5.v:]
WARNING: [filemgmt 56-199] Attempt to get parsing info during refresh. "On-the-fly" syntax checking information may be incorrect. [C:\Users\fallo\Desktop\CECS 440\Lab 5\Lab5\Lab5.srcs\sources_1\new\regfile.v:]
WARNING: [filemgmt 56-199] Attempt to get parsing info during refresh. "On-the-fly" syntax checking information may be incorrect. [C:\Users\fallo\Desktop\CECS 440\Lab 5\Lab5\Lab5.srcs\sources_1\new\alu.v:]
WARNING: [filemgmt 56-199] Attempt to get parsing info during refresh. "On-the-fly" syntax checking information may be incorrect. [C:\Users\fallo\Desktop\CECS 440\Lab 5\Lab5\Lab5.srcs\sources_1\new\aluout.v:]
WARNING: [filemgmt 56-199] Attempt to get parsing info during refresh. "On-the-fly" syntax checking information may be incorrect. [C:\Users\fallo\Desktop\CECS 440\Lab 5\Lab5\Lab5.srcs\sources_1\new\design.v:]
WARNING: [filemgmt 56-199] Attempt to get parsing info during refresh. "On-the-fly" syntax checking information may be incorrect. [C:\Users\fallo\Desktop\CECS 440\Lab 5\Lab5\Lab5.srcs\sim_1\new\testbench_skeleton-lab5.v:]
WARNING: [filemgmt 56-199] Attempt to get parsing info during refresh. "On-the-fly" syntax checking information may be incorrect. [C:\Users\fallo\Desktop\CECS 440\Lab 5\Lab5\Lab5.srcs\sim_1\new\testbench_skeleton-lab5.v:]
WARNING: [filemgmt 56-199] Attempt to get parsing info during refresh. "On-the-fly" syntax checking information may be incorrect. [C:\Users\fallo\Desktop\CECS 440\Lab 5\Lab5\Lab5.srcs\sim_1\new\testbench_skeleton-lab5.v:]
WARNING: [filemgmt 56-199] Attempt to get parsing info during refresh. "On-the-fly" syntax checking information may be incorrect. [C:\Users\fallo\Desktop\CECS 440\Lab 5\Lab5\Lab5.srcs\sim_1\new\testbench_skeleton-lab5.v:]
WARNING: [filemgmt 56-199] Attempt to get parsing info during refresh. "On-the-fly" syntax checking information may be incorrect. [C:\Users\fallo\Desktop\CECS 440\Lab 5\Lab5\Lab5.srcs\sources_1\new\regfile.v:]
WARNING: [filemgmt 56-199] Attempt to get parsing info during refresh. "On-the-fly" syntax checking information may be incorrect. [C:\Users\fallo\Desktop\CECS 440\Lab 5\Lab5\Lab5.srcs\sources_1\new\alu.v:]
WARNING: [filemgmt 56-199] Attempt to get parsing info during refresh. "On-the-fly" syntax checking information may be incorrect. [C:\Users\fallo\Desktop\CECS 440\Lab 5\Lab5\Lab5.srcs\sources_1\new\aluout.v:]
WARNING: [filemgmt 56-199] Attempt to get parsing info during refresh. "On-the-fly" syntax checking information may be incorrect. [C:\Users\fallo\Desktop\CECS 440\Lab 5\Lab5\Lab5.srcs\sources_1\new\design.v:]
WARNING: [filemgmt 56-199] Attempt to get parsing info during refresh. "On-the-fly" syntax checking information may be incorrect. [C:\Users\fallo\Desktop\CECS 440\Lab 5\Lab5\Lab5.srcs\sim_1\new\testbench_skeleton-lab5.v:]
WARNING: [filemgmt 56-199] Attempt to get parsing info during refresh. "On-the-fly" syntax checking information may be incorrect. [C:\Users\fallo\Desktop\CECS 440\Lab 5\Lab5\Lab5.srcs\sim_1\new\testbench_skeleton-lab5.v:]
WARNING: [filemgmt 56-199] Attempt to get parsing info during refresh. "On-the-fly" syntax checking information may be incorrect. [C:\Users\fallo\Desktop\CECS 440\Lab 5\Lab5\Lab5.srcs\sim_1\new\testbench_skeleton-lab5.v:]
WARNING: [filemgmt 56-199] Attempt to get parsing info during refresh. "On-the-fly" syntax checking information may be incorrect. [C:\Users\fallo\Desktop\CECS 440\Lab 5\Lab5\Lab5.srcs\sources_1\new\regfile.v:]
WARNING: [filemgmt 56-199] Attempt to get parsing info during refresh. "On-the-fly" syntax checking information may be incorrect. [C:\Users\fallo\Desktop\CECS 440\Lab 5\Lab5\Lab5.srcs\sources_1\new\alu.v:]
WARNING: [filemgmt 56-199] Attempt to get parsing info during refresh. "On-the-fly" syntax checking information may be incorrect. [C:\Users\fallo\Desktop\CECS 440\Lab 5\Lab5\Lab5.srcs\sources_1\new\aluout.v:]
WARNING: [filemgmt 56-199] Attempt to get parsing info during refresh. "On-the-fly" syntax checking information may be incorrect. [C:\Users\fallo\Desktop\CECS 440\Lab 5\Lab5\Lab5.srcs\sources_1\new\design.v:]
WARNING: [filemgmt 56-199] Attempt to get parsing info during refresh. "On-the-fly" syntax checking information may be incorrect. [C:\Users\fallo\Desktop\CECS 440\Lab 5\Lab5\Lab5.srcs\sources_1\new\aluout.v:]
WARNING: [filemgmt 56-199] Attempt to get parsing info during refresh. "On-the-fly" syntax checking information may be incorrect. [C:\Users\fallo\Desktop\CECS 440\Lab 5\Lab5\Lab5.srcs\sources_1\new\aluout.v:]
WARNING: [filemgmt 56-199] Attempt to get parsing info during refresh. "On-the-fly" syntax checking information may be incorrect. [C:\Users\fallo\Desktop\CECS 440\Lab 5\Lab5\Lab5.srcs\sim_1\new\testbench_skeleton-lab5.v:]
WARNING: [filemgmt 56-199] Attempt to get parsing info during refresh. "On-the-fly" syntax checking information may be incorrect. [C:\Users\fallo\Desktop\CECS 440\Lab 5\Lab5\Lab5.srcs\sources_1\new\regfile.v:]
WARNING: [filemgmt 56-199] Attempt to get parsing info during refresh. "On-the-fly" syntax checking information may be incorrect. [C:\Users\fallo\Desktop\CECS 440\Lab 5\Lab5\Lab5.srcs\sources_1\new\alu.v:]
WARNING: [filemgmt 56-199] Attempt to get parsing info during refresh. "On-the-fly" syntax checking information may be incorrect. [C:\Users\fallo\Desktop\CECS 440\Lab 5\Lab5\Lab5.srcs\sources_1\new\aluout.v:]
WARNING: [filemgmt 56-199] Attempt to get parsing info during refresh. "On-the-fly" syntax checking information may be incorrect. [C:\Users\fallo\Desktop\CECS 440\Lab 5\Lab5\Lab5.srcs\sources_1\new\design.v:]
WARNING: [filemgmt 56-199] Attempt to get parsing info during refresh. "On-the-fly" syntax checking information may be incorrect. [C:\Users\fallo\Desktop\CECS 440\Lab 5\Lab5\Lab5.srcs\sources_1\new\design.v:]
WARNING: [filemgmt 56-199] Attempt to get parsing info during refresh. "On-the-fly" syntax checking information may be incorrect. [C:\Users\fallo\Desktop\CECS 440\Lab 5\Lab5\Lab5.srcs\sources_1\new\design.v:]
WARNING: [filemgmt 56-199] Attempt to get parsing info during refresh. "On-the-fly" syntax checking information may be incorrect. [C:\Users\fallo\Desktop\CECS 440\Lab 5\Lab5\Lab5.srcs\sim_1\new\testbench_skeleton-lab5.v:]
WARNING: [filemgmt 56-199] Attempt to get parsing info during refresh. "On-the-fly" syntax checking information may be incorrect. [C:\Users\fallo\Desktop\CECS 440\Lab 5\Lab5\Lab5.srcs\sources_1\new\regfile.v:]
WARNING: [filemgmt 56-199] Attempt to get parsing info during refresh. "On-the-fly" syntax checking information may be incorrect. [C:\Users\fallo\Desktop\CECS 440\Lab 5\Lab5\Lab5.srcs\sources_1\new\alu.v:]
WARNING: [filemgmt 56-199] Attempt to get parsing info during refresh. "On-the-fly" syntax checking information may be incorrect. [C:\Users\fallo\Desktop\CECS 440\Lab 5\Lab5\Lab5.srcs\sources_1\new\aluout.v:]
WARNING: [filemgmt 56-199] Attempt to get parsing info during refresh. "On-the-fly" syntax checking information may be incorrect. [C:\Users\fallo\Desktop\CECS 440\Lab 5\Lab5\Lab5.srcs\sources_1\new\design.v:]
WARNING: [filemgmt 56-199] Attempt to get parsing info during refresh. "On-the-fly" syntax checking information may be incorrect. [C:\Users\fallo\Desktop\CECS 440\Lab 5\Lab5\Lab5.srcs\sources_1\new\alu.v:]
WARNING: [filemgmt 56-199] Attempt to get parsing info during refresh. "On-the-fly" syntax checking information may be incorrect. [C:\Users\fallo\Desktop\CECS 440\Lab 5\Lab5\Lab5.srcs\sources_1\new\alu.v:]
ERROR: [Common 17-180] Spawn failed: No error
launch_simulation
Command: launch_simulation 
INFO: [Vivado 12-12493] Simulation top is 'datapathTester'
WARNING: [Vivado 12-13340] Unable to auto find GCC executables from simulator install path! (path not set)
INFO: [Vivado 12-5682] Launching behavioral simulation in 'C:/Users/fallo/Desktop/CECS 440/Lab 5/Lab5/Lab5.sim/sim_1/behav/xsim'
INFO: [SIM-utils-51] Simulation object is 'sim_1'
INFO: [SIM-utils-72] Using boost library from 'E:/Vivado/2024.2/tps/boost_1_72_0'
INFO: [SIM-utils-54] Inspecting design source files for 'datapathTester' in fileset 'sim_1'...
INFO: [USF-XSim-97] Finding global include files...
INFO: [USF-XSim-98] Fetching design files from 'sim_1'...
INFO: [USF-XSim-2] XSim::Compile design
INFO: [USF-XSim-61] Executing 'COMPILE and ANALYZE' step in 'C:/Users/fallo/Desktop/CECS 440/Lab 5/Lab5/Lab5.sim/sim_1/behav/xsim'
"xvlog --incr --relax -prj datapathTester_vlog.prj"
INFO: [VRFC 10-2263] Analyzing Verilog file "C:/Users/fallo/Desktop/CECS 440/Lab 5/Lab5/Lab5.srcs/sources_1/new/alu.v" into library xil_defaultlib
INFO: [VRFC 10-311] analyzing module alu
INFO: [VRFC 10-2263] Analyzing Verilog file "C:/Users/fallo/Desktop/CECS 440/Lab 5/Lab5/Lab5.srcs/sources_1/new/design.v" into library xil_defaultlib
INFO: [VRFC 10-311] analyzing module regfile
INFO: [VRFC 10-311] analyzing module aluout
INFO: [VRFC 10-311] analyzing module alu
WARNING: [VRFC 10-3609] overwriting previous definition of module 'alu' [C:/Users/fallo/Desktop/CECS 440/Lab 5/Lab5/Lab5.srcs/sources_1/new/alu.v:8]
INFO: [VRFC 10-311] analyzing module simple_datapath
INFO: [VRFC 10-2263] Analyzing Verilog file "C:/Users/fallo/Desktop/CECS 440/Lab 5/Lab5/Lab5.srcs/sources_1/new/regfile.v" into library xil_defaultlib
INFO: [VRFC 10-311] analyzing module regfile
WARNING: [VRFC 10-3609] overwriting previous definition of module 'regfile' [C:/Users/fallo/Desktop/CECS 440/Lab 5/Lab5/Lab5.srcs/sources_1/new/regfile.v:5]
INFO: [VRFC 10-2263] Analyzing Verilog file "C:/Users/fallo/Desktop/CECS 440/Lab 5/Lab5/Lab5.srcs/sim_1/new/testbench_skeleton-lab5.v" into library xil_defaultlib
INFO: [VRFC 10-311] analyzing module datapathTester
INFO: [USF-XSim-69] 'compile' step finished in '1' seconds
INFO: [USF-XSim-3] XSim::Elaborate design
INFO: [USF-XSim-61] Executing 'ELABORATE' step in 'C:/Users/fallo/Desktop/CECS 440/Lab 5/Lab5/Lab5.sim/sim_1/behav/xsim'
"xelab --incr --debug typical --relax --mt 2 -L xil_defaultlib -L unisims_ver -L unimacro_ver -L secureip --snapshot datapathTester_behav xil_defaultlib.datapathTester xil_defaultlib.glbl -log elaborate.log"
Vivado Simulator v2024.2.0
Copyright 1986-2022 Xilinx, Inc. All Rights Reserved.
Copyright 2022-2024 Advanced Micro Devices, Inc. All Rights Reserved.
Running: E:/Vivado/2024.2/bin/unwrapped/win64.o/xelab.exe --incr --debug typical --relax --mt 2 -L xil_defaultlib -L unisims_ver -L unimacro_ver -L secureip --snapshot datapathTester_behav xil_defaultlib.datapathTester xil_defaultlib.glbl -log elaborate.log 
Using 2 slave threads.
Starting static elaboration
Pass Through NonSizing Optimizer
WARNING: [VRFC 10-5021] port 'op_code' is not connected on this instance [C:/Users/fallo/Desktop/CECS 440/Lab 5/Lab5/Lab5.srcs/sim_1/new/testbench_skeleton-lab5.v:14]
Completed static elaboration
Starting simulation data flow analysis
Completed simulation data flow analysis
Time Resolution for simulation is 1ps
Compiling module xil_defaultlib.regfile(width=32)
Compiling module xil_defaultlib.alu(width=32)
Compiling module xil_defaultlib.simple_datapath
Compiling module xil_defaultlib.datapathTester
Compiling module xil_defaultlib.glbl
Built simulation snapshot datapathTester_behav
INFO: [USF-XSim-69] 'elaborate' step finished in '2' seconds
INFO: [USF-XSim-4] XSim::Simulate design
INFO: [USF-XSim-61] Executing 'SIMULATE' step in 'C:/Users/fallo/Desktop/CECS 440/Lab 5/Lab5/Lab5.sim/sim_1/behav/xsim'
INFO: [USF-XSim-98] *** Running xsim
   with args "datapathTester_behav -key {Behavioral:sim_1:Functional:datapathTester} -tclbatch {datapathTester.tcl} -log {simulate.log}"
INFO: [USF-XSim-8] Loading simulator feature
Time resolution is 1 ps
source datapathTester.tcl
# set curr_wave [current_wave_config]
# if { [string length $curr_wave] == 0 } {
#   if { [llength [get_objects]] > 0} {
#     add_wave /
#     set_property needs_save false [current_wave_config]
#   } else {
#      send_msg_id Add_Wave-1 WARNING "No top level signals found. Simulator will start without a wave window. If you want to open a wave window go to 'File->New Waveform Configuration' or type 'create_wave_config' in the TCL console."
#   }
# }
# run 1000ns
Registers Initialized!
	Register	Content
          0	0x00000000
          1	0xffff0000
          2	0x0a0a0a0a
          3	0x000001f4
          4	0x000003e8
          5	0x00000005
          6	0x00000006
          7	0x00000007
          8	0x00000008
          9	0x00000009
         10	0x0000000a
         11	0x0000000b
         12	0x0000000c
         13	0x0000000d
         14	0x0000000e
         15	0x0000000f
         16	0x00000010
         17	0x00000011
         18	0x00000012
         19	0x00000013
         20	0x00000014
         21	0x00000015
         22	0x00000016
         23	0x00000017
         24	0x00000018
         25	0x00000019
         26	0x0000001a
         27	0x0000001b
         28	0x0000001c
         29	0x0000001d
         30	0x0000001e
         31	0x0000001f

Checking test case
srca =          x, srcb =          x
add $ALUout, $11, $ 4 performed
sum =          z
Test Failed!!!

Checking test case
srca =          x, srcb =          x
increment $ALUout, $11 performed
d_out =          z
Test Failed!!!

Checking test case
srca = xxxxxxxx, srcb = xxxxxxxx
and $ALUout, $ 1, $10 performed
d_out = zzzzzzzz
Test Failed!!!

Checking test case
srca = xxxxxxxx, srcb = xxxxxxxx
or $ALUout, $ 1, $10 performed
d_out = zzzzzzzz
Test Failed!!!

Checking test case
srca = xxxxxxxx, srcb = xxxxxxxx
xor $ALUout, $10, $ 1 performed
d_out = zzzzzzzz
Test Failed!!!

Checking test case
srca = xxxxxxxx, srcb = xxxxxxxx
not $ALUout, $10 performed
d_out = zzzzzzzz
Test Failed!!!

Checking test case
srca =          x, srcb =          x
sll $ALUout, $ 4, performed
d_out =          z
Test Failed!!!

Checking test case
srca = xxxxxxxx, srcb = xxxxxxxx
nop operation performed
d_out = zzzzzzzz
Test Failed!!!
$finish called at time : 146 ns : File "C:/Users/fallo/Desktop/CECS 440/Lab 5/Lab5/Lab5.srcs/sim_1/new/testbench_skeleton-lab5.v" Line 105
INFO: [USF-XSim-96] XSim completed. Design snapshot 'datapathTester_behav' loaded.
INFO: [USF-XSim-97] XSim simulation ran for 1000ns
launch_simulation: Time (s): cpu = 00:00:02 ; elapsed = 00:00:05 . Memory (MB): peak = 1775.148 ; gain = 0.000
WARNING: [filemgmt 56-199] Attempt to get parsing info during refresh. "On-the-fly" syntax checking information may be incorrect. [C:\Users\fallo\Desktop\CECS 440\Lab 5\Lab5\Lab5.srcs\sim_1\new\testbench_skeleton-lab5.v:]
WARNING: [filemgmt 56-199] Attempt to get parsing info during refresh. "On-the-fly" syntax checking information may be incorrect. [C:\Users\fallo\Desktop\CECS 440\Lab 5\Lab5\Lab5.srcs\sources_1\new\regfile.v:]
WARNING: [filemgmt 56-199] Attempt to get parsing info during refresh. "On-the-fly" syntax checking information may be incorrect. [C:\Users\fallo\Desktop\CECS 440\Lab 5\Lab5\Lab5.srcs\sources_1\new\alu.v:]
WARNING: [filemgmt 56-199] Attempt to get parsing info during refresh. "On-the-fly" syntax checking information may be incorrect. [C:\Users\fallo\Desktop\CECS 440\Lab 5\Lab5\Lab5.srcs\sources_1\new\aluout.v:]
WARNING: [filemgmt 56-199] Attempt to get parsing info during refresh. "On-the-fly" syntax checking information may be incorrect. [C:\Users\fallo\Desktop\CECS 440\Lab 5\Lab5\Lab5.srcs\sources_1\new\design.v:]
WARNING: [filemgmt 56-199] Attempt to get parsing info during refresh. "On-the-fly" syntax checking information may be incorrect. [C:\Users\fallo\Desktop\CECS 440\Lab 5\Lab5\Lab5.srcs\sim_1\new\testbench_skeleton-lab5.v:]
WARNING: [filemgmt 56-199] Attempt to get parsing info during refresh. "On-the-fly" syntax checking information may be incorrect. [C:\Users\fallo\Desktop\CECS 440\Lab 5\Lab5\Lab5.srcs\sim_1\new\testbench_skeleton-lab5.v:]
WARNING: [filemgmt 56-199] Attempt to get parsing info during refresh. "On-the-fly" syntax checking information may be incorrect. [C:\Users\fallo\Desktop\CECS 440\Lab 5\Lab5\Lab5.srcs\sim_1\new\testbench_skeleton-lab5.v:]
WARNING: [filemgmt 56-199] Attempt to get parsing info during refresh. "On-the-fly" syntax checking information may be incorrect. [C:\Users\fallo\Desktop\CECS 440\Lab 5\Lab5\Lab5.srcs\sources_1\new\regfile.v:]
WARNING: [filemgmt 56-199] Attempt to get parsing info during refresh. "On-the-fly" syntax checking information may be incorrect. [C:\Users\fallo\Desktop\CECS 440\Lab 5\Lab5\Lab5.srcs\sources_1\new\alu.v:]
WARNING: [filemgmt 56-199] Attempt to get parsing info during refresh. "On-the-fly" syntax checking information may be incorrect. [C:\Users\fallo\Desktop\CECS 440\Lab 5\Lab5\Lab5.srcs\sources_1\new\aluout.v:]
WARNING: [filemgmt 56-199] Attempt to get parsing info during refresh. "On-the-fly" syntax checking information may be incorrect. [C:\Users\fallo\Desktop\CECS 440\Lab 5\Lab5\Lab5.srcs\sources_1\new\design.v:]
WARNING: [filemgmt 56-199] Attempt to get parsing info during refresh. "On-the-fly" syntax checking information may be incorrect. [C:\Users\fallo\Desktop\CECS 440\Lab 5\Lab5\Lab5.srcs\sources_1\new\aluout.v:]
WARNING: [filemgmt 56-199] Attempt to get parsing info during refresh. "On-the-fly" syntax checking information may be incorrect. [C:\Users\fallo\Desktop\CECS 440\Lab 5\Lab5\Lab5.srcs\sources_1\new\aluout.v:]
WARNING: [filemgmt 56-199] Attempt to get parsing info during refresh. "On-the-fly" syntax checking information may be incorrect. [C:\Users\fallo\Desktop\CECS 440\Lab 5\Lab5\Lab5.srcs\sim_1\new\testbench_skeleton-lab5.v:]
WARNING: [filemgmt 56-199] Attempt to get parsing info during refresh. "On-the-fly" syntax checking information may be incorrect. [C:\Users\fallo\Desktop\CECS 440\Lab 5\Lab5\Lab5.srcs\sources_1\new\regfile.v:]
WARNING: [filemgmt 56-199] Attempt to get parsing info during refresh. "On-the-fly" syntax checking information may be incorrect. [C:\Users\fallo\Desktop\CECS 440\Lab 5\Lab5\Lab5.srcs\sources_1\new\alu.v:]
WARNING: [filemgmt 56-199] Attempt to get parsing info during refresh. "On-the-fly" syntax checking information may be incorrect. [C:\Users\fallo\Desktop\CECS 440\Lab 5\Lab5\Lab5.srcs\sources_1\new\aluout.v:]
WARNING: [filemgmt 56-199] Attempt to get parsing info during refresh. "On-the-fly" syntax checking information may be incorrect. [C:\Users\fallo\Desktop\CECS 440\Lab 5\Lab5\Lab5.srcs\sources_1\new\design.v:]
WARNING: [filemgmt 56-199] Attempt to get parsing info during refresh. "On-the-fly" syntax checking information may be incorrect. [C:\Users\fallo\Desktop\CECS 440\Lab 5\Lab5\Lab5.srcs\sources_1\new\alu.v:]
WARNING: [filemgmt 56-199] Attempt to get parsing info during refresh. "On-the-fly" syntax checking information may be incorrect. [C:\Users\fallo\Desktop\CECS 440\Lab 5\Lab5\Lab5.srcs\sources_1\new\alu.v:]
update_compile_order -fileset sources_1
WARNING: [filemgmt 56-199] Attempt to get parsing info during refresh. "On-the-fly" syntax checking information may be incorrect. [C:\Users\fallo\Desktop\CECS 440\Lab 5\Lab5\Lab5.srcs\sim_1\new\testbench_skeleton-lab5.v:]
WARNING: [filemgmt 56-199] Attempt to get parsing info during refresh. "On-the-fly" syntax checking information may be incorrect. [C:\Users\fallo\Desktop\CECS 440\Lab 5\Lab5\Lab5.srcs\sources_1\new\regfile.v:]
WARNING: [filemgmt 56-199] Attempt to get parsing info during refresh. "On-the-fly" syntax checking information may be incorrect. [C:\Users\fallo\Desktop\CECS 440\Lab 5\Lab5\Lab5.srcs\sources_1\new\alu.v:]
WARNING: [filemgmt 56-199] Attempt to get parsing info during refresh. "On-the-fly" syntax checking information may be incorrect. [C:\Users\fallo\Desktop\CECS 440\Lab 5\Lab5\Lab5.srcs\sources_1\new\aluout.v:]
WARNING: [filemgmt 56-199] Attempt to get parsing info during refresh. "On-the-fly" syntax checking information may be incorrect. [C:\Users\fallo\Desktop\CECS 440\Lab 5\Lab5\Lab5.srcs\sources_1\new\design.v:]
WARNING: [filemgmt 56-199] Attempt to get parsing info during refresh. "On-the-fly" syntax checking information may be incorrect. [C:\Users\fallo\Desktop\CECS 440\Lab 5\Lab5\Lab5.srcs\sim_1\new\testbench_skeleton-lab5.v:]
WARNING: [filemgmt 56-199] Attempt to get parsing info during refresh. "On-the-fly" syntax checking information may be incorrect. [C:\Users\fallo\Desktop\CECS 440\Lab 5\Lab5\Lab5.srcs\sim_1\new\testbench_skeleton-lab5.v:]
WARNING: [filemgmt 56-199] Attempt to get parsing info during refresh. "On-the-fly" syntax checking information may be incorrect. [C:\Users\fallo\Desktop\CECS 440\Lab 5\Lab5\Lab5.srcs\sim_1\new\testbench_skeleton-lab5.v:]
WARNING: [filemgmt 56-199] Attempt to get parsing info during refresh. "On-the-fly" syntax checking information may be incorrect. [C:\Users\fallo\Desktop\CECS 440\Lab 5\Lab5\Lab5.srcs\sources_1\new\regfile.v:]
WARNING: [filemgmt 56-199] Attempt to get parsing info during refresh. "On-the-fly" syntax checking information may be incorrect. [C:\Users\fallo\Desktop\CECS 440\Lab 5\Lab5\Lab5.srcs\sources_1\new\alu.v:]
WARNING: [filemgmt 56-199] Attempt to get parsing info during refresh. "On-the-fly" syntax checking information may be incorrect. [C:\Users\fallo\Desktop\CECS 440\Lab 5\Lab5\Lab5.srcs\sources_1\new\aluout.v:]
WARNING: [filemgmt 56-199] Attempt to get parsing info during refresh. "On-the-fly" syntax checking information may be incorrect. [C:\Users\fallo\Desktop\CECS 440\Lab 5\Lab5\Lab5.srcs\sources_1\new\design.v:]
WARNING: [filemgmt 56-199] Attempt to get parsing info during refresh. "On-the-fly" syntax checking information may be incorrect. [C:\Users\fallo\Desktop\CECS 440\Lab 5\Lab5\Lab5.srcs\sources_1\new\design.v:]
WARNING: [filemgmt 56-199] Attempt to get parsing info during refresh. "On-the-fly" syntax checking information may be incorrect. [C:\Users\fallo\Desktop\CECS 440\Lab 5\Lab5\Lab5.srcs\sources_1\new\design.v:]
ERROR: [Common 17-180] Spawn failed: No error
WARNING: [filemgmt 56-199] Attempt to get parsing info during refresh. "On-the-fly" syntax checking information may be incorrect. [C:\Users\fallo\Desktop\CECS 440\Lab 5\Lab5\Lab5.srcs\sim_1\new\testbench_skeleton-lab5.v:]
WARNING: [filemgmt 56-199] Attempt to get parsing info during refresh. "On-the-fly" syntax checking information may be incorrect. [C:\Users\fallo\Desktop\CECS 440\Lab 5\Lab5\Lab5.srcs\sources_1\new\regfile.v:]
WARNING: [filemgmt 56-199] Attempt to get parsing info during refresh. "On-the-fly" syntax checking information may be incorrect. [C:\Users\fallo\Desktop\CECS 440\Lab 5\Lab5\Lab5.srcs\sources_1\new\alu.v:]
WARNING: [filemgmt 56-199] Attempt to get parsing info during refresh. "On-the-fly" syntax checking information may be incorrect. [C:\Users\fallo\Desktop\CECS 440\Lab 5\Lab5\Lab5.srcs\sources_1\new\aluout.v:]
WARNING: [filemgmt 56-199] Attempt to get parsing info during refresh. "On-the-fly" syntax checking information may be incorrect. [C:\Users\fallo\Desktop\CECS 440\Lab 5\Lab5\Lab5.srcs\sources_1\new\design.v:]
WARNING: [filemgmt 56-199] Attempt to get parsing info during refresh. "On-the-fly" syntax checking information may be incorrect. [C:\Users\fallo\Desktop\CECS 440\Lab 5\Lab5\Lab5.srcs\sources_1\new\regfile.v:]
WARNING: [filemgmt 56-199] Attempt to get parsing info during refresh. "On-the-fly" syntax checking information may be incorrect. [C:\Users\fallo\Desktop\CECS 440\Lab 5\Lab5\Lab5.srcs\sources_1\new\regfile.v:]
WARNING: [filemgmt 56-199] Attempt to get parsing info during refresh. "On-the-fly" syntax checking information may be incorrect. [C:\Users\fallo\Desktop\CECS 440\Lab 5\Lab5\Lab5.srcs\sim_1\new\testbench_skeleton-lab5.v:]
WARNING: [filemgmt 56-199] Attempt to get parsing info during refresh. "On-the-fly" syntax checking information may be incorrect. [C:\Users\fallo\Desktop\CECS 440\Lab 5\Lab5\Lab5.srcs\sources_1\new\regfile.v:]
WARNING: [filemgmt 56-199] Attempt to get parsing info during refresh. "On-the-fly" syntax checking information may be incorrect. [C:\Users\fallo\Desktop\CECS 440\Lab 5\Lab5\Lab5.srcs\sources_1\new\alu.v:]
WARNING: [filemgmt 56-199] Attempt to get parsing info during refresh. "On-the-fly" syntax checking information may be incorrect. [C:\Users\fallo\Desktop\CECS 440\Lab 5\Lab5\Lab5.srcs\sources_1\new\aluout.v:]
WARNING: [filemgmt 56-199] Attempt to get parsing info during refresh. "On-the-fly" syntax checking information may be incorrect. [C:\Users\fallo\Desktop\CECS 440\Lab 5\Lab5\Lab5.srcs\sources_1\new\design.v:]
WARNING: [filemgmt 56-199] Attempt to get parsing info during refresh. "On-the-fly" syntax checking information may be incorrect. [C:\Users\fallo\Desktop\CECS 440\Lab 5\Lab5\Lab5.srcs\sources_1\new\alu.v:]
WARNING: [filemgmt 56-199] Attempt to get parsing info during refresh. "On-the-fly" syntax checking information may be incorrect. [C:\Users\fallo\Desktop\CECS 440\Lab 5\Lab5\Lab5.srcs\sources_1\new\alu.v:]
close_sim
ERROR: [Common 17-180] Spawn failed: No error
INFO: [Simtcl 6-16] Simulation closed
ERROR: [Common 17-39] 'close_sim' failed due to earlier errors.
launch_simulation
Command: launch_simulation 
INFO: [Vivado 12-12493] Simulation top is 'datapathTester'
WARNING: [Vivado 12-13340] Unable to auto find GCC executables from simulator install path! (path not set)
INFO: [Vivado 12-5682] Launching behavioral simulation in 'C:/Users/fallo/Desktop/CECS 440/Lab 5/Lab5/Lab5.sim/sim_1/behav/xsim'
INFO: [SIM-utils-51] Simulation object is 'sim_1'
INFO: [SIM-utils-72] Using boost library from 'E:/Vivado/2024.2/tps/boost_1_72_0'
INFO: [SIM-utils-54] Inspecting design source files for 'datapathTester' in fileset 'sim_1'...
INFO: [USF-XSim-97] Finding global include files...
INFO: [USF-XSim-98] Fetching design files from 'sim_1'...
INFO: [USF-XSim-2] XSim::Compile design
INFO: [USF-XSim-61] Executing 'COMPILE and ANALYZE' step in 'C:/Users/fallo/Desktop/CECS 440/Lab 5/Lab5/Lab5.sim/sim_1/behav/xsim'
"xvlog --incr --relax -prj datapathTester_vlog.prj"
INFO: [VRFC 10-2263] Analyzing Verilog file "C:/Users/fallo/Desktop/CECS 440/Lab 5/Lab5/Lab5.srcs/sources_1/new/alu.v" into library xil_defaultlib
INFO: [VRFC 10-311] analyzing module alu
INFO: [VRFC 10-2263] Analyzing Verilog file "C:/Users/fallo/Desktop/CECS 440/Lab 5/Lab5/Lab5.srcs/sources_1/new/aluout.v" into library xil_defaultlib
INFO: [VRFC 10-311] analyzing module aluout
INFO: [VRFC 10-2263] Analyzing Verilog file "C:/Users/fallo/Desktop/CECS 440/Lab 5/Lab5/Lab5.srcs/sources_1/new/design.v" into library xil_defaultlib
INFO: [VRFC 10-311] analyzing module regfile
INFO: [VRFC 10-311] analyzing module aluout
WARNING: [VRFC 10-3609] overwriting previous definition of module 'aluout' [C:/Users/fallo/Desktop/CECS 440/Lab 5/Lab5/Lab5.srcs/sources_1/new/aluout.v:4]
INFO: [VRFC 10-311] analyzing module alu
WARNING: [VRFC 10-3609] overwriting previous definition of module 'alu' [C:/Users/fallo/Desktop/CECS 440/Lab 5/Lab5/Lab5.srcs/sources_1/new/alu.v:8]
INFO: [VRFC 10-311] analyzing module simple_datapath
INFO: [VRFC 10-2263] Analyzing Verilog file "C:/Users/fallo/Desktop/CECS 440/Lab 5/Lab5/Lab5.srcs/sources_1/new/regfile.v" into library xil_defaultlib
INFO: [VRFC 10-311] analyzing module regfile
WARNING: [VRFC 10-3609] overwriting previous definition of module 'regfile' [C:/Users/fallo/Desktop/CECS 440/Lab 5/Lab5/Lab5.srcs/sources_1/new/regfile.v:5]
INFO: [VRFC 10-2263] Analyzing Verilog file "C:/Users/fallo/Desktop/CECS 440/Lab 5/Lab5/Lab5.srcs/sim_1/new/testbench_skeleton-lab5.v" into library xil_defaultlib
INFO: [VRFC 10-311] analyzing module datapathTester
INFO: [USF-XSim-69] 'compile' step finished in '2' seconds
INFO: [USF-XSim-3] XSim::Elaborate design
INFO: [USF-XSim-61] Executing 'ELABORATE' step in 'C:/Users/fallo/Desktop/CECS 440/Lab 5/Lab5/Lab5.sim/sim_1/behav/xsim'
"xelab --incr --debug typical --relax --mt 2 -L xil_defaultlib -L unisims_ver -L unimacro_ver -L secureip --snapshot datapathTester_behav xil_defaultlib.datapathTester xil_defaultlib.glbl -log elaborate.log"
Vivado Simulator v2024.2.0
Copyright 1986-2022 Xilinx, Inc. All Rights Reserved.
Copyright 2022-2024 Advanced Micro Devices, Inc. All Rights Reserved.
Running: E:/Vivado/2024.2/bin/unwrapped/win64.o/xelab.exe --incr --debug typical --relax --mt 2 -L xil_defaultlib -L unisims_ver -L unimacro_ver -L secureip --snapshot datapathTester_behav xil_defaultlib.datapathTester xil_defaultlib.glbl -log elaborate.log 
Using 2 slave threads.
Starting static elaboration
Pass Through NonSizing Optimizer
WARNING: [VRFC 10-5021] port 'op_code' is not connected on this instance [C:/Users/fallo/Desktop/CECS 440/Lab 5/Lab5/Lab5.srcs/sim_1/new/testbench_skeleton-lab5.v:14]
Completed static elaboration
Starting simulation data flow analysis
Completed simulation data flow analysis
Time Resolution for simulation is 1ps
Compiling module xil_defaultlib.regfile(width=32)
Compiling module xil_defaultlib.alu(width=32)
Compiling module xil_defaultlib.aluout(width=32)
Compiling module xil_defaultlib.simple_datapath
Compiling module xil_defaultlib.datapathTester
Compiling module xil_defaultlib.glbl
Built simulation snapshot datapathTester_behav
INFO: [USF-XSim-69] 'elaborate' step finished in '2' seconds
INFO: [USF-XSim-4] XSim::Simulate design
INFO: [USF-XSim-61] Executing 'SIMULATE' step in 'C:/Users/fallo/Desktop/CECS 440/Lab 5/Lab5/Lab5.sim/sim_1/behav/xsim'
INFO: [USF-XSim-98] *** Running xsim
   with args "datapathTester_behav -key {Behavioral:sim_1:Functional:datapathTester} -tclbatch {datapathTester.tcl} -log {simulate.log}"
INFO: [USF-XSim-8] Loading simulator feature
Time resolution is 1 ps
source datapathTester.tcl
# set curr_wave [current_wave_config]
# if { [string length $curr_wave] == 0 } {
#   if { [llength [get_objects]] > 0} {
#     add_wave /
#     set_property needs_save false [current_wave_config]
#   } else {
#      send_msg_id Add_Wave-1 WARNING "No top level signals found. Simulator will start without a wave window. If you want to open a wave window go to 'File->New Waveform Configuration' or type 'create_wave_config' in the TCL console."
#   }
# }
# run 1000ns
Registers Initialized!
	Register	Content
          0	0x00000000
          1	0xffff0000
          2	0x0a0a0a0a
          3	0x000001f4
          4	0x000003e8
          5	0x00000005
          6	0x00000006
          7	0x00000007
          8	0x00000008
          9	0x00000009
         10	0x0000000a
         11	0x0000000b
         12	0x0000000c
         13	0x0000000d
         14	0x0000000e
         15	0x0000000f
         16	0x00000010
         17	0x00000011
         18	0x00000012
         19	0x00000013
         20	0x00000014
         21	0x00000015
         22	0x00000016
         23	0x00000017
         24	0x00000018
         25	0x00000019
         26	0x0000001a
         27	0x0000001b
         28	0x0000001c
         29	0x0000001d
         30	0x0000001e
         31	0x0000001f

Checking test case
srca =          x, srcb =          x
add $ALUout, $11, $ 4 performed
sum =          z
Test Failed!!!

Checking test case
srca =          x, srcb =          x
increment $ALUout, $11 performed
d_out =          z
Test Failed!!!

Checking test case
srca = xxxxxxxx, srcb = xxxxxxxx
and $ALUout, $ 1, $10 performed
d_out = zzzzzzzz
Test Failed!!!

Checking test case
srca = xxxxxxxx, srcb = xxxxxxxx
or $ALUout, $ 1, $10 performed
d_out = zzzzzzzz
Test Failed!!!

Checking test case
srca = xxxxxxxx, srcb = xxxxxxxx
xor $ALUout, $10, $ 1 performed
d_out = zzzzzzzz
Test Failed!!!

Checking test case
srca = xxxxxxxx, srcb = xxxxxxxx
not $ALUout, $10 performed
d_out = zzzzzzzz
Test Failed!!!

Checking test case
srca =          x, srcb =          x
sll $ALUout, $ 4, performed
d_out =          z
Test Failed!!!

Checking test case
srca = xxxxxxxx, srcb = xxxxxxxx
nop operation performed
d_out = zzzzzzzz
Test Failed!!!
$finish called at time : 146 ns : File "C:/Users/fallo/Desktop/CECS 440/Lab 5/Lab5/Lab5.srcs/sim_1/new/testbench_skeleton-lab5.v" Line 105
INFO: [USF-XSim-96] XSim completed. Design snapshot 'datapathTester_behav' loaded.
INFO: [USF-XSim-97] XSim simulation ran for 1000ns
run all
run: Time (s): cpu = 00:00:07 ; elapsed = 00:00:07 . Memory (MB): peak = 1775.148 ; gain = 0.000
relaunch_sim
Command: launch_simulation -step compile -simset sim_1 -mode behavioral
INFO: [Vivado 12-12493] Simulation top is 'datapathTester'
WARNING: [Vivado 12-13340] Unable to auto find GCC executables from simulator install path! (path not set)
INFO: [Vivado 12-5682] Launching behavioral simulation in 'C:/Users/fallo/Desktop/CECS 440/Lab 5/Lab5/Lab5.sim/sim_1/behav/xsim'
INFO: [SIM-utils-51] Simulation object is 'sim_1'
INFO: [SIM-utils-72] Using boost library from 'E:/Vivado/2024.2/tps/boost_1_72_0'
INFO: [SIM-utils-54] Inspecting design source files for 'datapathTester' in fileset 'sim_1'...
INFO: [USF-XSim-97] Finding global include files...
INFO: [USF-XSim-98] Fetching design files from 'sim_1'...
INFO: [USF-XSim-2] XSim::Compile design
INFO: [USF-XSim-61] Executing 'COMPILE and ANALYZE' step in 'C:/Users/fallo/Desktop/CECS 440/Lab 5/Lab5/Lab5.sim/sim_1/behav/xsim'
"xvlog --incr --relax -prj datapathTester_vlog.prj"
INFO: [VRFC 10-2263] Analyzing Verilog file "C:/Users/fallo/Desktop/CECS 440/Lab 5/Lab5/Lab5.srcs/sources_1/new/alu.v" into library xil_defaultlib
INFO: [VRFC 10-311] analyzing module alu
INFO: [VRFC 10-2263] Analyzing Verilog file "C:/Users/fallo/Desktop/CECS 440/Lab 5/Lab5/Lab5.srcs/sources_1/new/aluout.v" into library xil_defaultlib
INFO: [VRFC 10-311] analyzing module aluout
INFO: [VRFC 10-2263] Analyzing Verilog file "C:/Users/fallo/Desktop/CECS 440/Lab 5/Lab5/Lab5.srcs/sources_1/new/design.v" into library xil_defaultlib
INFO: [VRFC 10-311] analyzing module regfile
INFO: [VRFC 10-311] analyzing module aluout
WARNING: [VRFC 10-3609] overwriting previous definition of module 'aluout' [C:/Users/fallo/Desktop/CECS 440/Lab 5/Lab5/Lab5.srcs/sources_1/new/aluout.v:4]
INFO: [VRFC 10-311] analyzing module alu
WARNING: [VRFC 10-3609] overwriting previous definition of module 'alu' [C:/Users/fallo/Desktop/CECS 440/Lab 5/Lab5/Lab5.srcs/sources_1/new/alu.v:8]
INFO: [VRFC 10-311] analyzing module simple_datapath
INFO: [VRFC 10-2263] Analyzing Verilog file "C:/Users/fallo/Desktop/CECS 440/Lab 5/Lab5/Lab5.srcs/sources_1/new/regfile.v" into library xil_defaultlib
INFO: [VRFC 10-311] analyzing module regfile
WARNING: [VRFC 10-3609] overwriting previous definition of module 'regfile' [C:/Users/fallo/Desktop/CECS 440/Lab 5/Lab5/Lab5.srcs/sources_1/new/regfile.v:5]
INFO: [VRFC 10-2263] Analyzing Verilog file "C:/Users/fallo/Desktop/CECS 440/Lab 5/Lab5/Lab5.srcs/sim_1/new/testbench_skeleton-lab5.v" into library xil_defaultlib
INFO: [VRFC 10-311] analyzing module datapathTester
INFO: [USF-XSim-69] 'compile' step finished in '1' seconds
Command: launch_simulation -step elaborate -simset sim_1 -mode behavioral
INFO: [Vivado 12-12493] Simulation top is 'datapathTester'
WARNING: [Vivado 12-13340] Unable to auto find GCC executables from simulator install path! (path not set)
INFO: [Vivado 12-5682] Launching behavioral simulation in 'C:/Users/fallo/Desktop/CECS 440/Lab 5/Lab5/Lab5.sim/sim_1/behav/xsim'
INFO: [SIM-utils-51] Simulation object is 'sim_1'
INFO: [USF-XSim-3] XSim::Elaborate design
INFO: [USF-XSim-61] Executing 'ELABORATE' step in 'C:/Users/fallo/Desktop/CECS 440/Lab 5/Lab5/Lab5.sim/sim_1/behav/xsim'
"xelab --incr --debug typical --relax --mt 2 -L xil_defaultlib -L unisims_ver -L unimacro_ver -L secureip --snapshot datapathTester_behav xil_defaultlib.datapathTester xil_defaultlib.glbl -log elaborate.log"
Vivado Simulator v2024.2.0
Copyright 1986-2022 Xilinx, Inc. All Rights Reserved.
Copyright 2022-2024 Advanced Micro Devices, Inc. All Rights Reserved.
Running: E:/Vivado/2024.2/bin/unwrapped/win64.o/xelab.exe --incr --debug typical --relax --mt 2 -L xil_defaultlib -L unisims_ver -L unimacro_ver -L secureip --snapshot datapathTester_behav xil_defaultlib.datapathTester xil_defaultlib.glbl -log elaborate.log 
Using 2 slave threads.
Starting static elaboration
Pass Through NonSizing Optimizer
WARNING: [VRFC 10-5021] port 'op_code' is not connected on this instance [C:/Users/fallo/Desktop/CECS 440/Lab 5/Lab5/Lab5.srcs/sim_1/new/testbench_skeleton-lab5.v:14]
Completed static elaboration
Starting simulation data flow analysis
Completed simulation data flow analysis
Time Resolution for simulation is 1ps
Compiling module xil_defaultlib.regfile(width=32)
Compiling module xil_defaultlib.alu(width=32)
Compiling module xil_defaultlib.aluout(width=32)
Compiling module xil_defaultlib.simple_datapath
Compiling module xil_defaultlib.datapathTester
Compiling module xil_defaultlib.glbl
Built simulation snapshot datapathTester_behav
INFO: [USF-XSim-69] 'elaborate' step finished in '2' seconds
Time resolution is 1 ps
Registers Initialized!
	Register	Content
          0	0x00000000
          1	0xffff0000
          2	0x0a0a0a0a
          3	0x000001f4
          4	0x000003e8
          5	0x00000005
          6	0x00000006
          7	0x00000007
          8	0x00000008
          9	0x00000009
         10	0x0000000a
         11	0x0000000b
         12	0x0000000c
         13	0x0000000d
         14	0x0000000e
         15	0x0000000f
         16	0x00000010
         17	0x00000011
         18	0x00000012
         19	0x00000013
         20	0x00000014
         21	0x00000015
         22	0x00000016
         23	0x00000017
         24	0x00000018
         25	0x00000019
         26	0x0000001a
         27	0x0000001b
         28	0x0000001c
         29	0x0000001d
         30	0x0000001e
         31	0x0000001f

Checking test case
srca =          x, srcb =          x
add $ALUout, $11, $ 4 performed
sum =          z
Test Failed!!!

Checking test case
srca =          x, srcb =          x
increment $ALUout, $11 performed
d_out =          z
Test Failed!!!

Checking test case
srca = xxxxxxxx, srcb = xxxxxxxx
and $ALUout, $ 1, $10 performed
d_out = zzzzzzzz
Test Failed!!!

Checking test case
srca = xxxxxxxx, srcb = xxxxxxxx
or $ALUout, $ 1, $10 performed
d_out = zzzzzzzz
Test Failed!!!

Checking test case
srca = xxxxxxxx, srcb = xxxxxxxx
xor $ALUout, $10, $ 1 performed
d_out = zzzzzzzz
Test Failed!!!

Checking test case
srca = xxxxxxxx, srcb = xxxxxxxx
not $ALUout, $10 performed
d_out = zzzzzzzz
Test Failed!!!

Checking test case
srca =          x, srcb =          x
sll $ALUout, $ 4, performed
d_out =          z
Test Failed!!!

Checking test case
srca = xxxxxxxx, srcb = xxxxxxxx
nop operation performed
d_out = zzzzzzzz
Test Failed!!!
$finish called at time : 146 ns : File "C:/Users/fallo/Desktop/CECS 440/Lab 5/Lab5/Lab5.srcs/sim_1/new/testbench_skeleton-lab5.v" Line 105
export_ip_user_files -of_objects  [get_files {{C:/Users/fallo/Desktop/CECS 440/Lab 5/Lab5/Lab5.srcs/sources_1/new/design.v}}] -no_script -reset -force -quiet
remove_files  {{C:/Users/fallo/Desktop/CECS 440/Lab 5/Lab5/Lab5.srcs/sources_1/new/design.v}}
WARNING: [filemgmt 56-199] Attempt to get parsing info during refresh. "On-the-fly" syntax checking information may be incorrect. [C:\Users\fallo\Desktop\CECS 440\Lab 5\Lab5\Lab5.srcs\sim_1\new\testbench_skeleton-lab5.v:]
WARNING: [filemgmt 56-199] Attempt to get parsing info during refresh. "On-the-fly" syntax checking information may be incorrect. [C:\Users\fallo\Desktop\CECS 440\Lab 5\Lab5\Lab5.srcs\sources_1\new\regfile.v:]
WARNING: [filemgmt 56-199] Attempt to get parsing info during refresh. "On-the-fly" syntax checking information may be incorrect. [C:\Users\fallo\Desktop\CECS 440\Lab 5\Lab5\Lab5.srcs\sources_1\new\alu.v:]
WARNING: [filemgmt 56-199] Attempt to get parsing info during refresh. "On-the-fly" syntax checking information may be incorrect. [C:\Users\fallo\Desktop\CECS 440\Lab 5\Lab5\Lab5.srcs\sources_1\new\aluout.v:]
WARNING: [filemgmt 56-199] Attempt to get parsing info during refresh. "On-the-fly" syntax checking information may be incorrect. [C:\Users\fallo\Desktop\CECS 440\Lab 5\Lab5\Lab5.srcs\sources_1\new\design.v:]
WARNING: [filemgmt 56-199] Attempt to get parsing info during refresh. "On-the-fly" syntax checking information may be incorrect. [C:\Users\fallo\Desktop\CECS 440\Lab 5\Lab5\Lab5.srcs\sources_1\new\aluout.v:]
WARNING: [filemgmt 56-199] Attempt to get parsing info during refresh. "On-the-fly" syntax checking information may be incorrect. [C:\Users\fallo\Desktop\CECS 440\Lab 5\Lab5\Lab5.srcs\sources_1\new\aluout.v:]
WARNING: [filemgmt 56-199] Attempt to get parsing info during refresh. "On-the-fly" syntax checking information may be incorrect. [C:\Users\fallo\Desktop\CECS 440\Lab 5\Lab5\Lab5.srcs\sim_1\new\testbench_skeleton-lab5.v:]
WARNING: [filemgmt 56-199] Attempt to get parsing info during refresh. "On-the-fly" syntax checking information may be incorrect. [C:\Users\fallo\Desktop\CECS 440\Lab 5\Lab5\Lab5.srcs\sources_1\new\regfile.v:]
WARNING: [filemgmt 56-199] Attempt to get parsing info during refresh. "On-the-fly" syntax checking information may be incorrect. [C:\Users\fallo\Desktop\CECS 440\Lab 5\Lab5\Lab5.srcs\sources_1\new\alu.v:]
WARNING: [filemgmt 56-199] Attempt to get parsing info during refresh. "On-the-fly" syntax checking information may be incorrect. [C:\Users\fallo\Desktop\CECS 440\Lab 5\Lab5\Lab5.srcs\sources_1\new\aluout.v:]
WARNING: [filemgmt 56-199] Attempt to get parsing info during refresh. "On-the-fly" syntax checking information may be incorrect. [C:\Users\fallo\Desktop\CECS 440\Lab 5\Lab5\Lab5.srcs\sources_1\new\design.v:]
WARNING: [filemgmt 56-199] Attempt to get parsing info during refresh. "On-the-fly" syntax checking information may be incorrect. [C:\Users\fallo\Desktop\CECS 440\Lab 5\Lab5\Lab5.srcs\sources_1\new\alu.v:]
WARNING: [filemgmt 56-199] Attempt to get parsing info during refresh. "On-the-fly" syntax checking information may be incorrect. [C:\Users\fallo\Desktop\CECS 440\Lab 5\Lab5\Lab5.srcs\sources_1\new\alu.v:]
WARNING: [filemgmt 56-199] Attempt to get parsing info during refresh. "On-the-fly" syntax checking information may be incorrect. [C:\Users\fallo\Desktop\CECS 440\Lab 5\Lab5\Lab5.srcs\sim_1\new\testbench_skeleton-lab5.v:]
WARNING: [filemgmt 56-199] Attempt to get parsing info during refresh. "On-the-fly" syntax checking information may be incorrect. [C:\Users\fallo\Desktop\CECS 440\Lab 5\Lab5\Lab5.srcs\sources_1\new\regfile.v:]
WARNING: [filemgmt 56-199] Attempt to get parsing info during refresh. "On-the-fly" syntax checking information may be incorrect. [C:\Users\fallo\Desktop\CECS 440\Lab 5\Lab5\Lab5.srcs\sources_1\new\alu.v:]
WARNING: [filemgmt 56-199] Attempt to get parsing info during refresh. "On-the-fly" syntax checking information may be incorrect. [C:\Users\fallo\Desktop\CECS 440\Lab 5\Lab5\Lab5.srcs\sources_1\new\aluout.v:]
WARNING: [filemgmt 56-199] Attempt to get parsing info during refresh. "On-the-fly" syntax checking information may be incorrect. [C:\Users\fallo\Desktop\CECS 440\Lab 5\Lab5\Lab5.srcs\sources_1\new\design.v:]
WARNING: [filemgmt 56-199] Attempt to get parsing info during refresh. "On-the-fly" syntax checking information may be incorrect. [C:\Users\fallo\Desktop\CECS 440\Lab 5\Lab5\Lab5.srcs\sources_1\new\alu.v:]
WARNING: [filemgmt 56-199] Attempt to get parsing info during refresh. "On-the-fly" syntax checking information may be incorrect. [C:\Users\fallo\Desktop\CECS 440\Lab 5\Lab5\Lab5.srcs\sources_1\new\alu.v:]
WARNING: [filemgmt 56-199] Attempt to get parsing info during refresh. "On-the-fly" syntax checking information may be incorrect. [C:\Users\fallo\Desktop\CECS 440\Lab 5\Lab5\Lab5.srcs\sim_1\new\testbench_skeleton-lab5.v:]
WARNING: [filemgmt 56-199] Attempt to get parsing info during refresh. "On-the-fly" syntax checking information may be incorrect. [C:\Users\fallo\Desktop\CECS 440\Lab 5\Lab5\Lab5.srcs\sources_1\new\regfile.v:]
WARNING: [filemgmt 56-199] Attempt to get parsing info during refresh. "On-the-fly" syntax checking information may be incorrect. [C:\Users\fallo\Desktop\CECS 440\Lab 5\Lab5\Lab5.srcs\sources_1\new\alu.v:]
WARNING: [filemgmt 56-199] Attempt to get parsing info during refresh. "On-the-fly" syntax checking information may be incorrect. [C:\Users\fallo\Desktop\CECS 440\Lab 5\Lab5\Lab5.srcs\sources_1\new\aluout.v:]
WARNING: [filemgmt 56-199] Attempt to get parsing info during refresh. "On-the-fly" syntax checking information may be incorrect. [C:\Users\fallo\Desktop\CECS 440\Lab 5\Lab5\Lab5.srcs\sources_1\new\design.v:]
WARNING: [filemgmt 56-199] Attempt to get parsing info during refresh. "On-the-fly" syntax checking information may be incorrect. [C:\Users\fallo\Desktop\CECS 440\Lab 5\Lab5\Lab5.srcs\sources_1\new\regfile.v:]
WARNING: [filemgmt 56-199] Attempt to get parsing info during refresh. "On-the-fly" syntax checking information may be incorrect. [C:\Users\fallo\Desktop\CECS 440\Lab 5\Lab5\Lab5.srcs\sources_1\new\regfile.v:]
ERROR: [Common 17-180] Spawn failed: No error
WARNING: [filemgmt 56-199] Attempt to get parsing info during refresh. "On-the-fly" syntax checking information may be incorrect. [C:\Users\fallo\Desktop\CECS 440\Lab 5\Lab5\Lab5.srcs\sim_1\new\testbench_skeleton-lab5.v:]
WARNING: [filemgmt 56-199] Attempt to get parsing info during refresh. "On-the-fly" syntax checking information may be incorrect. [C:\Users\fallo\Desktop\CECS 440\Lab 5\Lab5\Lab5.srcs\sources_1\new\regfile.v:]
WARNING: [filemgmt 56-199] Attempt to get parsing info during refresh. "On-the-fly" syntax checking information may be incorrect. [C:\Users\fallo\Desktop\CECS 440\Lab 5\Lab5\Lab5.srcs\sources_1\new\alu.v:]
WARNING: [filemgmt 56-199] Attempt to get parsing info during refresh. "On-the-fly" syntax checking information may be incorrect. [C:\Users\fallo\Desktop\CECS 440\Lab 5\Lab5\Lab5.srcs\sources_1\new\aluout.v:]
WARNING: [filemgmt 56-199] Attempt to get parsing info during refresh. "On-the-fly" syntax checking information may be incorrect. [C:\Users\fallo\Desktop\CECS 440\Lab 5\Lab5\Lab5.srcs\sources_1\new\design.v:]
WARNING: [filemgmt 56-199] Attempt to get parsing info during refresh. "On-the-fly" syntax checking information may be incorrect. [C:\Users\fallo\Desktop\CECS 440\Lab 5\Lab5\Lab5.srcs\sim_1\new\testbench_skeleton-lab5.v:]
WARNING: [filemgmt 56-199] Attempt to get parsing info during refresh. "On-the-fly" syntax checking information may be incorrect. [C:\Users\fallo\Desktop\CECS 440\Lab 5\Lab5\Lab5.srcs\sim_1\new\testbench_skeleton-lab5.v:]
ERROR: [Common 17-180] Spawn failed: No error
update_compile_order -fileset sources_1
WARNING: [filemgmt 56-199] Attempt to get parsing info during refresh. "On-the-fly" syntax checking information may be incorrect. [C:\Users\fallo\Desktop\CECS 440\Lab 5\Lab5\Lab5.srcs\sim_1\new\testbench_skeleton-lab5.v:]
WARNING: [filemgmt 56-199] Attempt to get parsing info during refresh. "On-the-fly" syntax checking information may be incorrect. [C:\Users\fallo\Desktop\CECS 440\Lab 5\Lab5\Lab5.srcs\sources_1\new\regfile.v:]
WARNING: [filemgmt 56-199] Attempt to get parsing info during refresh. "On-the-fly" syntax checking information may be incorrect. [C:\Users\fallo\Desktop\CECS 440\Lab 5\Lab5\Lab5.srcs\sources_1\new\alu.v:]
WARNING: [filemgmt 56-199] Attempt to get parsing info during refresh. "On-the-fly" syntax checking information may be incorrect. [C:\Users\fallo\Desktop\CECS 440\Lab 5\Lab5\Lab5.srcs\sources_1\new\aluout.v:]
WARNING: [filemgmt 56-199] Attempt to get parsing info during refresh. "On-the-fly" syntax checking information may be incorrect. [C:\Users\fallo\Desktop\CECS 440\Lab 5\Lab5\Lab5.srcs\sources_1\new\design.v:]
WARNING: [filemgmt 56-199] Attempt to get parsing info during refresh. "On-the-fly" syntax checking information may be incorrect. [C:\Users\fallo\Desktop\CECS 440\Lab 5\Lab5\Lab5.srcs\sources_1\new\alu.v:]
WARNING: [filemgmt 56-199] Attempt to get parsing info during refresh. "On-the-fly" syntax checking information may be incorrect. [C:\Users\fallo\Desktop\CECS 440\Lab 5\Lab5\Lab5.srcs\sources_1\new\alu.v:]
WARNING: [filemgmt 56-199] Attempt to get parsing info during refresh. "On-the-fly" syntax checking information may be incorrect. [C:\Users\fallo\Desktop\CECS 440\Lab 5\Lab5\Lab5.srcs\sim_1\new\testbench_skeleton-lab5.v:]
WARNING: [filemgmt 56-199] Attempt to get parsing info during refresh. "On-the-fly" syntax checking information may be incorrect. [C:\Users\fallo\Desktop\CECS 440\Lab 5\Lab5\Lab5.srcs\sources_1\new\regfile.v:]
WARNING: [filemgmt 56-199] Attempt to get parsing info during refresh. "On-the-fly" syntax checking information may be incorrect. [C:\Users\fallo\Desktop\CECS 440\Lab 5\Lab5\Lab5.srcs\sources_1\new\alu.v:]
WARNING: [filemgmt 56-199] Attempt to get parsing info during refresh. "On-the-fly" syntax checking information may be incorrect. [C:\Users\fallo\Desktop\CECS 440\Lab 5\Lab5\Lab5.srcs\sources_1\new\aluout.v:]
WARNING: [filemgmt 56-199] Attempt to get parsing info during refresh. "On-the-fly" syntax checking information may be incorrect. [C:\Users\fallo\Desktop\CECS 440\Lab 5\Lab5\Lab5.srcs\sources_1\new\design.v:]
WARNING: [filemgmt 56-199] Attempt to get parsing info during refresh. "On-the-fly" syntax checking information may be incorrect. [C:\Users\fallo\Desktop\CECS 440\Lab 5\Lab5\Lab5.srcs\sources_1\new\regfile.v:]
WARNING: [filemgmt 56-199] Attempt to get parsing info during refresh. "On-the-fly" syntax checking information may be incorrect. [C:\Users\fallo\Desktop\CECS 440\Lab 5\Lab5\Lab5.srcs\sources_1\new\regfile.v:]
ERROR: [Common 17-180] Spawn failed: No error
WARNING: [filemgmt 56-199] Attempt to get parsing info during refresh. "On-the-fly" syntax checking information may be incorrect. [C:\Users\fallo\Desktop\CECS 440\Lab 5\Lab5\Lab5.srcs\sim_1\new\testbench_skeleton-lab5.v:]
WARNING: [filemgmt 56-199] Attempt to get parsing info during refresh. "On-the-fly" syntax checking information may be incorrect. [C:\Users\fallo\Desktop\CECS 440\Lab 5\Lab5\Lab5.srcs\sources_1\new\regfile.v:]
WARNING: [filemgmt 56-199] Attempt to get parsing info during refresh. "On-the-fly" syntax checking information may be incorrect. [C:\Users\fallo\Desktop\CECS 440\Lab 5\Lab5\Lab5.srcs\sources_1\new\alu.v:]
WARNING: [filemgmt 56-199] Attempt to get parsing info during refresh. "On-the-fly" syntax checking information may be incorrect. [C:\Users\fallo\Desktop\CECS 440\Lab 5\Lab5\Lab5.srcs\sources_1\new\aluout.v:]
WARNING: [filemgmt 56-199] Attempt to get parsing info during refresh. "On-the-fly" syntax checking information may be incorrect. [C:\Users\fallo\Desktop\CECS 440\Lab 5\Lab5\Lab5.srcs\sources_1\new\design.v:]
WARNING: [filemgmt 56-199] Attempt to get parsing info during refresh. "On-the-fly" syntax checking information may be incorrect. [C:\Users\fallo\Desktop\CECS 440\Lab 5\Lab5\Lab5.srcs\sim_1\new\testbench_skeleton-lab5.v:]
WARNING: [filemgmt 56-199] Attempt to get parsing info during refresh. "On-the-fly" syntax checking information may be incorrect. [C:\Users\fallo\Desktop\CECS 440\Lab 5\Lab5\Lab5.srcs\sim_1\new\testbench_skeleton-lab5.v:]
ERROR: [Common 17-180] Spawn failed: No error
add_files -norecurse {{C:/Users/fallo/Desktop/CECS 440/Lab 5/Lab5/Lab5.srcs/sources_1/new/alu.v}}
WARNING: [filemgmt 56-12] File 'C:/Users/fallo/Desktop/CECS 440/Lab 5/Lab5/Lab5.srcs/sources_1/new/alu.v' cannot be added to the project because it already exists in the project, skipping this file
export_ip_user_files -of_objects  [get_files {{C:/Users/fallo/Desktop/CECS 440/Lab 5/Lab5/Lab5.srcs/sources_1/new/aluout.v}}] -no_script -reset -force -quiet
remove_files  {{C:/Users/fallo/Desktop/CECS 440/Lab 5/Lab5/Lab5.srcs/sources_1/new/aluout.v}}
WARNING: [filemgmt 56-199] Attempt to get parsing info during refresh. "On-the-fly" syntax checking information may be incorrect. [C:\Users\fallo\Desktop\CECS 440\Lab 5\Lab5\Lab5.srcs\sim_1\new\testbench_skeleton-lab5.v:]
WARNING: [filemgmt 56-199] Attempt to get parsing info during refresh. "On-the-fly" syntax checking information may be incorrect. [C:\Users\fallo\Desktop\CECS 440\Lab 5\Lab5\Lab5.srcs\sources_1\new\regfile.v:]
WARNING: [filemgmt 56-199] Attempt to get parsing info during refresh. "On-the-fly" syntax checking information may be incorrect. [C:\Users\fallo\Desktop\CECS 440\Lab 5\Lab5\Lab5.srcs\sources_1\new\alu.v:]
WARNING: [filemgmt 56-199] Attempt to get parsing info during refresh. "On-the-fly" syntax checking information may be incorrect. [C:\Users\fallo\Desktop\CECS 440\Lab 5\Lab5\Lab5.srcs\sources_1\new\aluout.v:]
WARNING: [filemgmt 56-199] Attempt to get parsing info during refresh. "On-the-fly" syntax checking information may be incorrect. [C:\Users\fallo\Desktop\CECS 440\Lab 5\Lab5\Lab5.srcs\sources_1\new\design.v:]
WARNING: [filemgmt 56-199] Attempt to get parsing info during refresh. "On-the-fly" syntax checking information may be incorrect. [C:\Users\fallo\Desktop\CECS 440\Lab 5\Lab5\Lab5.srcs\sources_1\new\alu.v:]
WARNING: [filemgmt 56-199] Attempt to get parsing info during refresh. "On-the-fly" syntax checking information may be incorrect. [C:\Users\fallo\Desktop\CECS 440\Lab 5\Lab5\Lab5.srcs\sources_1\new\alu.v:]
WARNING: [filemgmt 56-199] Attempt to get parsing info during refresh. "On-the-fly" syntax checking information may be incorrect. [C:\Users\fallo\Desktop\CECS 440\Lab 5\Lab5\Lab5.srcs\sim_1\new\testbench_skeleton-lab5.v:]
WARNING: [filemgmt 56-199] Attempt to get parsing info during refresh. "On-the-fly" syntax checking information may be incorrect. [C:\Users\fallo\Desktop\CECS 440\Lab 5\Lab5\Lab5.srcs\sources_1\new\regfile.v:]
WARNING: [filemgmt 56-199] Attempt to get parsing info during refresh. "On-the-fly" syntax checking information may be incorrect. [C:\Users\fallo\Desktop\CECS 440\Lab 5\Lab5\Lab5.srcs\sources_1\new\alu.v:]
WARNING: [filemgmt 56-199] Attempt to get parsing info during refresh. "On-the-fly" syntax checking information may be incorrect. [C:\Users\fallo\Desktop\CECS 440\Lab 5\Lab5\Lab5.srcs\sources_1\new\aluout.v:]
WARNING: [filemgmt 56-199] Attempt to get parsing info during refresh. "On-the-fly" syntax checking information may be incorrect. [C:\Users\fallo\Desktop\CECS 440\Lab 5\Lab5\Lab5.srcs\sources_1\new\design.v:]
WARNING: [filemgmt 56-199] Attempt to get parsing info during refresh. "On-the-fly" syntax checking information may be incorrect. [C:\Users\fallo\Desktop\CECS 440\Lab 5\Lab5\Lab5.srcs\sim_1\new\testbench_skeleton-lab5.v:]
WARNING: [filemgmt 56-199] Attempt to get parsing info during refresh. "On-the-fly" syntax checking information may be incorrect. [C:\Users\fallo\Desktop\CECS 440\Lab 5\Lab5\Lab5.srcs\sim_1\new\testbench_skeleton-lab5.v:]
close [ open {C:/Users/fallo/Desktop/CECS 440/Lab 5/Lab5/Lab5.srcs/sources_1/new/ALUout.v} w ]
add_files {{C:/Users/fallo/Desktop/CECS 440/Lab 5/Lab5/Lab5.srcs/sources_1/new/ALUout.v}}
WARNING: [filemgmt 56-199] Attempt to get parsing info during refresh. "On-the-fly" syntax checking information may be incorrect. [C:\Users\fallo\Desktop\CECS 440\Lab 5\Lab5\Lab5.srcs\sim_1\new\testbench_skeleton-lab5.v:]
WARNING: [filemgmt 56-199] Attempt to get parsing info during refresh. "On-the-fly" syntax checking information may be incorrect. [C:\Users\fallo\Desktop\CECS 440\Lab 5\Lab5\Lab5.srcs\sources_1\new\regfile.v:]
WARNING: [filemgmt 56-199] Attempt to get parsing info during refresh. "On-the-fly" syntax checking information may be incorrect. [C:\Users\fallo\Desktop\CECS 440\Lab 5\Lab5\Lab5.srcs\sources_1\new\alu.v:]
WARNING: [filemgmt 56-199] Attempt to get parsing info during refresh. "On-the-fly" syntax checking information may be incorrect. [C:\Users\fallo\Desktop\CECS 440\Lab 5\Lab5\Lab5.srcs\sources_1\new\aluout.v:]
WARNING: [filemgmt 56-199] Attempt to get parsing info during refresh. "On-the-fly" syntax checking information may be incorrect. [C:\Users\fallo\Desktop\CECS 440\Lab 5\Lab5\Lab5.srcs\sources_1\new\design.v:]
WARNING: [filemgmt 56-199] Attempt to get parsing info during refresh. "On-the-fly" syntax checking information may be incorrect. [C:\Users\fallo\Desktop\CECS 440\Lab 5\Lab5\Lab5.srcs\sources_1\new\alu.v:]
WARNING: [filemgmt 56-199] Attempt to get parsing info during refresh. "On-the-fly" syntax checking information may be incorrect. [C:\Users\fallo\Desktop\CECS 440\Lab 5\Lab5\Lab5.srcs\sources_1\new\alu.v:]
WARNING: [filemgmt 56-199] Attempt to get parsing info during refresh. "On-the-fly" syntax checking information may be incorrect. [C:\Users\fallo\Desktop\CECS 440\Lab 5\Lab5\Lab5.srcs\sim_1\new\testbench_skeleton-lab5.v:]
WARNING: [filemgmt 56-199] Attempt to get parsing info during refresh. "On-the-fly" syntax checking information may be incorrect. [C:\Users\fallo\Desktop\CECS 440\Lab 5\Lab5\Lab5.srcs\sources_1\new\regfile.v:]
WARNING: [filemgmt 56-199] Attempt to get parsing info during refresh. "On-the-fly" syntax checking information may be incorrect. [C:\Users\fallo\Desktop\CECS 440\Lab 5\Lab5\Lab5.srcs\sources_1\new\alu.v:]
WARNING: [filemgmt 56-199] Attempt to get parsing info during refresh. "On-the-fly" syntax checking information may be incorrect. [C:\Users\fallo\Desktop\CECS 440\Lab 5\Lab5\Lab5.srcs\sources_1\new\aluout.v:]
WARNING: [filemgmt 56-199] Attempt to get parsing info during refresh. "On-the-fly" syntax checking information may be incorrect. [C:\Users\fallo\Desktop\CECS 440\Lab 5\Lab5\Lab5.srcs\sources_1\new\design.v:]
WARNING: [filemgmt 56-199] Attempt to get parsing info during refresh. "On-the-fly" syntax checking information may be incorrect. [C:\Users\fallo\Desktop\CECS 440\Lab 5\Lab5\Lab5.srcs\sources_1\new\regfile.v:]
WARNING: [filemgmt 56-199] Attempt to get parsing info during refresh. "On-the-fly" syntax checking information may be incorrect. [C:\Users\fallo\Desktop\CECS 440\Lab 5\Lab5\Lab5.srcs\sources_1\new\regfile.v:]
ERROR: [Common 17-180] Spawn failed: No error
WARNING: [filemgmt 56-199] Attempt to get parsing info during refresh. "On-the-fly" syntax checking information may be incorrect. [C:\Users\fallo\Desktop\CECS 440\Lab 5\Lab5\Lab5.srcs\sim_1\new\testbench_skeleton-lab5.v:]
WARNING: [filemgmt 56-199] Attempt to get parsing info during refresh. "On-the-fly" syntax checking information may be incorrect. [C:\Users\fallo\Desktop\CECS 440\Lab 5\Lab5\Lab5.srcs\sources_1\new\regfile.v:]
WARNING: [filemgmt 56-199] Attempt to get parsing info during refresh. "On-the-fly" syntax checking information may be incorrect. [C:\Users\fallo\Desktop\CECS 440\Lab 5\Lab5\Lab5.srcs\sources_1\new\alu.v:]
WARNING: [filemgmt 56-199] Attempt to get parsing info during refresh. "On-the-fly" syntax checking information may be incorrect. [C:\Users\fallo\Desktop\CECS 440\Lab 5\Lab5\Lab5.srcs\sources_1\new\aluout.v:]
WARNING: [filemgmt 56-199] Attempt to get parsing info during refresh. "On-the-fly" syntax checking information may be incorrect. [C:\Users\fallo\Desktop\CECS 440\Lab 5\Lab5\Lab5.srcs\sources_1\new\design.v:]
WARNING: [filemgmt 56-199] Attempt to get parsing info during refresh. "On-the-fly" syntax checking information may be incorrect. [C:\Users\fallo\Desktop\CECS 440\Lab 5\Lab5\Lab5.srcs\sim_1\new\testbench_skeleton-lab5.v:]
WARNING: [filemgmt 56-199] Attempt to get parsing info during refresh. "On-the-fly" syntax checking information may be incorrect. [C:\Users\fallo\Desktop\CECS 440\Lab 5\Lab5\Lab5.srcs\sim_1\new\testbench_skeleton-lab5.v:]
ERROR: [Common 17-180] Spawn failed: No error
WARNING: [filemgmt 56-199] Attempt to get parsing info during refresh. "On-the-fly" syntax checking information may be incorrect. [C:\Users\fallo\Desktop\CECS 440\Lab 5\Lab5\Lab5.srcs\sim_1\new\testbench_skeleton-lab5.v:]
WARNING: [filemgmt 56-199] Attempt to get parsing info during refresh. "On-the-fly" syntax checking information may be incorrect. [C:\Users\fallo\Desktop\CECS 440\Lab 5\Lab5\Lab5.srcs\sources_1\new\regfile.v:]
WARNING: [filemgmt 56-199] Attempt to get parsing info during refresh. "On-the-fly" syntax checking information may be incorrect. [C:\Users\fallo\Desktop\CECS 440\Lab 5\Lab5\Lab5.srcs\sources_1\new\alu.v:]
WARNING: [filemgmt 56-199] Attempt to get parsing info during refresh. "On-the-fly" syntax checking information may be incorrect. [C:\Users\fallo\Desktop\CECS 440\Lab 5\Lab5\Lab5.srcs\sources_1\new\aluout.v:]
WARNING: [filemgmt 56-199] Attempt to get parsing info during refresh. "On-the-fly" syntax checking information may be incorrect. [C:\Users\fallo\Desktop\CECS 440\Lab 5\Lab5\Lab5.srcs\sources_1\new\design.v:]
WARNING: [filemgmt 56-199] Attempt to get parsing info during refresh. "On-the-fly" syntax checking information may be incorrect. [C:\Users\fallo\Desktop\CECS 440\Lab 5\Lab5\Lab5.srcs\sources_1\new\alu.v:]
WARNING: [filemgmt 56-199] Attempt to get parsing info during refresh. "On-the-fly" syntax checking information may be incorrect. [C:\Users\fallo\Desktop\CECS 440\Lab 5\Lab5\Lab5.srcs\sources_1\new\alu.v:]
WARNING: [filemgmt 56-199] Attempt to get parsing info during refresh. "On-the-fly" syntax checking information may be incorrect. [C:\Users\fallo\Desktop\CECS 440\Lab 5\Lab5\Lab5.srcs\sim_1\new\testbench_skeleton-lab5.v:]
WARNING: [filemgmt 56-199] Attempt to get parsing info during refresh. "On-the-fly" syntax checking information may be incorrect. [C:\Users\fallo\Desktop\CECS 440\Lab 5\Lab5\Lab5.srcs\sources_1\new\regfile.v:]
WARNING: [filemgmt 56-199] Attempt to get parsing info during refresh. "On-the-fly" syntax checking information may be incorrect. [C:\Users\fallo\Desktop\CECS 440\Lab 5\Lab5\Lab5.srcs\sources_1\new\alu.v:]
WARNING: [filemgmt 56-199] Attempt to get parsing info during refresh. "On-the-fly" syntax checking information may be incorrect. [C:\Users\fallo\Desktop\CECS 440\Lab 5\Lab5\Lab5.srcs\sources_1\new\aluout.v:]
WARNING: [filemgmt 56-199] Attempt to get parsing info during refresh. "On-the-fly" syntax checking information may be incorrect. [C:\Users\fallo\Desktop\CECS 440\Lab 5\Lab5\Lab5.srcs\sources_1\new\design.v:]
WARNING: [filemgmt 56-199] Attempt to get parsing info during refresh. "On-the-fly" syntax checking information may be incorrect. [C:\Users\fallo\Desktop\CECS 440\Lab 5\Lab5\Lab5.srcs\sources_1\new\regfile.v:]
WARNING: [filemgmt 56-199] Attempt to get parsing info during refresh. "On-the-fly" syntax checking information may be incorrect. [C:\Users\fallo\Desktop\CECS 440\Lab 5\Lab5\Lab5.srcs\sources_1\new\regfile.v:]
ERROR: [Common 17-180] Spawn failed: No error
WARNING: [filemgmt 56-199] Attempt to get parsing info during refresh. "On-the-fly" syntax checking information may be incorrect. [C:\Users\fallo\Desktop\CECS 440\Lab 5\Lab5\Lab5.srcs\sim_1\new\testbench_skeleton-lab5.v:]
WARNING: [filemgmt 56-199] Attempt to get parsing info during refresh. "On-the-fly" syntax checking information may be incorrect. [C:\Users\fallo\Desktop\CECS 440\Lab 5\Lab5\Lab5.srcs\sources_1\new\regfile.v:]
WARNING: [filemgmt 56-199] Attempt to get parsing info during refresh. "On-the-fly" syntax checking information may be incorrect. [C:\Users\fallo\Desktop\CECS 440\Lab 5\Lab5\Lab5.srcs\sources_1\new\alu.v:]
WARNING: [filemgmt 56-199] Attempt to get parsing info during refresh. "On-the-fly" syntax checking information may be incorrect. [C:\Users\fallo\Desktop\CECS 440\Lab 5\Lab5\Lab5.srcs\sources_1\new\aluout.v:]
WARNING: [filemgmt 56-199] Attempt to get parsing info during refresh. "On-the-fly" syntax checking information may be incorrect. [C:\Users\fallo\Desktop\CECS 440\Lab 5\Lab5\Lab5.srcs\sources_1\new\design.v:]
WARNING: [filemgmt 56-199] Attempt to get parsing info during refresh. "On-the-fly" syntax checking information may be incorrect. [C:\Users\fallo\Desktop\CECS 440\Lab 5\Lab5\Lab5.srcs\sim_1\new\testbench_skeleton-lab5.v:]
WARNING: [filemgmt 56-199] Attempt to get parsing info during refresh. "On-the-fly" syntax checking information may be incorrect. [C:\Users\fallo\Desktop\CECS 440\Lab 5\Lab5\Lab5.srcs\sim_1\new\testbench_skeleton-lab5.v:]
ERROR: [Common 17-180] Spawn failed: No error
update_compile_order -fileset sources_1
WARNING: [filemgmt 56-199] Attempt to get parsing info during refresh. "On-the-fly" syntax checking information may be incorrect. [C:\Users\fallo\Desktop\CECS 440\Lab 5\Lab5\Lab5.srcs\sim_1\new\testbench_skeleton-lab5.v:]
WARNING: [filemgmt 56-199] Attempt to get parsing info during refresh. "On-the-fly" syntax checking information may be incorrect. [C:\Users\fallo\Desktop\CECS 440\Lab 5\Lab5\Lab5.srcs\sources_1\new\regfile.v:]
WARNING: [filemgmt 56-199] Attempt to get parsing info during refresh. "On-the-fly" syntax checking information may be incorrect. [C:\Users\fallo\Desktop\CECS 440\Lab 5\Lab5\Lab5.srcs\sources_1\new\alu.v:]
WARNING: [filemgmt 56-199] Attempt to get parsing info during refresh. "On-the-fly" syntax checking information may be incorrect. [C:\Users\fallo\Desktop\CECS 440\Lab 5\Lab5\Lab5.srcs\sources_1\new\aluout.v:]
WARNING: [filemgmt 56-199] Attempt to get parsing info during refresh. "On-the-fly" syntax checking information may be incorrect. [C:\Users\fallo\Desktop\CECS 440\Lab 5\Lab5\Lab5.srcs\sources_1\new\design.v:]
WARNING: [filemgmt 56-199] Attempt to get parsing info during refresh. "On-the-fly" syntax checking information may be incorrect. [C:\Users\fallo\Desktop\CECS 440\Lab 5\Lab5\Lab5.srcs\sources_1\new\alu.v:]
WARNING: [filemgmt 56-199] Attempt to get parsing info during refresh. "On-the-fly" syntax checking information may be incorrect. [C:\Users\fallo\Desktop\CECS 440\Lab 5\Lab5\Lab5.srcs\sources_1\new\alu.v:]
WARNING: [filemgmt 56-199] Attempt to get parsing info during refresh. "On-the-fly" syntax checking information may be incorrect. [C:\Users\fallo\Desktop\CECS 440\Lab 5\Lab5\Lab5.srcs\sim_1\new\testbench_skeleton-lab5.v:]
WARNING: [filemgmt 56-199] Attempt to get parsing info during refresh. "On-the-fly" syntax checking information may be incorrect. [C:\Users\fallo\Desktop\CECS 440\Lab 5\Lab5\Lab5.srcs\sources_1\new\regfile.v:]
WARNING: [filemgmt 56-199] Attempt to get parsing info during refresh. "On-the-fly" syntax checking information may be incorrect. [C:\Users\fallo\Desktop\CECS 440\Lab 5\Lab5\Lab5.srcs\sources_1\new\alu.v:]
WARNING: [filemgmt 56-199] Attempt to get parsing info during refresh. "On-the-fly" syntax checking information may be incorrect. [C:\Users\fallo\Desktop\CECS 440\Lab 5\Lab5\Lab5.srcs\sources_1\new\aluout.v:]
WARNING: [filemgmt 56-199] Attempt to get parsing info during refresh. "On-the-fly" syntax checking information may be incorrect. [C:\Users\fallo\Desktop\CECS 440\Lab 5\Lab5\Lab5.srcs\sources_1\new\design.v:]
WARNING: [filemgmt 56-199] Attempt to get parsing info during refresh. "On-the-fly" syntax checking information may be incorrect. [C:\Users\fallo\Desktop\CECS 440\Lab 5\Lab5\Lab5.srcs\sources_1\new\regfile.v:]
WARNING: [filemgmt 56-199] Attempt to get parsing info during refresh. "On-the-fly" syntax checking information may be incorrect. [C:\Users\fallo\Desktop\CECS 440\Lab 5\Lab5\Lab5.srcs\sources_1\new\regfile.v:]
ERROR: [Common 17-180] Spawn failed: No error
WARNING: [filemgmt 56-199] Attempt to get parsing info during refresh. "On-the-fly" syntax checking information may be incorrect. [C:\Users\fallo\Desktop\CECS 440\Lab 5\Lab5\Lab5.srcs\sim_1\new\testbench_skeleton-lab5.v:]
WARNING: [filemgmt 56-199] Attempt to get parsing info during refresh. "On-the-fly" syntax checking information may be incorrect. [C:\Users\fallo\Desktop\CECS 440\Lab 5\Lab5\Lab5.srcs\sources_1\new\regfile.v:]
WARNING: [filemgmt 56-199] Attempt to get parsing info during refresh. "On-the-fly" syntax checking information may be incorrect. [C:\Users\fallo\Desktop\CECS 440\Lab 5\Lab5\Lab5.srcs\sources_1\new\alu.v:]
WARNING: [filemgmt 56-199] Attempt to get parsing info during refresh. "On-the-fly" syntax checking information may be incorrect. [C:\Users\fallo\Desktop\CECS 440\Lab 5\Lab5\Lab5.srcs\sources_1\new\aluout.v:]
WARNING: [filemgmt 56-199] Attempt to get parsing info during refresh. "On-the-fly" syntax checking information may be incorrect. [C:\Users\fallo\Desktop\CECS 440\Lab 5\Lab5\Lab5.srcs\sources_1\new\design.v:]
WARNING: [filemgmt 56-199] Attempt to get parsing info during refresh. "On-the-fly" syntax checking information may be incorrect. [C:\Users\fallo\Desktop\CECS 440\Lab 5\Lab5\Lab5.srcs\sim_1\new\testbench_skeleton-lab5.v:]
WARNING: [filemgmt 56-199] Attempt to get parsing info during refresh. "On-the-fly" syntax checking information may be incorrect. [C:\Users\fallo\Desktop\CECS 440\Lab 5\Lab5\Lab5.srcs\sim_1\new\testbench_skeleton-lab5.v:]
ERROR: [Common 17-180] Spawn failed: No error
WARNING: [filemgmt 56-199] Attempt to get parsing info during refresh. "On-the-fly" syntax checking information may be incorrect. [C:\Users\fallo\Desktop\CECS 440\Lab 5\Lab5\Lab5.srcs\sim_1\new\testbench_skeleton-lab5.v:]
WARNING: [filemgmt 56-199] Attempt to get parsing info during refresh. "On-the-fly" syntax checking information may be incorrect. [C:\Users\fallo\Desktop\CECS 440\Lab 5\Lab5\Lab5.srcs\sources_1\new\regfile.v:]
WARNING: [filemgmt 56-199] Attempt to get parsing info during refresh. "On-the-fly" syntax checking information may be incorrect. [C:\Users\fallo\Desktop\CECS 440\Lab 5\Lab5\Lab5.srcs\sources_1\new\alu.v:]
WARNING: [filemgmt 56-199] Attempt to get parsing info during refresh. "On-the-fly" syntax checking information may be incorrect. [C:\Users\fallo\Desktop\CECS 440\Lab 5\Lab5\Lab5.srcs\sources_1\new\aluout.v:]
WARNING: [filemgmt 56-199] Attempt to get parsing info during refresh. "On-the-fly" syntax checking information may be incorrect. [C:\Users\fallo\Desktop\CECS 440\Lab 5\Lab5\Lab5.srcs\sources_1\new\design.v:]
WARNING: [filemgmt 56-199] Attempt to get parsing info during refresh. "On-the-fly" syntax checking information may be incorrect. [C:\Users\fallo\Desktop\CECS 440\Lab 5\Lab5\Lab5.srcs\sources_1\new\alu.v:]
WARNING: [filemgmt 56-199] Attempt to get parsing info during refresh. "On-the-fly" syntax checking information may be incorrect. [C:\Users\fallo\Desktop\CECS 440\Lab 5\Lab5\Lab5.srcs\sources_1\new\alu.v:]
WARNING: [filemgmt 56-199] Attempt to get parsing info during refresh. "On-the-fly" syntax checking information may be incorrect. [C:\Users\fallo\Desktop\CECS 440\Lab 5\Lab5\Lab5.srcs\sim_1\new\testbench_skeleton-lab5.v:]
WARNING: [filemgmt 56-199] Attempt to get parsing info during refresh. "On-the-fly" syntax checking information may be incorrect. [C:\Users\fallo\Desktop\CECS 440\Lab 5\Lab5\Lab5.srcs\sources_1\new\regfile.v:]
WARNING: [filemgmt 56-199] Attempt to get parsing info during refresh. "On-the-fly" syntax checking information may be incorrect. [C:\Users\fallo\Desktop\CECS 440\Lab 5\Lab5\Lab5.srcs\sources_1\new\alu.v:]
WARNING: [filemgmt 56-199] Attempt to get parsing info during refresh. "On-the-fly" syntax checking information may be incorrect. [C:\Users\fallo\Desktop\CECS 440\Lab 5\Lab5\Lab5.srcs\sources_1\new\aluout.v:]
WARNING: [filemgmt 56-199] Attempt to get parsing info during refresh. "On-the-fly" syntax checking information may be incorrect. [C:\Users\fallo\Desktop\CECS 440\Lab 5\Lab5\Lab5.srcs\sources_1\new\design.v:]
WARNING: [filemgmt 56-199] Attempt to get parsing info during refresh. "On-the-fly" syntax checking information may be incorrect. [C:\Users\fallo\Desktop\CECS 440\Lab 5\Lab5\Lab5.srcs\sources_1\new\regfile.v:]
WARNING: [filemgmt 56-199] Attempt to get parsing info during refresh. "On-the-fly" syntax checking information may be incorrect. [C:\Users\fallo\Desktop\CECS 440\Lab 5\Lab5\Lab5.srcs\sources_1\new\regfile.v:]
ERROR: [Common 17-180] Spawn failed: No error
WARNING: [filemgmt 56-199] Attempt to get parsing info during refresh. "On-the-fly" syntax checking information may be incorrect. [C:\Users\fallo\Desktop\CECS 440\Lab 5\Lab5\Lab5.srcs\sim_1\new\testbench_skeleton-lab5.v:]
WARNING: [filemgmt 56-199] Attempt to get parsing info during refresh. "On-the-fly" syntax checking information may be incorrect. [C:\Users\fallo\Desktop\CECS 440\Lab 5\Lab5\Lab5.srcs\sources_1\new\regfile.v:]
WARNING: [filemgmt 56-199] Attempt to get parsing info during refresh. "On-the-fly" syntax checking information may be incorrect. [C:\Users\fallo\Desktop\CECS 440\Lab 5\Lab5\Lab5.srcs\sources_1\new\alu.v:]
WARNING: [filemgmt 56-199] Attempt to get parsing info during refresh. "On-the-fly" syntax checking information may be incorrect. [C:\Users\fallo\Desktop\CECS 440\Lab 5\Lab5\Lab5.srcs\sources_1\new\aluout.v:]
WARNING: [filemgmt 56-199] Attempt to get parsing info during refresh. "On-the-fly" syntax checking information may be incorrect. [C:\Users\fallo\Desktop\CECS 440\Lab 5\Lab5\Lab5.srcs\sources_1\new\design.v:]
WARNING: [filemgmt 56-199] Attempt to get parsing info during refresh. "On-the-fly" syntax checking information may be incorrect. [C:\Users\fallo\Desktop\CECS 440\Lab 5\Lab5\Lab5.srcs\sim_1\new\testbench_skeleton-lab5.v:]
WARNING: [filemgmt 56-199] Attempt to get parsing info during refresh. "On-the-fly" syntax checking information may be incorrect. [C:\Users\fallo\Desktop\CECS 440\Lab 5\Lab5\Lab5.srcs\sim_1\new\testbench_skeleton-lab5.v:]
ERROR: [Common 17-180] Spawn failed: No error
WARNING: [filemgmt 56-199] Attempt to get parsing info during refresh. "On-the-fly" syntax checking information may be incorrect. [C:\Users\fallo\Desktop\CECS 440\Lab 5\Lab5\Lab5.srcs\sim_1\new\testbench_skeleton-lab5.v:]
WARNING: [filemgmt 56-199] Attempt to get parsing info during refresh. "On-the-fly" syntax checking information may be incorrect. [C:\Users\fallo\Desktop\CECS 440\Lab 5\Lab5\Lab5.srcs\sources_1\new\regfile.v:]
WARNING: [filemgmt 56-199] Attempt to get parsing info during refresh. "On-the-fly" syntax checking information may be incorrect. [C:\Users\fallo\Desktop\CECS 440\Lab 5\Lab5\Lab5.srcs\sources_1\new\alu.v:]
WARNING: [filemgmt 56-199] Attempt to get parsing info during refresh. "On-the-fly" syntax checking information may be incorrect. [C:\Users\fallo\Desktop\CECS 440\Lab 5\Lab5\Lab5.srcs\sources_1\new\aluout.v:]
WARNING: [filemgmt 56-199] Attempt to get parsing info during refresh. "On-the-fly" syntax checking information may be incorrect. [C:\Users\fallo\Desktop\CECS 440\Lab 5\Lab5\Lab5.srcs\sources_1\new\design.v:]
WARNING: [filemgmt 56-199] Attempt to get parsing info during refresh. "On-the-fly" syntax checking information may be incorrect. [C:\Users\fallo\Desktop\CECS 440\Lab 5\Lab5\Lab5.srcs\sources_1\new\aluout.v:]
WARNING: [filemgmt 56-199] Attempt to get parsing info during refresh. "On-the-fly" syntax checking information may be incorrect. [C:\Users\fallo\Desktop\CECS 440\Lab 5\Lab5\Lab5.srcs\sources_1\new\aluout.v:]
ERROR: [Common 17-180] Spawn failed: No error
close_sim
INFO: [Simtcl 6-16] Simulation closed
launch_simulation
Command: launch_simulation 
INFO: [Vivado 12-12493] Simulation top is 'datapathTester'
WARNING: [Vivado 12-13340] Unable to auto find GCC executables from simulator install path! (path not set)
INFO: [Vivado 12-5682] Launching behavioral simulation in 'C:/Users/fallo/Desktop/CECS 440/Lab 5/Lab5/Lab5.sim/sim_1/behav/xsim'
INFO: [SIM-utils-51] Simulation object is 'sim_1'
INFO: [SIM-utils-72] Using boost library from 'E:/Vivado/2024.2/tps/boost_1_72_0'
INFO: [SIM-utils-54] Inspecting design source files for 'datapathTester' in fileset 'sim_1'...
INFO: [USF-XSim-97] Finding global include files...
INFO: [USF-XSim-98] Fetching design files from 'sim_1'...
INFO: [USF-XSim-2] XSim::Compile design
INFO: [USF-XSim-61] Executing 'COMPILE and ANALYZE' step in 'C:/Users/fallo/Desktop/CECS 440/Lab 5/Lab5/Lab5.sim/sim_1/behav/xsim'
"xvlog --incr --relax -prj datapathTester_vlog.prj"
INFO: [USF-XSim-69] 'compile' step finished in '2' seconds
INFO: [USF-XSim-3] XSim::Elaborate design
INFO: [USF-XSim-61] Executing 'ELABORATE' step in 'C:/Users/fallo/Desktop/CECS 440/Lab 5/Lab5/Lab5.sim/sim_1/behav/xsim'
"xelab --incr --debug typical --relax --mt 2 -L xil_defaultlib -L unisims_ver -L unimacro_ver -L secureip --snapshot datapathTester_behav xil_defaultlib.datapathTester xil_defaultlib.glbl -log elaborate.log"
Vivado Simulator v2024.2.0
Copyright 1986-2022 Xilinx, Inc. All Rights Reserved.
Copyright 2022-2024 Advanced Micro Devices, Inc. All Rights Reserved.
Running: E:/Vivado/2024.2/bin/unwrapped/win64.o/xelab.exe --incr --debug typical --relax --mt 2 -L xil_defaultlib -L unisims_ver -L unimacro_ver -L secureip --snapshot datapathTester_behav xil_defaultlib.datapathTester xil_defaultlib.glbl -log elaborate.log 
Using 2 slave threads.
Starting static elaboration
Pass Through NonSizing Optimizer
WARNING: [VRFC 10-5021] port 'op_code' is not connected on this instance [C:/Users/fallo/Desktop/CECS 440/Lab 5/Lab5/Lab5.srcs/sim_1/new/testbench_skeleton-lab5.v:14]
Completed static elaboration
INFO: [XSIM 43-4323] No Change in HDL. Linking previously generated obj files to create kernel
INFO: [USF-XSim-69] 'elaborate' step finished in '1' seconds
INFO: [USF-XSim-4] XSim::Simulate design
INFO: [USF-XSim-61] Executing 'SIMULATE' step in 'C:/Users/fallo/Desktop/CECS 440/Lab 5/Lab5/Lab5.sim/sim_1/behav/xsim'
INFO: [USF-XSim-98] *** Running xsim
   with args "datapathTester_behav -key {Behavioral:sim_1:Functional:datapathTester} -tclbatch {datapathTester.tcl} -log {simulate.log}"
INFO: [USF-XSim-8] Loading simulator feature
Time resolution is 1 ps
source datapathTester.tcl
# set curr_wave [current_wave_config]
# if { [string length $curr_wave] == 0 } {
#   if { [llength [get_objects]] > 0} {
#     add_wave /
#     set_property needs_save false [current_wave_config]
#   } else {
#      send_msg_id Add_Wave-1 WARNING "No top level signals found. Simulator will start without a wave window. If you want to open a wave window go to 'File->New Waveform Configuration' or type 'create_wave_config' in the TCL console."
#   }
# }
# run 1000ns
Registers Initialized!
	Register	Content
          0	0x00000000
          1	0xffff0000
          2	0x0a0a0a0a
          3	0x000001f4
          4	0x000003e8
          5	0x00000005
          6	0x00000006
          7	0x00000007
          8	0x00000008
          9	0x00000009
         10	0x0000000a
         11	0x0000000b
         12	0x0000000c
         13	0x0000000d
         14	0x0000000e
         15	0x0000000f
         16	0x00000010
         17	0x00000011
         18	0x00000012
         19	0x00000013
         20	0x00000014
         21	0x00000015
         22	0x00000016
         23	0x00000017
         24	0x00000018
         25	0x00000019
         26	0x0000001a
         27	0x0000001b
         28	0x0000001c
         29	0x0000001d
         30	0x0000001e
         31	0x0000001f

Checking test case
srca =          x, srcb =          x
add $ALUout, $11, $ 4 performed
sum =          z
Test Failed!!!

Checking test case
srca =          x, srcb =          x
increment $ALUout, $11 performed
d_out =          z
Test Failed!!!

Checking test case
srca = xxxxxxxx, srcb = xxxxxxxx
and $ALUout, $ 1, $10 performed
d_out = zzzzzzzz
Test Failed!!!

Checking test case
srca = xxxxxxxx, srcb = xxxxxxxx
or $ALUout, $ 1, $10 performed
d_out = zzzzzzzz
Test Failed!!!

Checking test case
srca = xxxxxxxx, srcb = xxxxxxxx
xor $ALUout, $10, $ 1 performed
d_out = zzzzzzzz
Test Failed!!!

Checking test case
srca = xxxxxxxx, srcb = xxxxxxxx
not $ALUout, $10 performed
d_out = zzzzzzzz
Test Failed!!!

Checking test case
srca =          x, srcb =          x
sll $ALUout, $ 4, performed
d_out =          z
Test Failed!!!

Checking test case
srca = xxxxxxxx, srcb = xxxxxxxx
nop operation performed
d_out = zzzzzzzz
Test Failed!!!
$finish called at time : 146 ns : File "C:/Users/fallo/Desktop/CECS 440/Lab 5/Lab5/Lab5.srcs/sim_1/new/testbench_skeleton-lab5.v" Line 105
INFO: [USF-XSim-96] XSim completed. Design snapshot 'datapathTester_behav' loaded.
INFO: [USF-XSim-97] XSim simulation ran for 1000ns
WARNING: [filemgmt 56-199] Attempt to get parsing info during refresh. "On-the-fly" syntax checking information may be incorrect. [C:\Users\fallo\Desktop\CECS 440\Lab 5\Lab5\Lab5.srcs\sim_1\new\testbench_skeleton-lab5.v:]
WARNING: [filemgmt 56-199] Attempt to get parsing info during refresh. "On-the-fly" syntax checking information may be incorrect. [C:\Users\fallo\Desktop\CECS 440\Lab 5\Lab5\Lab5.srcs\sources_1\new\regfile.v:]
WARNING: [filemgmt 56-199] Attempt to get parsing info during refresh. "On-the-fly" syntax checking information may be incorrect. [C:\Users\fallo\Desktop\CECS 440\Lab 5\Lab5\Lab5.srcs\sources_1\new\alu.v:]
WARNING: [filemgmt 56-199] Attempt to get parsing info during refresh. "On-the-fly" syntax checking information may be incorrect. [C:\Users\fallo\Desktop\CECS 440\Lab 5\Lab5\Lab5.srcs\sources_1\new\aluout.v:]
WARNING: [filemgmt 56-199] Attempt to get parsing info during refresh. "On-the-fly" syntax checking information may be incorrect. [C:\Users\fallo\Desktop\CECS 440\Lab 5\Lab5\Lab5.srcs\sources_1\new\design.v:]
WARNING: [filemgmt 56-199] Attempt to get parsing info during refresh. "On-the-fly" syntax checking information may be incorrect. [C:\Users\fallo\Desktop\CECS 440\Lab 5\Lab5\Lab5.srcs\sources_1\new\alu.v:]
WARNING: [filemgmt 56-199] Attempt to get parsing info during refresh. "On-the-fly" syntax checking information may be incorrect. [C:\Users\fallo\Desktop\CECS 440\Lab 5\Lab5\Lab5.srcs\sources_1\new\alu.v:]
WARNING: [filemgmt 56-199] Attempt to get parsing info during refresh. "On-the-fly" syntax checking information may be incorrect. [C:\Users\fallo\Desktop\CECS 440\Lab 5\Lab5\Lab5.srcs\sim_1\new\testbench_skeleton-lab5.v:]
WARNING: [filemgmt 56-199] Attempt to get parsing info during refresh. "On-the-fly" syntax checking information may be incorrect. [C:\Users\fallo\Desktop\CECS 440\Lab 5\Lab5\Lab5.srcs\sources_1\new\regfile.v:]
WARNING: [filemgmt 56-199] Attempt to get parsing info during refresh. "On-the-fly" syntax checking information may be incorrect. [C:\Users\fallo\Desktop\CECS 440\Lab 5\Lab5\Lab5.srcs\sources_1\new\alu.v:]
WARNING: [filemgmt 56-199] Attempt to get parsing info during refresh. "On-the-fly" syntax checking information may be incorrect. [C:\Users\fallo\Desktop\CECS 440\Lab 5\Lab5\Lab5.srcs\sources_1\new\aluout.v:]
WARNING: [filemgmt 56-199] Attempt to get parsing info during refresh. "On-the-fly" syntax checking information may be incorrect. [C:\Users\fallo\Desktop\CECS 440\Lab 5\Lab5\Lab5.srcs\sources_1\new\design.v:]
WARNING: [filemgmt 56-199] Attempt to get parsing info during refresh. "On-the-fly" syntax checking information may be incorrect. [C:\Users\fallo\Desktop\CECS 440\Lab 5\Lab5\Lab5.srcs\sources_1\new\ALUout.v:]
WARNING: [filemgmt 56-199] Attempt to get parsing info during refresh. "On-the-fly" syntax checking information may be incorrect. [C:\Users\fallo\Desktop\CECS 440\Lab 5\Lab5\Lab5.srcs\sources_1\new\ALUout.v:]
ERROR: [Common 17-180] Spawn failed: No error
WARNING: [filemgmt 56-199] Attempt to get parsing info during refresh. "On-the-fly" syntax checking information may be incorrect. [C:\Users\fallo\Desktop\CECS 440\Lab 5\Lab5\Lab5.srcs\sim_1\new\testbench_skeleton-lab5.v:]
WARNING: [filemgmt 56-199] Attempt to get parsing info during refresh. "On-the-fly" syntax checking information may be incorrect. [C:\Users\fallo\Desktop\CECS 440\Lab 5\Lab5\Lab5.srcs\sources_1\new\regfile.v:]
WARNING: [filemgmt 56-199] Attempt to get parsing info during refresh. "On-the-fly" syntax checking information may be incorrect. [C:\Users\fallo\Desktop\CECS 440\Lab 5\Lab5\Lab5.srcs\sources_1\new\alu.v:]
WARNING: [filemgmt 56-199] Attempt to get parsing info during refresh. "On-the-fly" syntax checking information may be incorrect. [C:\Users\fallo\Desktop\CECS 440\Lab 5\Lab5\Lab5.srcs\sources_1\new\aluout.v:]
WARNING: [filemgmt 56-199] Attempt to get parsing info during refresh. "On-the-fly" syntax checking information may be incorrect. [C:\Users\fallo\Desktop\CECS 440\Lab 5\Lab5\Lab5.srcs\sources_1\new\design.v:]
WARNING: [filemgmt 56-199] Attempt to get parsing info during refresh. "On-the-fly" syntax checking information may be incorrect. [C:\Users\fallo\Desktop\CECS 440\Lab 5\Lab5\Lab5.srcs\sim_1\new\testbench_skeleton-lab5.v:]
WARNING: [filemgmt 56-199] Attempt to get parsing info during refresh. "On-the-fly" syntax checking information may be incorrect. [C:\Users\fallo\Desktop\CECS 440\Lab 5\Lab5\Lab5.srcs\sim_1\new\testbench_skeleton-lab5.v:]
ERROR: [Common 17-180] Spawn failed: No error
WARNING: [filemgmt 56-199] Attempt to get parsing info during refresh. "On-the-fly" syntax checking information may be incorrect. [C:\Users\fallo\Desktop\CECS 440\Lab 5\Lab5\Lab5.srcs\sources_1\new\regfile.v:]
WARNING: [filemgmt 56-199] Attempt to get parsing info during refresh. "On-the-fly" syntax checking information may be incorrect. [C:\Users\fallo\Desktop\CECS 440\Lab 5\Lab5\Lab5.srcs\sources_1\new\alu.v:]
WARNING: [filemgmt 56-199] Attempt to get parsing info during refresh. "On-the-fly" syntax checking information may be incorrect. [C:\Users\fallo\Desktop\CECS 440\Lab 5\Lab5\Lab5.srcs\sources_1\new\aluout.v:]
WARNING: [filemgmt 56-199] Attempt to get parsing info during refresh. "On-the-fly" syntax checking information may be incorrect. [C:\Users\fallo\Desktop\CECS 440\Lab 5\Lab5\Lab5.srcs\sources_1\new\design.v:]
WARNING: [filemgmt 56-199] Attempt to get parsing info during refresh. "On-the-fly" syntax checking information may be incorrect. [C:\Users\fallo\Desktop\CECS 440\Lab 5\Lab5\Lab5.srcs\sources_1\new\regfile.v:]
WARNING: [filemgmt 56-199] Attempt to get parsing info during refresh. "On-the-fly" syntax checking information may be incorrect. [C:\Users\fallo\Desktop\CECS 440\Lab 5\Lab5\Lab5.srcs\sources_1\new\regfile.v:]
WARNING: [filemgmt 56-199] Attempt to get parsing info during refresh. "On-the-fly" syntax checking information may be incorrect. [C:\Users\fallo\Desktop\CECS 440\Lab 5\Lab5\Lab5.srcs\sources_1\new\regfile.v:]
WARNING: [filemgmt 56-199] Attempt to get parsing info during refresh. "On-the-fly" syntax checking information may be incorrect. [C:\Users\fallo\Desktop\CECS 440\Lab 5\Lab5\Lab5.srcs\sources_1\new\alu.v:]
WARNING: [filemgmt 56-199] Attempt to get parsing info during refresh. "On-the-fly" syntax checking information may be incorrect. [C:\Users\fallo\Desktop\CECS 440\Lab 5\Lab5\Lab5.srcs\sources_1\new\aluout.v:]
WARNING: [filemgmt 56-199] Attempt to get parsing info during refresh. "On-the-fly" syntax checking information may be incorrect. [C:\Users\fallo\Desktop\CECS 440\Lab 5\Lab5\Lab5.srcs\sources_1\new\design.v:]
WARNING: [filemgmt 56-199] Attempt to get parsing info during refresh. "On-the-fly" syntax checking information may be incorrect. [C:\Users\fallo\Desktop\CECS 440\Lab 5\Lab5\Lab5.srcs\sources_1\new\alu.v:]
WARNING: [filemgmt 56-199] Attempt to get parsing info during refresh. "On-the-fly" syntax checking information may be incorrect. [C:\Users\fallo\Desktop\CECS 440\Lab 5\Lab5\Lab5.srcs\sources_1\new\alu.v:]
export_ip_user_files -of_objects  [get_files {{C:/Users/fallo/Desktop/CECS 440/Lab 5/Lab5/Lab5.srcs/sim_1/new/testbench_skeleton-lab5.v}}] -no_script -reset -force -quiet
remove_files  -fileset sim_1 {{C:/Users/fallo/Desktop/CECS 440/Lab 5/Lab5/Lab5.srcs/sim_1/new/testbench_skeleton-lab5.v}}
WARNING: [filemgmt 56-199] Attempt to get parsing info during refresh. "On-the-fly" syntax checking information may be incorrect. [C:\Users\fallo\Desktop\CECS 440\Lab 5\Lab5\Lab5.srcs\sources_1\new\regfile.v:]
WARNING: [filemgmt 56-199] Attempt to get parsing info during refresh. "On-the-fly" syntax checking information may be incorrect. [C:\Users\fallo\Desktop\CECS 440\Lab 5\Lab5\Lab5.srcs\sources_1\new\alu.v:]
WARNING: [filemgmt 56-199] Attempt to get parsing info during refresh. "On-the-fly" syntax checking information may be incorrect. [C:\Users\fallo\Desktop\CECS 440\Lab 5\Lab5\Lab5.srcs\sources_1\new\aluout.v:]
WARNING: [filemgmt 56-199] Attempt to get parsing info during refresh. "On-the-fly" syntax checking information may be incorrect. [C:\Users\fallo\Desktop\CECS 440\Lab 5\Lab5\Lab5.srcs\sources_1\new\design.v:]
WARNING: [filemgmt 56-199] Attempt to get parsing info during refresh. "On-the-fly" syntax checking information may be incorrect. [C:\Users\fallo\Desktop\CECS 440\Lab 5\Lab5\Lab5.srcs\sources_1\new\regfile.v:]
WARNING: [filemgmt 56-199] Attempt to get parsing info during refresh. "On-the-fly" syntax checking information may be incorrect. [C:\Users\fallo\Desktop\CECS 440\Lab 5\Lab5\Lab5.srcs\sources_1\new\regfile.v:]
close [ open {C:/Users/fallo/Desktop/CECS 440/Lab 5/Lab5/Lab5.srcs/sources_1/new/design.v} w ]
add_files {{C:/Users/fallo/Desktop/CECS 440/Lab 5/Lab5/Lab5.srcs/sources_1/new/design.v}}
WARNING: [filemgmt 56-199] Attempt to get parsing info during refresh. "On-the-fly" syntax checking information may be incorrect. [C:\Users\fallo\Desktop\CECS 440\Lab 5\Lab5\Lab5.srcs\sources_1\new\regfile.v:]
WARNING: [filemgmt 56-199] Attempt to get parsing info during refresh. "On-the-fly" syntax checking information may be incorrect. [C:\Users\fallo\Desktop\CECS 440\Lab 5\Lab5\Lab5.srcs\sources_1\new\alu.v:]
WARNING: [filemgmt 56-199] Attempt to get parsing info during refresh. "On-the-fly" syntax checking information may be incorrect. [C:\Users\fallo\Desktop\CECS 440\Lab 5\Lab5\Lab5.srcs\sources_1\new\aluout.v:]
WARNING: [filemgmt 56-199] Attempt to get parsing info during refresh. "On-the-fly" syntax checking information may be incorrect. [C:\Users\fallo\Desktop\CECS 440\Lab 5\Lab5\Lab5.srcs\sources_1\new\design.v:]
WARNING: [filemgmt 56-199] Attempt to get parsing info during refresh. "On-the-fly" syntax checking information may be incorrect. [C:\Users\fallo\Desktop\CECS 440\Lab 5\Lab5\Lab5.srcs\sources_1\new\regfile.v:]
WARNING: [filemgmt 56-199] Attempt to get parsing info during refresh. "On-the-fly" syntax checking information may be incorrect. [C:\Users\fallo\Desktop\CECS 440\Lab 5\Lab5\Lab5.srcs\sources_1\new\regfile.v:]
WARNING: [filemgmt 56-199] Attempt to get parsing info during refresh. "On-the-fly" syntax checking information may be incorrect. [C:\Users\fallo\Desktop\CECS 440\Lab 5\Lab5\Lab5.srcs\sources_1\new\regfile.v:]
WARNING: [filemgmt 56-199] Attempt to get parsing info during refresh. "On-the-fly" syntax checking information may be incorrect. [C:\Users\fallo\Desktop\CECS 440\Lab 5\Lab5\Lab5.srcs\sources_1\new\alu.v:]
WARNING: [filemgmt 56-199] Attempt to get parsing info during refresh. "On-the-fly" syntax checking information may be incorrect. [C:\Users\fallo\Desktop\CECS 440\Lab 5\Lab5\Lab5.srcs\sources_1\new\aluout.v:]
WARNING: [filemgmt 56-199] Attempt to get parsing info during refresh. "On-the-fly" syntax checking information may be incorrect. [C:\Users\fallo\Desktop\CECS 440\Lab 5\Lab5\Lab5.srcs\sources_1\new\design.v:]
WARNING: [filemgmt 56-199] Attempt to get parsing info during refresh. "On-the-fly" syntax checking information may be incorrect. [C:\Users\fallo\Desktop\CECS 440\Lab 5\Lab5\Lab5.srcs\sources_1\new\alu.v:]
WARNING: [filemgmt 56-199] Attempt to get parsing info during refresh. "On-the-fly" syntax checking information may be incorrect. [C:\Users\fallo\Desktop\CECS 440\Lab 5\Lab5\Lab5.srcs\sources_1\new\alu.v:]
ERROR: [Common 17-180] Spawn failed: No error
WARNING: [filemgmt 56-199] Attempt to get parsing info during refresh. "On-the-fly" syntax checking information may be incorrect. [C:\Users\fallo\Desktop\CECS 440\Lab 5\Lab5\Lab5.srcs\sources_1\new\regfile.v:]
WARNING: [filemgmt 56-199] Attempt to get parsing info during refresh. "On-the-fly" syntax checking information may be incorrect. [C:\Users\fallo\Desktop\CECS 440\Lab 5\Lab5\Lab5.srcs\sources_1\new\alu.v:]
WARNING: [filemgmt 56-199] Attempt to get parsing info during refresh. "On-the-fly" syntax checking information may be incorrect. [C:\Users\fallo\Desktop\CECS 440\Lab 5\Lab5\Lab5.srcs\sources_1\new\aluout.v:]
WARNING: [filemgmt 56-199] Attempt to get parsing info during refresh. "On-the-fly" syntax checking information may be incorrect. [C:\Users\fallo\Desktop\CECS 440\Lab 5\Lab5\Lab5.srcs\sources_1\new\design.v:]
WARNING: [filemgmt 56-199] Attempt to get parsing info during refresh. "On-the-fly" syntax checking information may be incorrect. [C:\Users\fallo\Desktop\CECS 440\Lab 5\Lab5\Lab5.srcs\sources_1\new\regfile.v:]
WARNING: [filemgmt 56-199] Attempt to get parsing info during refresh. "On-the-fly" syntax checking information may be incorrect. [C:\Users\fallo\Desktop\CECS 440\Lab 5\Lab5\Lab5.srcs\sources_1\new\regfile.v:]
WARNING: [filemgmt 56-199] Attempt to get parsing info during refresh. "On-the-fly" syntax checking information may be incorrect. [C:\Users\fallo\Desktop\CECS 440\Lab 5\Lab5\Lab5.srcs\sources_1\new\regfile.v:]
WARNING: [filemgmt 56-199] Attempt to get parsing info during refresh. "On-the-fly" syntax checking information may be incorrect. [C:\Users\fallo\Desktop\CECS 440\Lab 5\Lab5\Lab5.srcs\sources_1\new\alu.v:]
WARNING: [filemgmt 56-199] Attempt to get parsing info during refresh. "On-the-fly" syntax checking information may be incorrect. [C:\Users\fallo\Desktop\CECS 440\Lab 5\Lab5\Lab5.srcs\sources_1\new\aluout.v:]
WARNING: [filemgmt 56-199] Attempt to get parsing info during refresh. "On-the-fly" syntax checking information may be incorrect. [C:\Users\fallo\Desktop\CECS 440\Lab 5\Lab5\Lab5.srcs\sources_1\new\design.v:]
WARNING: [filemgmt 56-199] Attempt to get parsing info during refresh. "On-the-fly" syntax checking information may be incorrect. [C:\Users\fallo\Desktop\CECS 440\Lab 5\Lab5\Lab5.srcs\sources_1\new\alu.v:]
WARNING: [filemgmt 56-199] Attempt to get parsing info during refresh. "On-the-fly" syntax checking information may be incorrect. [C:\Users\fallo\Desktop\CECS 440\Lab 5\Lab5\Lab5.srcs\sources_1\new\alu.v:]
ERROR: [Common 17-180] Spawn failed: No error
update_compile_order -fileset sources_1
WARNING: [filemgmt 56-199] Attempt to get parsing info during refresh. "On-the-fly" syntax checking information may be incorrect. [C:\Users\fallo\Desktop\CECS 440\Lab 5\Lab5\Lab5.srcs\sources_1\new\regfile.v:]
WARNING: [filemgmt 56-199] Attempt to get parsing info during refresh. "On-the-fly" syntax checking information may be incorrect. [C:\Users\fallo\Desktop\CECS 440\Lab 5\Lab5\Lab5.srcs\sources_1\new\alu.v:]
WARNING: [filemgmt 56-199] Attempt to get parsing info during refresh. "On-the-fly" syntax checking information may be incorrect. [C:\Users\fallo\Desktop\CECS 440\Lab 5\Lab5\Lab5.srcs\sources_1\new\aluout.v:]
WARNING: [filemgmt 56-199] Attempt to get parsing info during refresh. "On-the-fly" syntax checking information may be incorrect. [C:\Users\fallo\Desktop\CECS 440\Lab 5\Lab5\Lab5.srcs\sources_1\new\design.v:]
WARNING: [filemgmt 56-199] Attempt to get parsing info during refresh. "On-the-fly" syntax checking information may be incorrect. [C:\Users\fallo\Desktop\CECS 440\Lab 5\Lab5\Lab5.srcs\sources_1\new\regfile.v:]
WARNING: [filemgmt 56-199] Attempt to get parsing info during refresh. "On-the-fly" syntax checking information may be incorrect. [C:\Users\fallo\Desktop\CECS 440\Lab 5\Lab5\Lab5.srcs\sources_1\new\regfile.v:]
WARNING: [filemgmt 56-199] Attempt to get parsing info during refresh. "On-the-fly" syntax checking information may be incorrect. [C:\Users\fallo\Desktop\CECS 440\Lab 5\Lab5\Lab5.srcs\sources_1\new\regfile.v:]
WARNING: [filemgmt 56-199] Attempt to get parsing info during refresh. "On-the-fly" syntax checking information may be incorrect. [C:\Users\fallo\Desktop\CECS 440\Lab 5\Lab5\Lab5.srcs\sources_1\new\alu.v:]
WARNING: [filemgmt 56-199] Attempt to get parsing info during refresh. "On-the-fly" syntax checking information may be incorrect. [C:\Users\fallo\Desktop\CECS 440\Lab 5\Lab5\Lab5.srcs\sources_1\new\aluout.v:]
WARNING: [filemgmt 56-199] Attempt to get parsing info during refresh. "On-the-fly" syntax checking information may be incorrect. [C:\Users\fallo\Desktop\CECS 440\Lab 5\Lab5\Lab5.srcs\sources_1\new\design.v:]
WARNING: [filemgmt 56-199] Attempt to get parsing info during refresh. "On-the-fly" syntax checking information may be incorrect. [C:\Users\fallo\Desktop\CECS 440\Lab 5\Lab5\Lab5.srcs\sources_1\new\alu.v:]
WARNING: [filemgmt 56-199] Attempt to get parsing info during refresh. "On-the-fly" syntax checking information may be incorrect. [C:\Users\fallo\Desktop\CECS 440\Lab 5\Lab5\Lab5.srcs\sources_1\new\alu.v:]
ERROR: [Common 17-180] Spawn failed: No error
WARNING: [filemgmt 56-199] Attempt to get parsing info during refresh. "On-the-fly" syntax checking information may be incorrect. [C:\Users\fallo\Desktop\CECS 440\Lab 5\Lab5\Lab5.srcs\sources_1\new\regfile.v:]
WARNING: [filemgmt 56-199] Attempt to get parsing info during refresh. "On-the-fly" syntax checking information may be incorrect. [C:\Users\fallo\Desktop\CECS 440\Lab 5\Lab5\Lab5.srcs\sources_1\new\alu.v:]
WARNING: [filemgmt 56-199] Attempt to get parsing info during refresh. "On-the-fly" syntax checking information may be incorrect. [C:\Users\fallo\Desktop\CECS 440\Lab 5\Lab5\Lab5.srcs\sources_1\new\aluout.v:]
WARNING: [filemgmt 56-199] Attempt to get parsing info during refresh. "On-the-fly" syntax checking information may be incorrect. [C:\Users\fallo\Desktop\CECS 440\Lab 5\Lab5\Lab5.srcs\sources_1\new\design.v:]
WARNING: [filemgmt 56-199] Attempt to get parsing info during refresh. "On-the-fly" syntax checking information may be incorrect. [C:\Users\fallo\Desktop\CECS 440\Lab 5\Lab5\Lab5.srcs\sources_1\new\regfile.v:]
WARNING: [filemgmt 56-199] Attempt to get parsing info during refresh. "On-the-fly" syntax checking information may be incorrect. [C:\Users\fallo\Desktop\CECS 440\Lab 5\Lab5\Lab5.srcs\sources_1\new\regfile.v:]
WARNING: [filemgmt 56-199] Attempt to get parsing info during refresh. "On-the-fly" syntax checking information may be incorrect. [C:\Users\fallo\Desktop\CECS 440\Lab 5\Lab5\Lab5.srcs\sources_1\new\regfile.v:]
WARNING: [filemgmt 56-199] Attempt to get parsing info during refresh. "On-the-fly" syntax checking information may be incorrect. [C:\Users\fallo\Desktop\CECS 440\Lab 5\Lab5\Lab5.srcs\sources_1\new\alu.v:]
WARNING: [filemgmt 56-199] Attempt to get parsing info during refresh. "On-the-fly" syntax checking information may be incorrect. [C:\Users\fallo\Desktop\CECS 440\Lab 5\Lab5\Lab5.srcs\sources_1\new\aluout.v:]
WARNING: [filemgmt 56-199] Attempt to get parsing info during refresh. "On-the-fly" syntax checking information may be incorrect. [C:\Users\fallo\Desktop\CECS 440\Lab 5\Lab5\Lab5.srcs\sources_1\new\design.v:]
WARNING: [filemgmt 56-199] Attempt to get parsing info during refresh. "On-the-fly" syntax checking information may be incorrect. [C:\Users\fallo\Desktop\CECS 440\Lab 5\Lab5\Lab5.srcs\sources_1\new\design.v:]
WARNING: [filemgmt 56-199] Attempt to get parsing info during refresh. "On-the-fly" syntax checking information may be incorrect. [C:\Users\fallo\Desktop\CECS 440\Lab 5\Lab5\Lab5.srcs\sources_1\new\design.v:]
ERROR: [Common 17-180] Spawn failed: No error
WARNING: [filemgmt 56-199] Attempt to get parsing info during refresh. "On-the-fly" syntax checking information may be incorrect. [C:\Users\fallo\Desktop\CECS 440\Lab 5\Lab5\Lab5.srcs\sources_1\new\regfile.v:]
WARNING: [filemgmt 56-199] Attempt to get parsing info during refresh. "On-the-fly" syntax checking information may be incorrect. [C:\Users\fallo\Desktop\CECS 440\Lab 5\Lab5\Lab5.srcs\sources_1\new\alu.v:]
WARNING: [filemgmt 56-199] Attempt to get parsing info during refresh. "On-the-fly" syntax checking information may be incorrect. [C:\Users\fallo\Desktop\CECS 440\Lab 5\Lab5\Lab5.srcs\sources_1\new\aluout.v:]
WARNING: [filemgmt 56-199] Attempt to get parsing info during refresh. "On-the-fly" syntax checking information may be incorrect. [C:\Users\fallo\Desktop\CECS 440\Lab 5\Lab5\Lab5.srcs\sources_1\new\design.v:]
WARNING: [filemgmt 56-199] Attempt to get parsing info during refresh. "On-the-fly" syntax checking information may be incorrect. [C:\Users\fallo\Desktop\CECS 440\Lab 5\Lab5\Lab5.srcs\sources_1\new\alu.v:]
WARNING: [filemgmt 56-199] Attempt to get parsing info during refresh. "On-the-fly" syntax checking information may be incorrect. [C:\Users\fallo\Desktop\CECS 440\Lab 5\Lab5\Lab5.srcs\sources_1\new\alu.v:]
ERROR: [Common 17-180] Spawn failed: No error
WARNING: [filemgmt 56-199] Attempt to get parsing info during refresh. "On-the-fly" syntax checking information may be incorrect. [C:\Users\fallo\Desktop\CECS 440\Lab 5\Lab5\Lab5.srcs\sources_1\new\regfile.v:]
WARNING: [filemgmt 56-199] Attempt to get parsing info during refresh. "On-the-fly" syntax checking information may be incorrect. [C:\Users\fallo\Desktop\CECS 440\Lab 5\Lab5\Lab5.srcs\sources_1\new\alu.v:]
WARNING: [filemgmt 56-199] Attempt to get parsing info during refresh. "On-the-fly" syntax checking information may be incorrect. [C:\Users\fallo\Desktop\CECS 440\Lab 5\Lab5\Lab5.srcs\sources_1\new\aluout.v:]
WARNING: [filemgmt 56-199] Attempt to get parsing info during refresh. "On-the-fly" syntax checking information may be incorrect. [C:\Users\fallo\Desktop\CECS 440\Lab 5\Lab5\Lab5.srcs\sources_1\new\design.v:]
WARNING: [filemgmt 56-199] Attempt to get parsing info during refresh. "On-the-fly" syntax checking information may be incorrect. [C:\Users\fallo\Desktop\CECS 440\Lab 5\Lab5\Lab5.srcs\sources_1\new\regfile.v:]
WARNING: [filemgmt 56-199] Attempt to get parsing info during refresh. "On-the-fly" syntax checking information may be incorrect. [C:\Users\fallo\Desktop\CECS 440\Lab 5\Lab5\Lab5.srcs\sources_1\new\regfile.v:]
WARNING: [filemgmt 56-199] Attempt to get parsing info during refresh. "On-the-fly" syntax checking information may be incorrect. [C:\Users\fallo\Desktop\CECS 440\Lab 5\Lab5\Lab5.srcs\sources_1\new\regfile.v:]
WARNING: [filemgmt 56-199] Attempt to get parsing info during refresh. "On-the-fly" syntax checking information may be incorrect. [C:\Users\fallo\Desktop\CECS 440\Lab 5\Lab5\Lab5.srcs\sources_1\new\alu.v:]
WARNING: [filemgmt 56-199] Attempt to get parsing info during refresh. "On-the-fly" syntax checking information may be incorrect. [C:\Users\fallo\Desktop\CECS 440\Lab 5\Lab5\Lab5.srcs\sources_1\new\aluout.v:]
WARNING: [filemgmt 56-199] Attempt to get parsing info during refresh. "On-the-fly" syntax checking information may be incorrect. [C:\Users\fallo\Desktop\CECS 440\Lab 5\Lab5\Lab5.srcs\sources_1\new\design.v:]
WARNING: [filemgmt 56-199] Attempt to get parsing info during refresh. "On-the-fly" syntax checking information may be incorrect. [C:\Users\fallo\Desktop\CECS 440\Lab 5\Lab5\Lab5.srcs\sources_1\new\alu.v:]
WARNING: [filemgmt 56-199] Attempt to get parsing info during refresh. "On-the-fly" syntax checking information may be incorrect. [C:\Users\fallo\Desktop\CECS 440\Lab 5\Lab5\Lab5.srcs\sources_1\new\alu.v:]
WARNING: [filemgmt 56-199] Attempt to get parsing info during refresh. "On-the-fly" syntax checking information may be incorrect. [C:\Users\fallo\Desktop\CECS 440\Lab 5\Lab5\Lab5.srcs\sources_1\new\regfile.v:]
WARNING: [filemgmt 56-199] Attempt to get parsing info during refresh. "On-the-fly" syntax checking information may be incorrect. [C:\Users\fallo\Desktop\CECS 440\Lab 5\Lab5\Lab5.srcs\sources_1\new\alu.v:]
WARNING: [filemgmt 56-199] Attempt to get parsing info during refresh. "On-the-fly" syntax checking information may be incorrect. [C:\Users\fallo\Desktop\CECS 440\Lab 5\Lab5\Lab5.srcs\sources_1\new\aluout.v:]
WARNING: [filemgmt 56-199] Attempt to get parsing info during refresh. "On-the-fly" syntax checking information may be incorrect. [C:\Users\fallo\Desktop\CECS 440\Lab 5\Lab5\Lab5.srcs\sources_1\new\design.v:]
WARNING: [filemgmt 56-199] Attempt to get parsing info during refresh. "On-the-fly" syntax checking information may be incorrect. [C:\Users\fallo\Desktop\CECS 440\Lab 5\Lab5\Lab5.srcs\sources_1\new\regfile.v:]
WARNING: [filemgmt 56-199] Attempt to get parsing info during refresh. "On-the-fly" syntax checking information may be incorrect. [C:\Users\fallo\Desktop\CECS 440\Lab 5\Lab5\Lab5.srcs\sources_1\new\regfile.v:]
WARNING: [filemgmt 56-199] Attempt to get parsing info during refresh. "On-the-fly" syntax checking information may be incorrect. [C:\Users\fallo\Desktop\CECS 440\Lab 5\Lab5\Lab5.srcs\sources_1\new\regfile.v:]
WARNING: [filemgmt 56-199] Attempt to get parsing info during refresh. "On-the-fly" syntax checking information may be incorrect. [C:\Users\fallo\Desktop\CECS 440\Lab 5\Lab5\Lab5.srcs\sources_1\new\alu.v:]
WARNING: [filemgmt 56-199] Attempt to get parsing info during refresh. "On-the-fly" syntax checking information may be incorrect. [C:\Users\fallo\Desktop\CECS 440\Lab 5\Lab5\Lab5.srcs\sources_1\new\aluout.v:]
WARNING: [filemgmt 56-199] Attempt to get parsing info during refresh. "On-the-fly" syntax checking information may be incorrect. [C:\Users\fallo\Desktop\CECS 440\Lab 5\Lab5\Lab5.srcs\sources_1\new\design.v:]
WARNING: [filemgmt 56-199] Attempt to get parsing info during refresh. "On-the-fly" syntax checking information may be incorrect. [C:\Users\fallo\Desktop\CECS 440\Lab 5\Lab5\Lab5.srcs\sources_1\new\alu.v:]
WARNING: [filemgmt 56-199] Attempt to get parsing info during refresh. "On-the-fly" syntax checking information may be incorrect. [C:\Users\fallo\Desktop\CECS 440\Lab 5\Lab5\Lab5.srcs\sources_1\new\alu.v:]
ERROR: [Common 17-180] Spawn failed: No error
update_compile_order -fileset sources_1
WARNING: [filemgmt 56-199] Attempt to get parsing info during refresh. "On-the-fly" syntax checking information may be incorrect. [C:\Users\fallo\Desktop\CECS 440\Lab 5\Lab5\Lab5.srcs\sources_1\new\regfile.v:]
WARNING: [filemgmt 56-199] Attempt to get parsing info during refresh. "On-the-fly" syntax checking information may be incorrect. [C:\Users\fallo\Desktop\CECS 440\Lab 5\Lab5\Lab5.srcs\sources_1\new\alu.v:]
WARNING: [filemgmt 56-199] Attempt to get parsing info during refresh. "On-the-fly" syntax checking information may be incorrect. [C:\Users\fallo\Desktop\CECS 440\Lab 5\Lab5\Lab5.srcs\sources_1\new\aluout.v:]
WARNING: [filemgmt 56-199] Attempt to get parsing info during refresh. "On-the-fly" syntax checking information may be incorrect. [C:\Users\fallo\Desktop\CECS 440\Lab 5\Lab5\Lab5.srcs\sources_1\new\design.v:]
WARNING: [filemgmt 56-199] Attempt to get parsing info during refresh. "On-the-fly" syntax checking information may be incorrect. [C:\Users\fallo\Desktop\CECS 440\Lab 5\Lab5\Lab5.srcs\sources_1\new\regfile.v:]
WARNING: [filemgmt 56-199] Attempt to get parsing info during refresh. "On-the-fly" syntax checking information may be incorrect. [C:\Users\fallo\Desktop\CECS 440\Lab 5\Lab5\Lab5.srcs\sources_1\new\regfile.v:]
WARNING: [filemgmt 56-199] Attempt to get parsing info during refresh. "On-the-fly" syntax checking information may be incorrect. [C:\Users\fallo\Desktop\CECS 440\Lab 5\Lab5\Lab5.srcs\sources_1\new\regfile.v:]
WARNING: [filemgmt 56-199] Attempt to get parsing info during refresh. "On-the-fly" syntax checking information may be incorrect. [C:\Users\fallo\Desktop\CECS 440\Lab 5\Lab5\Lab5.srcs\sources_1\new\alu.v:]
WARNING: [filemgmt 56-199] Attempt to get parsing info during refresh. "On-the-fly" syntax checking information may be incorrect. [C:\Users\fallo\Desktop\CECS 440\Lab 5\Lab5\Lab5.srcs\sources_1\new\aluout.v:]
WARNING: [filemgmt 56-199] Attempt to get parsing info during refresh. "On-the-fly" syntax checking information may be incorrect. [C:\Users\fallo\Desktop\CECS 440\Lab 5\Lab5\Lab5.srcs\sources_1\new\design.v:]
WARNING: [filemgmt 56-199] Attempt to get parsing info during refresh. "On-the-fly" syntax checking information may be incorrect. [C:\Users\fallo\Desktop\CECS 440\Lab 5\Lab5\Lab5.srcs\sources_1\new\alu.v:]
WARNING: [filemgmt 56-199] Attempt to get parsing info during refresh. "On-the-fly" syntax checking information may be incorrect. [C:\Users\fallo\Desktop\CECS 440\Lab 5\Lab5\Lab5.srcs\sources_1\new\alu.v:]
set_property SOURCE_SET sources_1 [get_filesets sim_1]
close [ open {C:/Users/fallo/Desktop/CECS 440/Lab 5/Lab5/Lab5.srcs/sim_1/new/testbench_skeleton.v} w ]
add_files -fileset sim_1 {{C:/Users/fallo/Desktop/CECS 440/Lab 5/Lab5/Lab5.srcs/sim_1/new/testbench_skeleton.v}}
WARNING: [filemgmt 56-199] Attempt to get parsing info during refresh. "On-the-fly" syntax checking information may be incorrect. [C:\Users\fallo\Desktop\CECS 440\Lab 5\Lab5\Lab5.srcs\sources_1\new\regfile.v:]
WARNING: [filemgmt 56-199] Attempt to get parsing info during refresh. "On-the-fly" syntax checking information may be incorrect. [C:\Users\fallo\Desktop\CECS 440\Lab 5\Lab5\Lab5.srcs\sources_1\new\alu.v:]
WARNING: [filemgmt 56-199] Attempt to get parsing info during refresh. "On-the-fly" syntax checking information may be incorrect. [C:\Users\fallo\Desktop\CECS 440\Lab 5\Lab5\Lab5.srcs\sources_1\new\aluout.v:]
WARNING: [filemgmt 56-199] Attempt to get parsing info during refresh. "On-the-fly" syntax checking information may be incorrect. [C:\Users\fallo\Desktop\CECS 440\Lab 5\Lab5\Lab5.srcs\sources_1\new\design.v:]
WARNING: [filemgmt 56-199] Attempt to get parsing info during refresh. "On-the-fly" syntax checking information may be incorrect. [C:\Users\fallo\Desktop\CECS 440\Lab 5\Lab5\Lab5.srcs\sources_1\new\regfile.v:]
WARNING: [filemgmt 56-199] Attempt to get parsing info during refresh. "On-the-fly" syntax checking information may be incorrect. [C:\Users\fallo\Desktop\CECS 440\Lab 5\Lab5\Lab5.srcs\sources_1\new\regfile.v:]
WARNING: [filemgmt 56-199] Attempt to get parsing info during refresh. "On-the-fly" syntax checking information may be incorrect. [C:\Users\fallo\Desktop\CECS 440\Lab 5\Lab5\Lab5.srcs\sources_1\new\regfile.v:]
WARNING: [filemgmt 56-199] Attempt to get parsing info during refresh. "On-the-fly" syntax checking information may be incorrect. [C:\Users\fallo\Desktop\CECS 440\Lab 5\Lab5\Lab5.srcs\sources_1\new\alu.v:]
WARNING: [filemgmt 56-199] Attempt to get parsing info during refresh. "On-the-fly" syntax checking information may be incorrect. [C:\Users\fallo\Desktop\CECS 440\Lab 5\Lab5\Lab5.srcs\sources_1\new\aluout.v:]
WARNING: [filemgmt 56-199] Attempt to get parsing info during refresh. "On-the-fly" syntax checking information may be incorrect. [C:\Users\fallo\Desktop\CECS 440\Lab 5\Lab5\Lab5.srcs\sources_1\new\design.v:]
WARNING: [filemgmt 56-199] Attempt to get parsing info during refresh. "On-the-fly" syntax checking information may be incorrect. [C:\Users\fallo\Desktop\CECS 440\Lab 5\Lab5\Lab5.srcs\sources_1\new\regfile.v:]
WARNING: [filemgmt 56-199] Attempt to get parsing info during refresh. "On-the-fly" syntax checking information may be incorrect. [C:\Users\fallo\Desktop\CECS 440\Lab 5\Lab5\Lab5.srcs\sources_1\new\regfile.v:]
WARNING: [filemgmt 56-199] Attempt to get parsing info during refresh. "On-the-fly" syntax checking information may be incorrect. [C:\Users\fallo\Desktop\CECS 440\Lab 5\Lab5\Lab5.srcs\sources_1\new\regfile.v:]
WARNING: [filemgmt 56-199] Attempt to get parsing info during refresh. "On-the-fly" syntax checking information may be incorrect. [C:\Users\fallo\Desktop\CECS 440\Lab 5\Lab5\Lab5.srcs\sources_1\new\alu.v:]
WARNING: [filemgmt 56-199] Attempt to get parsing info during refresh. "On-the-fly" syntax checking information may be incorrect. [C:\Users\fallo\Desktop\CECS 440\Lab 5\Lab5\Lab5.srcs\sources_1\new\aluout.v:]
WARNING: [filemgmt 56-199] Attempt to get parsing info during refresh. "On-the-fly" syntax checking information may be incorrect. [C:\Users\fallo\Desktop\CECS 440\Lab 5\Lab5\Lab5.srcs\sources_1\new\design.v:]
WARNING: [filemgmt 56-199] Attempt to get parsing info during refresh. "On-the-fly" syntax checking information may be incorrect. [C:\Users\fallo\Desktop\CECS 440\Lab 5\Lab5\Lab5.srcs\sources_1\new\design.v:]
WARNING: [filemgmt 56-199] Attempt to get parsing info during refresh. "On-the-fly" syntax checking information may be incorrect. [C:\Users\fallo\Desktop\CECS 440\Lab 5\Lab5\Lab5.srcs\sources_1\new\design.v:]
ERROR: [Common 17-180] Spawn failed: No error
WARNING: [filemgmt 56-199] Attempt to get parsing info during refresh. "On-the-fly" syntax checking information may be incorrect. [C:\Users\fallo\Desktop\CECS 440\Lab 5\Lab5\Lab5.srcs\sources_1\new\regfile.v:]
WARNING: [filemgmt 56-199] Attempt to get parsing info during refresh. "On-the-fly" syntax checking information may be incorrect. [C:\Users\fallo\Desktop\CECS 440\Lab 5\Lab5\Lab5.srcs\sources_1\new\alu.v:]
WARNING: [filemgmt 56-199] Attempt to get parsing info during refresh. "On-the-fly" syntax checking information may be incorrect. [C:\Users\fallo\Desktop\CECS 440\Lab 5\Lab5\Lab5.srcs\sources_1\new\aluout.v:]
WARNING: [filemgmt 56-199] Attempt to get parsing info during refresh. "On-the-fly" syntax checking information may be incorrect. [C:\Users\fallo\Desktop\CECS 440\Lab 5\Lab5\Lab5.srcs\sources_1\new\design.v:]
WARNING: [filemgmt 56-199] Attempt to get parsing info during refresh. "On-the-fly" syntax checking information may be incorrect. [C:\Users\fallo\Desktop\CECS 440\Lab 5\Lab5\Lab5.srcs\sources_1\new\alu.v:]
WARNING: [filemgmt 56-199] Attempt to get parsing info during refresh. "On-the-fly" syntax checking information may be incorrect. [C:\Users\fallo\Desktop\CECS 440\Lab 5\Lab5\Lab5.srcs\sources_1\new\alu.v:]
ERROR: [Common 17-180] Spawn failed: No error
update_compile_order -fileset sim_1
WARNING: [filemgmt 56-199] Attempt to get parsing info during refresh. "On-the-fly" syntax checking information may be incorrect. [C:\Users\fallo\Desktop\CECS 440\Lab 5\Lab5\Lab5.srcs\sources_1\new\regfile.v:]
WARNING: [filemgmt 56-199] Attempt to get parsing info during refresh. "On-the-fly" syntax checking information may be incorrect. [C:\Users\fallo\Desktop\CECS 440\Lab 5\Lab5\Lab5.srcs\sources_1\new\alu.v:]
WARNING: [filemgmt 56-199] Attempt to get parsing info during refresh. "On-the-fly" syntax checking information may be incorrect. [C:\Users\fallo\Desktop\CECS 440\Lab 5\Lab5\Lab5.srcs\sources_1\new\aluout.v:]
WARNING: [filemgmt 56-199] Attempt to get parsing info during refresh. "On-the-fly" syntax checking information may be incorrect. [C:\Users\fallo\Desktop\CECS 440\Lab 5\Lab5\Lab5.srcs\sources_1\new\design.v:]
WARNING: [filemgmt 56-199] Attempt to get parsing info during refresh. "On-the-fly" syntax checking information may be incorrect. [C:\Users\fallo\Desktop\CECS 440\Lab 5\Lab5\Lab5.srcs\sources_1\new\regfile.v:]
WARNING: [filemgmt 56-199] Attempt to get parsing info during refresh. "On-the-fly" syntax checking information may be incorrect. [C:\Users\fallo\Desktop\CECS 440\Lab 5\Lab5\Lab5.srcs\sources_1\new\regfile.v:]
WARNING: [filemgmt 56-199] Attempt to get parsing info during refresh. "On-the-fly" syntax checking information may be incorrect. [C:\Users\fallo\Desktop\CECS 440\Lab 5\Lab5\Lab5.srcs\sources_1\new\regfile.v:]
WARNING: [filemgmt 56-199] Attempt to get parsing info during refresh. "On-the-fly" syntax checking information may be incorrect. [C:\Users\fallo\Desktop\CECS 440\Lab 5\Lab5\Lab5.srcs\sources_1\new\alu.v:]
WARNING: [filemgmt 56-199] Attempt to get parsing info during refresh. "On-the-fly" syntax checking information may be incorrect. [C:\Users\fallo\Desktop\CECS 440\Lab 5\Lab5\Lab5.srcs\sources_1\new\aluout.v:]
WARNING: [filemgmt 56-199] Attempt to get parsing info during refresh. "On-the-fly" syntax checking information may be incorrect. [C:\Users\fallo\Desktop\CECS 440\Lab 5\Lab5\Lab5.srcs\sources_1\new\design.v:]
WARNING: [filemgmt 56-199] Attempt to get parsing info during refresh. "On-the-fly" syntax checking information may be incorrect. [C:\Users\fallo\Desktop\CECS 440\Lab 5\Lab5\Lab5.srcs\sources_1\new\design.v:]
WARNING: [filemgmt 56-199] Attempt to get parsing info during refresh. "On-the-fly" syntax checking information may be incorrect. [C:\Users\fallo\Desktop\CECS 440\Lab 5\Lab5\Lab5.srcs\sources_1\new\design.v:]
ERROR: [Common 17-180] Spawn failed: No error
WARNING: [filemgmt 56-199] Attempt to get parsing info during refresh. "On-the-fly" syntax checking information may be incorrect. [C:\Users\fallo\Desktop\CECS 440\Lab 5\Lab5\Lab5.srcs\sources_1\new\regfile.v:]
WARNING: [filemgmt 56-199] Attempt to get parsing info during refresh. "On-the-fly" syntax checking information may be incorrect. [C:\Users\fallo\Desktop\CECS 440\Lab 5\Lab5\Lab5.srcs\sources_1\new\alu.v:]
WARNING: [filemgmt 56-199] Attempt to get parsing info during refresh. "On-the-fly" syntax checking information may be incorrect. [C:\Users\fallo\Desktop\CECS 440\Lab 5\Lab5\Lab5.srcs\sources_1\new\aluout.v:]
WARNING: [filemgmt 56-199] Attempt to get parsing info during refresh. "On-the-fly" syntax checking information may be incorrect. [C:\Users\fallo\Desktop\CECS 440\Lab 5\Lab5\Lab5.srcs\sources_1\new\design.v:]
WARNING: [filemgmt 56-199] Attempt to get parsing info during refresh. "On-the-fly" syntax checking information may be incorrect. [C:\Users\fallo\Desktop\CECS 440\Lab 5\Lab5\Lab5.srcs\sources_1\new\alu.v:]
WARNING: [filemgmt 56-199] Attempt to get parsing info during refresh. "On-the-fly" syntax checking information may be incorrect. [C:\Users\fallo\Desktop\CECS 440\Lab 5\Lab5\Lab5.srcs\sources_1\new\alu.v:]
ERROR: [Common 17-180] Spawn failed: No error
WARNING: [filemgmt 56-199] Attempt to get parsing info during refresh. "On-the-fly" syntax checking information may be incorrect. [C:\Users\fallo\Desktop\CECS 440\Lab 5\Lab5\Lab5.srcs\sources_1\new\regfile.v:]
WARNING: [filemgmt 56-199] Attempt to get parsing info during refresh. "On-the-fly" syntax checking information may be incorrect. [C:\Users\fallo\Desktop\CECS 440\Lab 5\Lab5\Lab5.srcs\sim_1\new\testbench_skeleton.v:]
WARNING: [filemgmt 56-199] Attempt to get parsing info during refresh. "On-the-fly" syntax checking information may be incorrect. [C:\Users\fallo\Desktop\CECS 440\Lab 5\Lab5\Lab5.srcs\sources_1\new\alu.v:]
WARNING: [filemgmt 56-199] Attempt to get parsing info during refresh. "On-the-fly" syntax checking information may be incorrect. [C:\Users\fallo\Desktop\CECS 440\Lab 5\Lab5\Lab5.srcs\sources_1\new\aluout.v:]
WARNING: [filemgmt 56-199] Attempt to get parsing info during refresh. "On-the-fly" syntax checking information may be incorrect. [C:\Users\fallo\Desktop\CECS 440\Lab 5\Lab5\Lab5.srcs\sources_1\new\design.v:]
WARNING: [filemgmt 56-199] Attempt to get parsing info during refresh. "On-the-fly" syntax checking information may be incorrect. [C:\Users\fallo\Desktop\CECS 440\Lab 5\Lab5\Lab5.srcs\sources_1\new\regfile.v:]
WARNING: [filemgmt 56-199] Attempt to get parsing info during refresh. "On-the-fly" syntax checking information may be incorrect. [C:\Users\fallo\Desktop\CECS 440\Lab 5\Lab5\Lab5.srcs\sources_1\new\regfile.v:]
WARNING: [filemgmt 56-199] Attempt to get parsing info during refresh. "On-the-fly" syntax checking information may be incorrect. [C:\Users\fallo\Desktop\CECS 440\Lab 5\Lab5\Lab5.srcs\sources_1\new\regfile.v:]
WARNING: [filemgmt 56-199] Attempt to get parsing info during refresh. "On-the-fly" syntax checking information may be incorrect. [C:\Users\fallo\Desktop\CECS 440\Lab 5\Lab5\Lab5.srcs\sim_1\new\testbench_skeleton.v:]
WARNING: [filemgmt 56-199] Attempt to get parsing info during refresh. "On-the-fly" syntax checking information may be incorrect. [C:\Users\fallo\Desktop\CECS 440\Lab 5\Lab5\Lab5.srcs\sources_1\new\alu.v:]
WARNING: [filemgmt 56-199] Attempt to get parsing info during refresh. "On-the-fly" syntax checking information may be incorrect. [C:\Users\fallo\Desktop\CECS 440\Lab 5\Lab5\Lab5.srcs\sources_1\new\aluout.v:]
WARNING: [filemgmt 56-199] Attempt to get parsing info during refresh. "On-the-fly" syntax checking information may be incorrect. [C:\Users\fallo\Desktop\CECS 440\Lab 5\Lab5\Lab5.srcs\sources_1\new\design.v:]
WARNING: [filemgmt 56-199] Attempt to get parsing info during refresh. "On-the-fly" syntax checking information may be incorrect. [C:\Users\fallo\Desktop\CECS 440\Lab 5\Lab5\Lab5.srcs\sources_1\new\design.v:]
WARNING: [filemgmt 56-199] Attempt to get parsing info during refresh. "On-the-fly" syntax checking information may be incorrect. [C:\Users\fallo\Desktop\CECS 440\Lab 5\Lab5\Lab5.srcs\sources_1\new\design.v:]
WARNING: [filemgmt 56-199] Attempt to get parsing info during refresh. "On-the-fly" syntax checking information may be incorrect. [C:\Users\fallo\Desktop\CECS 440\Lab 5\Lab5\Lab5.srcs\sources_1\new\regfile.v:]
WARNING: [filemgmt 56-199] Attempt to get parsing info during refresh. "On-the-fly" syntax checking information may be incorrect. [C:\Users\fallo\Desktop\CECS 440\Lab 5\Lab5\Lab5.srcs\sim_1\new\testbench_skeleton.v:]
WARNING: [filemgmt 56-199] Attempt to get parsing info during refresh. "On-the-fly" syntax checking information may be incorrect. [C:\Users\fallo\Desktop\CECS 440\Lab 5\Lab5\Lab5.srcs\sources_1\new\alu.v:]
WARNING: [filemgmt 56-199] Attempt to get parsing info during refresh. "On-the-fly" syntax checking information may be incorrect. [C:\Users\fallo\Desktop\CECS 440\Lab 5\Lab5\Lab5.srcs\sources_1\new\aluout.v:]
WARNING: [filemgmt 56-199] Attempt to get parsing info during refresh. "On-the-fly" syntax checking information may be incorrect. [C:\Users\fallo\Desktop\CECS 440\Lab 5\Lab5\Lab5.srcs\sources_1\new\design.v:]
WARNING: [filemgmt 56-199] Attempt to get parsing info during refresh. "On-the-fly" syntax checking information may be incorrect. [C:\Users\fallo\Desktop\CECS 440\Lab 5\Lab5\Lab5.srcs\sources_1\new\ALUout.v:]
WARNING: [filemgmt 56-199] Attempt to get parsing info during refresh. "On-the-fly" syntax checking information may be incorrect. [C:\Users\fallo\Desktop\CECS 440\Lab 5\Lab5\Lab5.srcs\sources_1\new\ALUout.v:]
WARNING: [filemgmt 56-199] Attempt to get parsing info during refresh. "On-the-fly" syntax checking information may be incorrect. [C:\Users\fallo\Desktop\CECS 440\Lab 5\Lab5\Lab5.srcs\sources_1\new\regfile.v:]
WARNING: [filemgmt 56-199] Attempt to get parsing info during refresh. "On-the-fly" syntax checking information may be incorrect. [C:\Users\fallo\Desktop\CECS 440\Lab 5\Lab5\Lab5.srcs\sim_1\new\testbench_skeleton.v:]
WARNING: [filemgmt 56-199] Attempt to get parsing info during refresh. "On-the-fly" syntax checking information may be incorrect. [C:\Users\fallo\Desktop\CECS 440\Lab 5\Lab5\Lab5.srcs\sources_1\new\alu.v:]
WARNING: [filemgmt 56-199] Attempt to get parsing info during refresh. "On-the-fly" syntax checking information may be incorrect. [C:\Users\fallo\Desktop\CECS 440\Lab 5\Lab5\Lab5.srcs\sources_1\new\aluout.v:]
WARNING: [filemgmt 56-199] Attempt to get parsing info during refresh. "On-the-fly" syntax checking information may be incorrect. [C:\Users\fallo\Desktop\CECS 440\Lab 5\Lab5\Lab5.srcs\sources_1\new\design.v:]
WARNING: [filemgmt 56-199] Attempt to get parsing info during refresh. "On-the-fly" syntax checking information may be incorrect. [C:\Users\fallo\Desktop\CECS 440\Lab 5\Lab5\Lab5.srcs\sources_1\new\alu.v:]
WARNING: [filemgmt 56-199] Attempt to get parsing info during refresh. "On-the-fly" syntax checking information may be incorrect. [C:\Users\fallo\Desktop\CECS 440\Lab 5\Lab5\Lab5.srcs\sources_1\new\alu.v:]
ERROR: [Common 17-180] Spawn failed: No error
WARNING: [filemgmt 56-199] Attempt to get parsing info during refresh. "On-the-fly" syntax checking information may be incorrect. [C:\Users\fallo\Desktop\CECS 440\Lab 5\Lab5\Lab5.srcs\sources_1\new\regfile.v:]
WARNING: [filemgmt 56-199] Attempt to get parsing info during refresh. "On-the-fly" syntax checking information may be incorrect. [C:\Users\fallo\Desktop\CECS 440\Lab 5\Lab5\Lab5.srcs\sim_1\new\testbench_skeleton.v:]
WARNING: [filemgmt 56-199] Attempt to get parsing info during refresh. "On-the-fly" syntax checking information may be incorrect. [C:\Users\fallo\Desktop\CECS 440\Lab 5\Lab5\Lab5.srcs\sources_1\new\alu.v:]
WARNING: [filemgmt 56-199] Attempt to get parsing info during refresh. "On-the-fly" syntax checking information may be incorrect. [C:\Users\fallo\Desktop\CECS 440\Lab 5\Lab5\Lab5.srcs\sources_1\new\aluout.v:]
WARNING: [filemgmt 56-199] Attempt to get parsing info during refresh. "On-the-fly" syntax checking information may be incorrect. [C:\Users\fallo\Desktop\CECS 440\Lab 5\Lab5\Lab5.srcs\sources_1\new\design.v:]
WARNING: [filemgmt 56-199] Attempt to get parsing info during refresh. "On-the-fly" syntax checking information may be incorrect. [C:\Users\fallo\Desktop\CECS 440\Lab 5\Lab5\Lab5.srcs\sources_1\new\regfile.v:]
WARNING: [filemgmt 56-199] Attempt to get parsing info during refresh. "On-the-fly" syntax checking information may be incorrect. [C:\Users\fallo\Desktop\CECS 440\Lab 5\Lab5\Lab5.srcs\sources_1\new\regfile.v:]
WARNING: [filemgmt 56-199] Attempt to get parsing info during refresh. "On-the-fly" syntax checking information may be incorrect. [C:\Users\fallo\Desktop\CECS 440\Lab 5\Lab5\Lab5.srcs\sources_1\new\regfile.v:]
WARNING: [filemgmt 56-199] Attempt to get parsing info during refresh. "On-the-fly" syntax checking information may be incorrect. [C:\Users\fallo\Desktop\CECS 440\Lab 5\Lab5\Lab5.srcs\sim_1\new\testbench_skeleton.v:]
WARNING: [filemgmt 56-199] Attempt to get parsing info during refresh. "On-the-fly" syntax checking information may be incorrect. [C:\Users\fallo\Desktop\CECS 440\Lab 5\Lab5\Lab5.srcs\sources_1\new\alu.v:]
WARNING: [filemgmt 56-199] Attempt to get parsing info during refresh. "On-the-fly" syntax checking information may be incorrect. [C:\Users\fallo\Desktop\CECS 440\Lab 5\Lab5\Lab5.srcs\sources_1\new\aluout.v:]
WARNING: [filemgmt 56-199] Attempt to get parsing info during refresh. "On-the-fly" syntax checking information may be incorrect. [C:\Users\fallo\Desktop\CECS 440\Lab 5\Lab5\Lab5.srcs\sources_1\new\design.v:]
WARNING: [filemgmt 56-199] Attempt to get parsing info during refresh. "On-the-fly" syntax checking information may be incorrect. [C:\Users\fallo\Desktop\CECS 440\Lab 5\Lab5\Lab5.srcs\sources_1\new\design.v:]
WARNING: [filemgmt 56-199] Attempt to get parsing info during refresh. "On-the-fly" syntax checking information may be incorrect. [C:\Users\fallo\Desktop\CECS 440\Lab 5\Lab5\Lab5.srcs\sources_1\new\design.v:]
ERROR: [Common 17-180] Spawn failed: No error
WARNING: [filemgmt 56-199] Attempt to get parsing info during refresh. "On-the-fly" syntax checking information may be incorrect. [C:\Users\fallo\Desktop\CECS 440\Lab 5\Lab5\Lab5.srcs\sources_1\new\regfile.v:]
WARNING: [filemgmt 56-199] Attempt to get parsing info during refresh. "On-the-fly" syntax checking information may be incorrect. [C:\Users\fallo\Desktop\CECS 440\Lab 5\Lab5\Lab5.srcs\sim_1\new\testbench_skeleton.v:]
WARNING: [filemgmt 56-199] Attempt to get parsing info during refresh. "On-the-fly" syntax checking information may be incorrect. [C:\Users\fallo\Desktop\CECS 440\Lab 5\Lab5\Lab5.srcs\sources_1\new\alu.v:]
WARNING: [filemgmt 56-199] Attempt to get parsing info during refresh. "On-the-fly" syntax checking information may be incorrect. [C:\Users\fallo\Desktop\CECS 440\Lab 5\Lab5\Lab5.srcs\sources_1\new\aluout.v:]
WARNING: [filemgmt 56-199] Attempt to get parsing info during refresh. "On-the-fly" syntax checking information may be incorrect. [C:\Users\fallo\Desktop\CECS 440\Lab 5\Lab5\Lab5.srcs\sources_1\new\design.v:]
ERROR: [Common 17-180] Spawn failed: No error
WARNING: [filemgmt 56-199] Attempt to get parsing info during refresh. "On-the-fly" syntax checking information may be incorrect. [C:\Users\fallo\Desktop\CECS 440\Lab 5\Lab5\Lab5.srcs\sources_1\new\alu.v:]
WARNING: [filemgmt 56-199] Attempt to get parsing info during refresh. "On-the-fly" syntax checking information may be incorrect. [C:\Users\fallo\Desktop\CECS 440\Lab 5\Lab5\Lab5.srcs\sources_1\new\alu.v:]
update_compile_order -fileset sim_1
WARNING: [filemgmt 56-199] Attempt to get parsing info during refresh. "On-the-fly" syntax checking information may be incorrect. [C:\Users\fallo\Desktop\CECS 440\Lab 5\Lab5\Lab5.srcs\sources_1\new\regfile.v:]
WARNING: [filemgmt 56-199] Attempt to get parsing info during refresh. "On-the-fly" syntax checking information may be incorrect. [C:\Users\fallo\Desktop\CECS 440\Lab 5\Lab5\Lab5.srcs\sim_1\new\testbench_skeleton.v:]
WARNING: [filemgmt 56-199] Attempt to get parsing info during refresh. "On-the-fly" syntax checking information may be incorrect. [C:\Users\fallo\Desktop\CECS 440\Lab 5\Lab5\Lab5.srcs\sources_1\new\alu.v:]
WARNING: [filemgmt 56-199] Attempt to get parsing info during refresh. "On-the-fly" syntax checking information may be incorrect. [C:\Users\fallo\Desktop\CECS 440\Lab 5\Lab5\Lab5.srcs\sources_1\new\aluout.v:]
WARNING: [filemgmt 56-199] Attempt to get parsing info during refresh. "On-the-fly" syntax checking information may be incorrect. [C:\Users\fallo\Desktop\CECS 440\Lab 5\Lab5\Lab5.srcs\sources_1\new\design.v:]
WARNING: [filemgmt 56-199] Attempt to get parsing info during refresh. "On-the-fly" syntax checking information may be incorrect. [C:\Users\fallo\Desktop\CECS 440\Lab 5\Lab5\Lab5.srcs\sources_1\new\regfile.v:]
WARNING: [filemgmt 56-199] Attempt to get parsing info during refresh. "On-the-fly" syntax checking information may be incorrect. [C:\Users\fallo\Desktop\CECS 440\Lab 5\Lab5\Lab5.srcs\sources_1\new\regfile.v:]
WARNING: [filemgmt 56-199] Attempt to get parsing info during refresh. "On-the-fly" syntax checking information may be incorrect. [C:\Users\fallo\Desktop\CECS 440\Lab 5\Lab5\Lab5.srcs\sources_1\new\regfile.v:]
WARNING: [filemgmt 56-199] Attempt to get parsing info during refresh. "On-the-fly" syntax checking information may be incorrect. [C:\Users\fallo\Desktop\CECS 440\Lab 5\Lab5\Lab5.srcs\sim_1\new\testbench_skeleton.v:]
WARNING: [filemgmt 56-199] Attempt to get parsing info during refresh. "On-the-fly" syntax checking information may be incorrect. [C:\Users\fallo\Desktop\CECS 440\Lab 5\Lab5\Lab5.srcs\sources_1\new\alu.v:]
WARNING: [filemgmt 56-199] Attempt to get parsing info during refresh. "On-the-fly" syntax checking information may be incorrect. [C:\Users\fallo\Desktop\CECS 440\Lab 5\Lab5\Lab5.srcs\sources_1\new\aluout.v:]
WARNING: [filemgmt 56-199] Attempt to get parsing info during refresh. "On-the-fly" syntax checking information may be incorrect. [C:\Users\fallo\Desktop\CECS 440\Lab 5\Lab5\Lab5.srcs\sources_1\new\design.v:]
WARNING: [filemgmt 56-199] Attempt to get parsing info during refresh. "On-the-fly" syntax checking information may be incorrect. [C:\Users\fallo\Desktop\CECS 440\Lab 5\Lab5\Lab5.srcs\sources_1\new\design.v:]
WARNING: [filemgmt 56-199] Attempt to get parsing info during refresh. "On-the-fly" syntax checking information may be incorrect. [C:\Users\fallo\Desktop\CECS 440\Lab 5\Lab5\Lab5.srcs\sources_1\new\design.v:]
WARNING: [filemgmt 56-199] Attempt to get parsing info during refresh. "On-the-fly" syntax checking information may be incorrect. [C:\Users\fallo\Desktop\CECS 440\Lab 5\Lab5\Lab5.srcs\sources_1\new\regfile.v:]
WARNING: [filemgmt 56-199] Attempt to get parsing info during refresh. "On-the-fly" syntax checking information may be incorrect. [C:\Users\fallo\Desktop\CECS 440\Lab 5\Lab5\Lab5.srcs\sim_1\new\testbench_skeleton.v:]
WARNING: [filemgmt 56-199] Attempt to get parsing info during refresh. "On-the-fly" syntax checking information may be incorrect. [C:\Users\fallo\Desktop\CECS 440\Lab 5\Lab5\Lab5.srcs\sources_1\new\alu.v:]
WARNING: [filemgmt 56-199] Attempt to get parsing info during refresh. "On-the-fly" syntax checking information may be incorrect. [C:\Users\fallo\Desktop\CECS 440\Lab 5\Lab5\Lab5.srcs\sources_1\new\aluout.v:]
WARNING: [filemgmt 56-199] Attempt to get parsing info during refresh. "On-the-fly" syntax checking information may be incorrect. [C:\Users\fallo\Desktop\CECS 440\Lab 5\Lab5\Lab5.srcs\sources_1\new\design.v:]
WARNING: [filemgmt 56-199] Attempt to get parsing info during refresh. "On-the-fly" syntax checking information may be incorrect. [C:\Users\fallo\Desktop\CECS 440\Lab 5\Lab5\Lab5.srcs\sources_1\new\ALUout.v:]
WARNING: [filemgmt 56-199] Attempt to get parsing info during refresh. "On-the-fly" syntax checking information may be incorrect. [C:\Users\fallo\Desktop\CECS 440\Lab 5\Lab5\Lab5.srcs\sources_1\new\ALUout.v:]
WARNING: [filemgmt 56-199] Attempt to get parsing info during refresh. "On-the-fly" syntax checking information may be incorrect. [C:\Users\fallo\Desktop\CECS 440\Lab 5\Lab5\Lab5.srcs\sources_1\new\regfile.v:]
WARNING: [filemgmt 56-199] Attempt to get parsing info during refresh. "On-the-fly" syntax checking information may be incorrect. [C:\Users\fallo\Desktop\CECS 440\Lab 5\Lab5\Lab5.srcs\sim_1\new\testbench_skeleton.v:]
WARNING: [filemgmt 56-199] Attempt to get parsing info during refresh. "On-the-fly" syntax checking information may be incorrect. [C:\Users\fallo\Desktop\CECS 440\Lab 5\Lab5\Lab5.srcs\sources_1\new\alu.v:]
WARNING: [filemgmt 56-199] Attempt to get parsing info during refresh. "On-the-fly" syntax checking information may be incorrect. [C:\Users\fallo\Desktop\CECS 440\Lab 5\Lab5\Lab5.srcs\sources_1\new\aluout.v:]
WARNING: [filemgmt 56-199] Attempt to get parsing info during refresh. "On-the-fly" syntax checking information may be incorrect. [C:\Users\fallo\Desktop\CECS 440\Lab 5\Lab5\Lab5.srcs\sources_1\new\design.v:]
WARNING: [filemgmt 56-199] Attempt to get parsing info during refresh. "On-the-fly" syntax checking information may be incorrect. [C:\Users\fallo\Desktop\CECS 440\Lab 5\Lab5\Lab5.srcs\sources_1\new\alu.v:]
WARNING: [filemgmt 56-199] Attempt to get parsing info during refresh. "On-the-fly" syntax checking information may be incorrect. [C:\Users\fallo\Desktop\CECS 440\Lab 5\Lab5\Lab5.srcs\sources_1\new\alu.v:]
ERROR: [Common 17-180] Spawn failed: No error
close_sim
INFO: [Simtcl 6-16] Simulation closed
launch_simulation
Command: launch_simulation 
INFO: [Vivado 12-12493] Simulation top is 'datapathTester'
WARNING: [Vivado 12-13340] Unable to auto find GCC executables from simulator install path! (path not set)
INFO: [Vivado 12-5682] Launching behavioral simulation in 'C:/Users/fallo/Desktop/CECS 440/Lab 5/Lab5/Lab5.sim/sim_1/behav/xsim'
INFO: [SIM-utils-51] Simulation object is 'sim_1'
INFO: [SIM-utils-72] Using boost library from 'E:/Vivado/2024.2/tps/boost_1_72_0'
INFO: [SIM-utils-54] Inspecting design source files for 'datapathTester' in fileset 'sim_1'...
INFO: [USF-XSim-97] Finding global include files...
INFO: [USF-XSim-98] Fetching design files from 'sim_1'...
INFO: [USF-XSim-2] XSim::Compile design
INFO: [USF-XSim-61] Executing 'COMPILE and ANALYZE' step in 'C:/Users/fallo/Desktop/CECS 440/Lab 5/Lab5/Lab5.sim/sim_1/behav/xsim'
"xvlog --incr --relax -prj datapathTester_vlog.prj"
INFO: [VRFC 10-2263] Analyzing Verilog file "C:/Users/fallo/Desktop/CECS 440/Lab 5/Lab5/Lab5.srcs/sources_1/new/ALUout.v" into library xil_defaultlib
INFO: [VRFC 10-311] analyzing module ALUout
INFO: [VRFC 10-2263] Analyzing Verilog file "C:/Users/fallo/Desktop/CECS 440/Lab 5/Lab5/Lab5.srcs/sources_1/new/alu.v" into library xil_defaultlib
INFO: [VRFC 10-311] analyzing module alu
INFO: [VRFC 10-2263] Analyzing Verilog file "C:/Users/fallo/Desktop/CECS 440/Lab 5/Lab5/Lab5.srcs/sources_1/new/design.v" into library xil_defaultlib
INFO: [VRFC 10-311] analyzing module simple_datapath
INFO: [VRFC 10-2263] Analyzing Verilog file "C:/Users/fallo/Desktop/CECS 440/Lab 5/Lab5/Lab5.srcs/sources_1/new/regfile.v" into library xil_defaultlib
INFO: [VRFC 10-311] analyzing module regfile
INFO: [VRFC 10-2263] Analyzing Verilog file "C:/Users/fallo/Desktop/CECS 440/Lab 5/Lab5/Lab5.srcs/sim_1/new/testbench_skeleton.v" into library xil_defaultlib
INFO: [VRFC 10-311] analyzing module datapathTester
INFO: [USF-XSim-69] 'compile' step finished in '2' seconds
INFO: [USF-XSim-3] XSim::Elaborate design
INFO: [USF-XSim-61] Executing 'ELABORATE' step in 'C:/Users/fallo/Desktop/CECS 440/Lab 5/Lab5/Lab5.sim/sim_1/behav/xsim'
"xelab --incr --debug typical --relax --mt 2 -L xil_defaultlib -L unisims_ver -L unimacro_ver -L secureip --snapshot datapathTester_behav xil_defaultlib.datapathTester xil_defaultlib.glbl -log elaborate.log"
Vivado Simulator v2024.2.0
Copyright 1986-2022 Xilinx, Inc. All Rights Reserved.
Copyright 2022-2024 Advanced Micro Devices, Inc. All Rights Reserved.
Running: E:/Vivado/2024.2/bin/unwrapped/win64.o/xelab.exe --incr --debug typical --relax --mt 2 -L xil_defaultlib -L unisims_ver -L unimacro_ver -L secureip --snapshot datapathTester_behav xil_defaultlib.datapathTester xil_defaultlib.glbl -log elaborate.log 
Using 2 slave threads.
Starting static elaboration
Pass Through NonSizing Optimizer
Completed static elaboration
Starting simulation data flow analysis
WARNING: [XSIM 43-4099] "C:/Users/fallo/Desktop/CECS 440/Lab 5/Lab5/Lab5.srcs/sources_1/new/ALUout.v" Line 1. Module ALUout(width=32) doesn't have a timescale but at least one module in design has a timescale.
WARNING: [XSIM 43-4099] "C:/Users/fallo/Desktop/CECS 440/Lab 5/Lab5/Lab5.srcs/sources_1/new/ALUout.v" Line 1. Module ALUout(width=32) doesn't have a timescale but at least one module in design has a timescale.
Completed simulation data flow analysis
Time Resolution for simulation is 1ps
Compiling module xil_defaultlib.regfile(width=32)
Compiling module xil_defaultlib.alu(width=32)
Compiling module xil_defaultlib.ALUout(width=32)
Compiling module xil_defaultlib.simple_datapath
Compiling module xil_defaultlib.datapathTester
Compiling module xil_defaultlib.glbl
Built simulation snapshot datapathTester_behav
INFO: [USF-XSim-69] 'elaborate' step finished in '1' seconds
INFO: [USF-XSim-4] XSim::Simulate design
INFO: [USF-XSim-61] Executing 'SIMULATE' step in 'C:/Users/fallo/Desktop/CECS 440/Lab 5/Lab5/Lab5.sim/sim_1/behav/xsim'
INFO: [USF-XSim-98] *** Running xsim
   with args "datapathTester_behav -key {Behavioral:sim_1:Functional:datapathTester} -tclbatch {datapathTester.tcl} -log {simulate.log}"
INFO: [USF-XSim-8] Loading simulator feature
Time resolution is 1 ps
source datapathTester.tcl
# set curr_wave [current_wave_config]
# if { [string length $curr_wave] == 0 } {
#   if { [llength [get_objects]] > 0} {
#     add_wave /
#     set_property needs_save false [current_wave_config]
#   } else {
#      send_msg_id Add_Wave-1 WARNING "No top level signals found. Simulator will start without a wave window. If you want to open a wave window go to 'File->New Waveform Configuration' or type 'create_wave_config' in the TCL console."
#   }
# }
# run 1000ns
Registers Initialized!
	Register	Content
          0	0x00000000
          1	0xffff0000
          2	0x0a0a0a0a
          3	0x000001f4
          4	0x000003e8
          5	0x00000005
          6	0x00000006
          7	0x00000007
          8	0x00000008
          9	0x00000009
         10	0x0000000a
         11	0x0000000b
         12	0x0000000c
         13	0x0000000d
         14	0x0000000e
         15	0x0000000f
         16	0x00000010
         17	0x00000011
         18	0x00000012
         19	0x00000013
         20	0x00000014
         21	0x00000015
         22	0x00000016
         23	0x00000017
         24	0x00000018
         25	0x00000019
         26	0x0000001a
         27	0x0000001b
         28	0x0000001c
         29	0x0000001d
         30	0x0000001e
         31	0x0000001f

Checking test case
srca =        500, srcb =       1000
add $ALUout, $ 3, $ 4 performed
sum =       1500
test passed

Checking test case
srca =        500, srcb =       1000
increment $ALUout, $ 3 performed
d_out =        501
test passed

Checking test case
srca = ffff0000, srcb = 0a0a0a0a
and $ALUout, $ 1, $ 2 performed
d_out = 0a0a0000
test passed

Checking test case
srca = ffff0000, srcb = 0a0a0a0a
or $ALUout, $ 1, $ 2 performed
d_out = ffff0a0a
test passed

Checking test case
srca = 0a0a0a0a, srcb = ffff0000
xor $ALUout, $ 2, $ 1 performed
d_out = f5f50a0a
test passed

Checking test case
srca = 0a0a0a0a, srcb = ffff0000
not $ALUout, $ 2 performed
d_out = f5f5f5f5
test passed

Checking test case
srca =       1000, srcb = 4294901760
sll $ALUout, $ 4, performed
d_out =       2000
test passed

Checking test case
srca = 000003e8, srcb = ffff0000
nop operation performed
d_out = 00000000
test passed
$finish called at time : 146 ns : File "C:/Users/fallo/Desktop/CECS 440/Lab 5/Lab5/Lab5.srcs/sim_1/new/testbench_skeleton.v" Line 113
INFO: [USF-XSim-96] XSim completed. Design snapshot 'datapathTester_behav' loaded.
INFO: [USF-XSim-97] XSim simulation ran for 1000ns
WARNING: [filemgmt 56-199] Attempt to get parsing info during refresh. "On-the-fly" syntax checking information may be incorrect. [C:\Users\fallo\Desktop\CECS 440\Lab 5\Lab5\Lab5.srcs\sources_1\new\regfile.v:]
WARNING: [filemgmt 56-199] Attempt to get parsing info during refresh. "On-the-fly" syntax checking information may be incorrect. [C:\Users\fallo\Desktop\CECS 440\Lab 5\Lab5\Lab5.srcs\sim_1\new\testbench_skeleton.v:]
WARNING: [filemgmt 56-199] Attempt to get parsing info during refresh. "On-the-fly" syntax checking information may be incorrect. [C:\Users\fallo\Desktop\CECS 440\Lab 5\Lab5\Lab5.srcs\sources_1\new\alu.v:]
WARNING: [filemgmt 56-199] Attempt to get parsing info during refresh. "On-the-fly" syntax checking information may be incorrect. [C:\Users\fallo\Desktop\CECS 440\Lab 5\Lab5\Lab5.srcs\sources_1\new\aluout.v:]
WARNING: [filemgmt 56-199] Attempt to get parsing info during refresh. "On-the-fly" syntax checking information may be incorrect. [C:\Users\fallo\Desktop\CECS 440\Lab 5\Lab5\Lab5.srcs\sources_1\new\design.v:]
WARNING: [filemgmt 56-199] Attempt to get parsing info during refresh. "On-the-fly" syntax checking information may be incorrect. [C:\Users\fallo\Desktop\CECS 440\Lab 5\Lab5\Lab5.srcs\sources_1\new\regfile.v:]
WARNING: [filemgmt 56-199] Attempt to get parsing info during refresh. "On-the-fly" syntax checking information may be incorrect. [C:\Users\fallo\Desktop\CECS 440\Lab 5\Lab5\Lab5.srcs\sources_1\new\regfile.v:]
WARNING: [filemgmt 56-199] Attempt to get parsing info during refresh. "On-the-fly" syntax checking information may be incorrect. [C:\Users\fallo\Desktop\CECS 440\Lab 5\Lab5\Lab5.srcs\sources_1\new\regfile.v:]
WARNING: [filemgmt 56-199] Attempt to get parsing info during refresh. "On-the-fly" syntax checking information may be incorrect. [C:\Users\fallo\Desktop\CECS 440\Lab 5\Lab5\Lab5.srcs\sim_1\new\testbench_skeleton.v:]
WARNING: [filemgmt 56-199] Attempt to get parsing info during refresh. "On-the-fly" syntax checking information may be incorrect. [C:\Users\fallo\Desktop\CECS 440\Lab 5\Lab5\Lab5.srcs\sources_1\new\alu.v:]
WARNING: [filemgmt 56-199] Attempt to get parsing info during refresh. "On-the-fly" syntax checking information may be incorrect. [C:\Users\fallo\Desktop\CECS 440\Lab 5\Lab5\Lab5.srcs\sources_1\new\aluout.v:]
WARNING: [filemgmt 56-199] Attempt to get parsing info during refresh. "On-the-fly" syntax checking information may be incorrect. [C:\Users\fallo\Desktop\CECS 440\Lab 5\Lab5\Lab5.srcs\sources_1\new\design.v:]
WARNING: [filemgmt 56-199] Attempt to get parsing info during refresh. "On-the-fly" syntax checking information may be incorrect. [C:\Users\fallo\Desktop\CECS 440\Lab 5\Lab5\Lab5.srcs\sources_1\new\design.v:]
WARNING: [filemgmt 56-199] Attempt to get parsing info during refresh. "On-the-fly" syntax checking information may be incorrect. [C:\Users\fallo\Desktop\CECS 440\Lab 5\Lab5\Lab5.srcs\sources_1\new\design.v:]
WARNING: [filemgmt 56-199] Attempt to get parsing info during refresh. "On-the-fly" syntax checking information may be incorrect. [C:\Users\fallo\Desktop\CECS 440\Lab 5\Lab5\Lab5.srcs\sources_1\new\regfile.v:]
WARNING: [filemgmt 56-199] Attempt to get parsing info during refresh. "On-the-fly" syntax checking information may be incorrect. [C:\Users\fallo\Desktop\CECS 440\Lab 5\Lab5\Lab5.srcs\sim_1\new\testbench_skeleton.v:]
WARNING: [filemgmt 56-199] Attempt to get parsing info during refresh. "On-the-fly" syntax checking information may be incorrect. [C:\Users\fallo\Desktop\CECS 440\Lab 5\Lab5\Lab5.srcs\sources_1\new\alu.v:]
WARNING: [filemgmt 56-199] Attempt to get parsing info during refresh. "On-the-fly" syntax checking information may be incorrect. [C:\Users\fallo\Desktop\CECS 440\Lab 5\Lab5\Lab5.srcs\sources_1\new\aluout.v:]
WARNING: [filemgmt 56-199] Attempt to get parsing info during refresh. "On-the-fly" syntax checking information may be incorrect. [C:\Users\fallo\Desktop\CECS 440\Lab 5\Lab5\Lab5.srcs\sources_1\new\design.v:]
WARNING: [filemgmt 56-199] Attempt to get parsing info during refresh. "On-the-fly" syntax checking information may be incorrect. [C:\Users\fallo\Desktop\CECS 440\Lab 5\Lab5\Lab5.srcs\sources_1\new\alu.v:]
WARNING: [filemgmt 56-199] Attempt to get parsing info during refresh. "On-the-fly" syntax checking information may be incorrect. [C:\Users\fallo\Desktop\CECS 440\Lab 5\Lab5\Lab5.srcs\sources_1\new\alu.v:]
WARNING: [filemgmt 56-199] Attempt to get parsing info during refresh. "On-the-fly" syntax checking information may be incorrect. [C:\Users\fallo\Desktop\CECS 440\Lab 5\Lab5\Lab5.srcs\sources_1\new\regfile.v:]
WARNING: [filemgmt 56-199] Attempt to get parsing info during refresh. "On-the-fly" syntax checking information may be incorrect. [C:\Users\fallo\Desktop\CECS 440\Lab 5\Lab5\Lab5.srcs\sim_1\new\testbench_skeleton.v:]
WARNING: [filemgmt 56-199] Attempt to get parsing info during refresh. "On-the-fly" syntax checking information may be incorrect. [C:\Users\fallo\Desktop\CECS 440\Lab 5\Lab5\Lab5.srcs\sources_1\new\alu.v:]
WARNING: [filemgmt 56-199] Attempt to get parsing info during refresh. "On-the-fly" syntax checking information may be incorrect. [C:\Users\fallo\Desktop\CECS 440\Lab 5\Lab5\Lab5.srcs\sources_1\new\aluout.v:]
WARNING: [filemgmt 56-199] Attempt to get parsing info during refresh. "On-the-fly" syntax checking information may be incorrect. [C:\Users\fallo\Desktop\CECS 440\Lab 5\Lab5\Lab5.srcs\sources_1\new\design.v:]
WARNING: [filemgmt 56-199] Attempt to get parsing info during refresh. "On-the-fly" syntax checking information may be incorrect. [C:\Users\fallo\Desktop\CECS 440\Lab 5\Lab5\Lab5.srcs\sources_1\new\ALUout.v:]
WARNING: [filemgmt 56-199] Attempt to get parsing info during refresh. "On-the-fly" syntax checking information may be incorrect. [C:\Users\fallo\Desktop\CECS 440\Lab 5\Lab5\Lab5.srcs\sources_1\new\ALUout.v:]
ERROR: [Common 17-180] Spawn failed: No error
close_sim
INFO: [Simtcl 6-16] Simulation closed
launch_simulation
Command: launch_simulation 
INFO: [Vivado 12-12493] Simulation top is 'datapathTester'
WARNING: [Vivado 12-13340] Unable to auto find GCC executables from simulator install path! (path not set)
INFO: [Vivado 12-5682] Launching behavioral simulation in 'C:/Users/fallo/Desktop/CECS 440/Lab 5/Lab5/Lab5.sim/sim_1/behav/xsim'
INFO: [SIM-utils-51] Simulation object is 'sim_1'
INFO: [SIM-utils-72] Using boost library from 'E:/Vivado/2024.2/tps/boost_1_72_0'
INFO: [SIM-utils-54] Inspecting design source files for 'datapathTester' in fileset 'sim_1'...
INFO: [USF-XSim-97] Finding global include files...
INFO: [USF-XSim-98] Fetching design files from 'sim_1'...
INFO: [USF-XSim-2] XSim::Compile design
INFO: [USF-XSim-61] Executing 'COMPILE and ANALYZE' step in 'C:/Users/fallo/Desktop/CECS 440/Lab 5/Lab5/Lab5.sim/sim_1/behav/xsim'
"xvlog --incr --relax -prj datapathTester_vlog.prj"
INFO: [VRFC 10-2263] Analyzing Verilog file "C:/Users/fallo/Desktop/CECS 440/Lab 5/Lab5/Lab5.srcs/sources_1/new/ALUout.v" into library xil_defaultlib
INFO: [VRFC 10-311] analyzing module ALUout
INFO: [VRFC 10-2263] Analyzing Verilog file "C:/Users/fallo/Desktop/CECS 440/Lab 5/Lab5/Lab5.srcs/sources_1/new/alu.v" into library xil_defaultlib
INFO: [VRFC 10-311] analyzing module alu
INFO: [VRFC 10-2263] Analyzing Verilog file "C:/Users/fallo/Desktop/CECS 440/Lab 5/Lab5/Lab5.srcs/sources_1/new/design.v" into library xil_defaultlib
INFO: [VRFC 10-311] analyzing module simple_datapath
INFO: [VRFC 10-2263] Analyzing Verilog file "C:/Users/fallo/Desktop/CECS 440/Lab 5/Lab5/Lab5.srcs/sources_1/new/regfile.v" into library xil_defaultlib
INFO: [VRFC 10-311] analyzing module regfile
INFO: [VRFC 10-2263] Analyzing Verilog file "C:/Users/fallo/Desktop/CECS 440/Lab 5/Lab5/Lab5.srcs/sim_1/new/testbench_skeleton.v" into library xil_defaultlib
INFO: [VRFC 10-311] analyzing module datapathTester
INFO: [USF-XSim-69] 'compile' step finished in '1' seconds
INFO: [USF-XSim-3] XSim::Elaborate design
INFO: [USF-XSim-61] Executing 'ELABORATE' step in 'C:/Users/fallo/Desktop/CECS 440/Lab 5/Lab5/Lab5.sim/sim_1/behav/xsim'
"xelab --incr --debug typical --relax --mt 2 -L xil_defaultlib -L unisims_ver -L unimacro_ver -L secureip --snapshot datapathTester_behav xil_defaultlib.datapathTester xil_defaultlib.glbl -log elaborate.log"
Vivado Simulator v2024.2.0
Copyright 1986-2022 Xilinx, Inc. All Rights Reserved.
Copyright 2022-2024 Advanced Micro Devices, Inc. All Rights Reserved.
Running: E:/Vivado/2024.2/bin/unwrapped/win64.o/xelab.exe --incr --debug typical --relax --mt 2 -L xil_defaultlib -L unisims_ver -L unimacro_ver -L secureip --snapshot datapathTester_behav xil_defaultlib.datapathTester xil_defaultlib.glbl -log elaborate.log 
Using 2 slave threads.
Starting static elaboration
Pass Through NonSizing Optimizer
Completed static elaboration
Starting simulation data flow analysis
WARNING: [XSIM 43-4099] "C:/Users/fallo/Desktop/CECS 440/Lab 5/Lab5/Lab5.srcs/sources_1/new/ALUout.v" Line 1. Module ALUout(width=32) doesn't have a timescale but at least one module in design has a timescale.
WARNING: [XSIM 43-4099] "C:/Users/fallo/Desktop/CECS 440/Lab 5/Lab5/Lab5.srcs/sources_1/new/ALUout.v" Line 1. Module ALUout(width=32) doesn't have a timescale but at least one module in design has a timescale.
Completed simulation data flow analysis
Time Resolution for simulation is 1ps
Compiling module xil_defaultlib.regfile(width=32)
Compiling module xil_defaultlib.alu(width=32)
Compiling module xil_defaultlib.ALUout(width=32)
Compiling module xil_defaultlib.simple_datapath
Compiling module xil_defaultlib.datapathTester
Compiling module xil_defaultlib.glbl
Built simulation snapshot datapathTester_behav
INFO: [USF-XSim-69] 'elaborate' step finished in '2' seconds
INFO: [USF-XSim-4] XSim::Simulate design
INFO: [USF-XSim-61] Executing 'SIMULATE' step in 'C:/Users/fallo/Desktop/CECS 440/Lab 5/Lab5/Lab5.sim/sim_1/behav/xsim'
INFO: [USF-XSim-98] *** Running xsim
   with args "datapathTester_behav -key {Behavioral:sim_1:Functional:datapathTester} -tclbatch {datapathTester.tcl} -log {simulate.log}"
INFO: [USF-XSim-8] Loading simulator feature
Time resolution is 1 ps
source datapathTester.tcl
# set curr_wave [current_wave_config]
# if { [string length $curr_wave] == 0 } {
#   if { [llength [get_objects]] > 0} {
#     add_wave /
#     set_property needs_save false [current_wave_config]
#   } else {
#      send_msg_id Add_Wave-1 WARNING "No top level signals found. Simulator will start without a wave window. If you want to open a wave window go to 'File->New Waveform Configuration' or type 'create_wave_config' in the TCL console."
#   }
# }
# run 1000ns
Registers Initialized!
	Register	Content
          0	0x00000000
          1	0xffff0000
          2	0x0a0a0a0a
          3	0x000001f4
          4	0x000003e8
          5	0x00000005
          6	0x00000006
          7	0x00000007
          8	0x00000008
          9	0x00000009
         10	0x0000000a
         11	0x0000000b
         12	0x0000000c
         13	0x0000000d
         14	0x0000000e
         15	0x0000000f
         16	0x00000010
         17	0x00000011
         18	0x00000012
         19	0x00000013
         20	0x00000014
         21	0x00000015
         22	0x00000016
         23	0x00000017
         24	0x00000018
         25	0x00000019
         26	0x0000001a
         27	0x0000001b
         28	0x0000001c
         29	0x0000001d
         30	0x0000001e
         31	0x0000001f

Checking test case
srca =        500, srcb =       1000
add $ALUout, $ 3, $ 4 performed
sum =       1500
test passed

Checking test case
srca =        500, srcb =       1000
increment $ALUout, $ 3 performed
d_out =        501
test passed

Checking test case
srca = ffff0000, srcb = 0a0a0a0a
and $ALUout, $ 1, $ 2 performed
d_out = 0a0a0000
test passed

Checking test case
srca = ffff0000, srcb = 0a0a0a0a
or $ALUout, $ 1, $ 2 performed
d_out = ffff0a0a
test passed

Checking test case
srca = 0a0a0a0a, srcb = ffff0000
xor $ALUout, $ 2, $ 1 performed
d_out = f5f50a0a
test passed

Checking test case
srca = 0a0a0a0a, srcb = ffff0000
not $ALUout, $ 2 performed
d_out = f5f5f5f5
test passed

Checking test case
srca =       1000, srcb = 4294901760
sll $ALUout, $ 4, performed
d_out =       2000
test passed

Checking test case
srca = 000003e8, srcb = ffff0000
nop operation performed
d_out = 00000000
test passed
$finish called at time : 146 ns : File "C:/Users/fallo/Desktop/CECS 440/Lab 5/Lab5/Lab5.srcs/sim_1/new/testbench_skeleton.v" Line 114
INFO: [USF-XSim-96] XSim completed. Design snapshot 'datapathTester_behav' loaded.
INFO: [USF-XSim-97] XSim simulation ran for 1000ns
save_wave_config {C:/Users/fallo/Desktop/CECS 440/Lab 5/Lab5/datapathTester_behav.wcfg}
add_files -fileset sim_1 -norecurse {{C:/Users/fallo/Desktop/CECS 440/Lab 5/Lab5/datapathTester_behav.wcfg}}
set_property xsim.view {{C:/Users/fallo/Desktop/CECS 440/Lab 5/Lab5/datapathTester_behav.wcfg}} [get_filesets sim_1]
WARNING: [filemgmt 56-199] Attempt to get parsing info during refresh. "On-the-fly" syntax checking information may be incorrect. [C:\Users\fallo\Desktop\CECS 440\Lab 5\Lab5\Lab5.srcs\sources_1\new\regfile.v:]
WARNING: [filemgmt 56-199] Attempt to get parsing info during refresh. "On-the-fly" syntax checking information may be incorrect. [C:\Users\fallo\Desktop\CECS 440\Lab 5\Lab5\Lab5.srcs\sim_1\new\testbench_skeleton.v:]
WARNING: [filemgmt 56-199] Attempt to get parsing info during refresh. "On-the-fly" syntax checking information may be incorrect. [C:\Users\fallo\Desktop\CECS 440\Lab 5\Lab5\Lab5.srcs\sources_1\new\alu.v:]
WARNING: [filemgmt 56-199] Attempt to get parsing info during refresh. "On-the-fly" syntax checking information may be incorrect. [C:\Users\fallo\Desktop\CECS 440\Lab 5\Lab5\Lab5.srcs\sources_1\new\aluout.v:]
WARNING: [filemgmt 56-199] Attempt to get parsing info during refresh. "On-the-fly" syntax checking information may be incorrect. [C:\Users\fallo\Desktop\CECS 440\Lab 5\Lab5\Lab5.srcs\sources_1\new\design.v:]
WARNING: [filemgmt 56-199] Attempt to get parsing info during refresh. "On-the-fly" syntax checking information may be incorrect. [C:\Users\fallo\Desktop\CECS 440\Lab 5\Lab5\Lab5.srcs\sources_1\new\regfile.v:]
WARNING: [filemgmt 56-199] Attempt to get parsing info during refresh. "On-the-fly" syntax checking information may be incorrect. [C:\Users\fallo\Desktop\CECS 440\Lab 5\Lab5\Lab5.srcs\sources_1\new\regfile.v:]
WARNING: [filemgmt 56-199] Attempt to get parsing info during refresh. "On-the-fly" syntax checking information may be incorrect. [C:\Users\fallo\Desktop\CECS 440\Lab 5\Lab5\Lab5.srcs\sources_1\new\regfile.v:]
WARNING: [filemgmt 56-199] Attempt to get parsing info during refresh. "On-the-fly" syntax checking information may be incorrect. [C:\Users\fallo\Desktop\CECS 440\Lab 5\Lab5\Lab5.srcs\sim_1\new\testbench_skeleton.v:]
WARNING: [filemgmt 56-199] Attempt to get parsing info during refresh. "On-the-fly" syntax checking information may be incorrect. [C:\Users\fallo\Desktop\CECS 440\Lab 5\Lab5\Lab5.srcs\sources_1\new\alu.v:]
WARNING: [filemgmt 56-199] Attempt to get parsing info during refresh. "On-the-fly" syntax checking information may be incorrect. [C:\Users\fallo\Desktop\CECS 440\Lab 5\Lab5\Lab5.srcs\sources_1\new\aluout.v:]
WARNING: [filemgmt 56-199] Attempt to get parsing info during refresh. "On-the-fly" syntax checking information may be incorrect. [C:\Users\fallo\Desktop\CECS 440\Lab 5\Lab5\Lab5.srcs\sources_1\new\design.v:]
WARNING: [filemgmt 56-199] Attempt to get parsing info during refresh. "On-the-fly" syntax checking information may be incorrect. [C:\Users\fallo\Desktop\CECS 440\Lab 5\Lab5\Lab5.srcs\sources_1\new\design.v:]
WARNING: [filemgmt 56-199] Attempt to get parsing info during refresh. "On-the-fly" syntax checking information may be incorrect. [C:\Users\fallo\Desktop\CECS 440\Lab 5\Lab5\Lab5.srcs\sources_1\new\design.v:]
WARNING: [filemgmt 56-199] Attempt to get parsing info during refresh. "On-the-fly" syntax checking information may be incorrect. [C:\Users\fallo\Desktop\CECS 440\Lab 5\Lab5\Lab5.srcs\sources_1\new\regfile.v:]
WARNING: [filemgmt 56-199] Attempt to get parsing info during refresh. "On-the-fly" syntax checking information may be incorrect. [C:\Users\fallo\Desktop\CECS 440\Lab 5\Lab5\Lab5.srcs\sim_1\new\testbench_skeleton.v:]
WARNING: [filemgmt 56-199] Attempt to get parsing info during refresh. "On-the-fly" syntax checking information may be incorrect. [C:\Users\fallo\Desktop\CECS 440\Lab 5\Lab5\Lab5.srcs\sources_1\new\alu.v:]
WARNING: [filemgmt 56-199] Attempt to get parsing info during refresh. "On-the-fly" syntax checking information may be incorrect. [C:\Users\fallo\Desktop\CECS 440\Lab 5\Lab5\Lab5.srcs\sources_1\new\aluout.v:]
WARNING: [filemgmt 56-199] Attempt to get parsing info during refresh. "On-the-fly" syntax checking information may be incorrect. [C:\Users\fallo\Desktop\CECS 440\Lab 5\Lab5\Lab5.srcs\sources_1\new\design.v:]
WARNING: [filemgmt 56-199] Attempt to get parsing info during refresh. "On-the-fly" syntax checking information may be incorrect. [C:\Users\fallo\Desktop\CECS 440\Lab 5\Lab5\Lab5.srcs\sources_1\new\alu.v:]
WARNING: [filemgmt 56-199] Attempt to get parsing info during refresh. "On-the-fly" syntax checking information may be incorrect. [C:\Users\fallo\Desktop\CECS 440\Lab 5\Lab5\Lab5.srcs\sources_1\new\alu.v:]
WARNING: [filemgmt 56-199] Attempt to get parsing info during refresh. "On-the-fly" syntax checking information may be incorrect. [C:\Users\fallo\Desktop\CECS 440\Lab 5\Lab5\Lab5.srcs\sources_1\new\regfile.v:]
WARNING: [filemgmt 56-199] Attempt to get parsing info during refresh. "On-the-fly" syntax checking information may be incorrect. [C:\Users\fallo\Desktop\CECS 440\Lab 5\Lab5\Lab5.srcs\sim_1\new\testbench_skeleton.v:]
WARNING: [filemgmt 56-199] Attempt to get parsing info during refresh. "On-the-fly" syntax checking information may be incorrect. [C:\Users\fallo\Desktop\CECS 440\Lab 5\Lab5\Lab5.srcs\sources_1\new\alu.v:]
WARNING: [filemgmt 56-199] Attempt to get parsing info during refresh. "On-the-fly" syntax checking information may be incorrect. [C:\Users\fallo\Desktop\CECS 440\Lab 5\Lab5\Lab5.srcs\sources_1\new\aluout.v:]
WARNING: [filemgmt 56-199] Attempt to get parsing info during refresh. "On-the-fly" syntax checking information may be incorrect. [C:\Users\fallo\Desktop\CECS 440\Lab 5\Lab5\Lab5.srcs\sources_1\new\design.v:]
WARNING: [filemgmt 56-199] Attempt to get parsing info during refresh. "On-the-fly" syntax checking information may be incorrect. [C:\Users\fallo\Desktop\CECS 440\Lab 5\Lab5\Lab5.srcs\sources_1\new\ALUout.v:]
WARNING: [filemgmt 56-199] Attempt to get parsing info during refresh. "On-the-fly" syntax checking information may be incorrect. [C:\Users\fallo\Desktop\CECS 440\Lab 5\Lab5\Lab5.srcs\sources_1\new\ALUout.v:]
WARNING: [filemgmt 56-199] Attempt to get parsing info during refresh. "On-the-fly" syntax checking information may be incorrect. [C:\Users\fallo\Desktop\CECS 440\Lab 5\Lab5\Lab5.srcs\sources_1\new\regfile.v:]
WARNING: [filemgmt 56-199] Attempt to get parsing info during refresh. "On-the-fly" syntax checking information may be incorrect. [C:\Users\fallo\Desktop\CECS 440\Lab 5\Lab5\Lab5.srcs\sim_1\new\testbench_skeleton.v:]
WARNING: [filemgmt 56-199] Attempt to get parsing info during refresh. "On-the-fly" syntax checking information may be incorrect. [C:\Users\fallo\Desktop\CECS 440\Lab 5\Lab5\Lab5.srcs\sources_1\new\alu.v:]
WARNING: [filemgmt 56-199] Attempt to get parsing info during refresh. "On-the-fly" syntax checking information may be incorrect. [C:\Users\fallo\Desktop\CECS 440\Lab 5\Lab5\Lab5.srcs\sources_1\new\aluout.v:]
WARNING: [filemgmt 56-199] Attempt to get parsing info during refresh. "On-the-fly" syntax checking information may be incorrect. [C:\Users\fallo\Desktop\CECS 440\Lab 5\Lab5\Lab5.srcs\sources_1\new\design.v:]
WARNING: [filemgmt 56-199] Attempt to get parsing info during refresh. "On-the-fly" syntax checking information may be incorrect. [C:\Users\fallo\Desktop\CECS 440\Lab 5\Lab5\Lab5.srcs\sources_1\new\regfile.v:]
WARNING: [filemgmt 56-199] Attempt to get parsing info during refresh. "On-the-fly" syntax checking information may be incorrect. [C:\Users\fallo\Desktop\CECS 440\Lab 5\Lab5\Lab5.srcs\sources_1\new\regfile.v:]
WARNING: [filemgmt 56-199] Attempt to get parsing info during refresh. "On-the-fly" syntax checking information may be incorrect. [C:\Users\fallo\Desktop\CECS 440\Lab 5\Lab5\Lab5.srcs\sources_1\new\regfile.v:]
WARNING: [filemgmt 56-199] Attempt to get parsing info during refresh. "On-the-fly" syntax checking information may be incorrect. [C:\Users\fallo\Desktop\CECS 440\Lab 5\Lab5\Lab5.srcs\sim_1\new\testbench_skeleton.v:]
WARNING: [filemgmt 56-199] Attempt to get parsing info during refresh. "On-the-fly" syntax checking information may be incorrect. [C:\Users\fallo\Desktop\CECS 440\Lab 5\Lab5\Lab5.srcs\sources_1\new\alu.v:]
WARNING: [filemgmt 56-199] Attempt to get parsing info during refresh. "On-the-fly" syntax checking information may be incorrect. [C:\Users\fallo\Desktop\CECS 440\Lab 5\Lab5\Lab5.srcs\sources_1\new\aluout.v:]
WARNING: [filemgmt 56-199] Attempt to get parsing info during refresh. "On-the-fly" syntax checking information may be incorrect. [C:\Users\fallo\Desktop\CECS 440\Lab 5\Lab5\Lab5.srcs\sources_1\new\design.v:]
WARNING: [filemgmt 56-199] Attempt to get parsing info during refresh. "On-the-fly" syntax checking information may be incorrect. [C:\Users\fallo\Desktop\CECS 440\Lab 5\Lab5\Lab5.srcs\sources_1\new\design.v:]
WARNING: [filemgmt 56-199] Attempt to get parsing info during refresh. "On-the-fly" syntax checking information may be incorrect. [C:\Users\fallo\Desktop\CECS 440\Lab 5\Lab5\Lab5.srcs\sources_1\new\design.v:]
WARNING: [filemgmt 56-199] Attempt to get parsing info during refresh. "On-the-fly" syntax checking information may be incorrect. [C:\Users\fallo\Desktop\CECS 440\Lab 5\Lab5\Lab5.srcs\sources_1\new\regfile.v:]
WARNING: [filemgmt 56-199] Attempt to get parsing info during refresh. "On-the-fly" syntax checking information may be incorrect. [C:\Users\fallo\Desktop\CECS 440\Lab 5\Lab5\Lab5.srcs\sim_1\new\testbench_skeleton.v:]
WARNING: [filemgmt 56-199] Attempt to get parsing info during refresh. "On-the-fly" syntax checking information may be incorrect. [C:\Users\fallo\Desktop\CECS 440\Lab 5\Lab5\Lab5.srcs\sources_1\new\alu.v:]
WARNING: [filemgmt 56-199] Attempt to get parsing info during refresh. "On-the-fly" syntax checking information may be incorrect. [C:\Users\fallo\Desktop\CECS 440\Lab 5\Lab5\Lab5.srcs\sources_1\new\aluout.v:]
WARNING: [filemgmt 56-199] Attempt to get parsing info during refresh. "On-the-fly" syntax checking information may be incorrect. [C:\Users\fallo\Desktop\CECS 440\Lab 5\Lab5\Lab5.srcs\sources_1\new\design.v:]
WARNING: [filemgmt 56-199] Attempt to get parsing info during refresh. "On-the-fly" syntax checking information may be incorrect. [C:\Users\fallo\Desktop\CECS 440\Lab 5\Lab5\Lab5.srcs\sources_1\new\ALUout.v:]
WARNING: [filemgmt 56-199] Attempt to get parsing info during refresh. "On-the-fly" syntax checking information may be incorrect. [C:\Users\fallo\Desktop\CECS 440\Lab 5\Lab5\Lab5.srcs\sources_1\new\ALUout.v:]
WARNING: [filemgmt 56-199] Attempt to get parsing info during refresh. "On-the-fly" syntax checking information may be incorrect. [C:\Users\fallo\Desktop\CECS 440\Lab 5\Lab5\Lab5.srcs\sources_1\new\regfile.v:]
WARNING: [filemgmt 56-199] Attempt to get parsing info during refresh. "On-the-fly" syntax checking information may be incorrect. [C:\Users\fallo\Desktop\CECS 440\Lab 5\Lab5\Lab5.srcs\sim_1\new\testbench_skeleton.v:]
WARNING: [filemgmt 56-199] Attempt to get parsing info during refresh. "On-the-fly" syntax checking information may be incorrect. [C:\Users\fallo\Desktop\CECS 440\Lab 5\Lab5\Lab5.srcs\sources_1\new\alu.v:]
WARNING: [filemgmt 56-199] Attempt to get parsing info during refresh. "On-the-fly" syntax checking information may be incorrect. [C:\Users\fallo\Desktop\CECS 440\Lab 5\Lab5\Lab5.srcs\sources_1\new\aluout.v:]
WARNING: [filemgmt 56-199] Attempt to get parsing info during refresh. "On-the-fly" syntax checking information may be incorrect. [C:\Users\fallo\Desktop\CECS 440\Lab 5\Lab5\Lab5.srcs\sources_1\new\design.v:]
WARNING: [filemgmt 56-199] Attempt to get parsing info during refresh. "On-the-fly" syntax checking information may be incorrect. [C:\Users\fallo\Desktop\CECS 440\Lab 5\Lab5\Lab5.srcs\sources_1\new\alu.v:]
WARNING: [filemgmt 56-199] Attempt to get parsing info during refresh. "On-the-fly" syntax checking information may be incorrect. [C:\Users\fallo\Desktop\CECS 440\Lab 5\Lab5\Lab5.srcs\sources_1\new\alu.v:]
ERROR: [Common 17-180] Spawn failed: No error
WARNING: [filemgmt 56-199] Attempt to get parsing info during refresh. "On-the-fly" syntax checking information may be incorrect. [C:\Users\fallo\Desktop\CECS 440\Lab 5\Lab5\Lab5.srcs\sources_1\new\regfile.v:]
WARNING: [filemgmt 56-199] Attempt to get parsing info during refresh. "On-the-fly" syntax checking information may be incorrect. [C:\Users\fallo\Desktop\CECS 440\Lab 5\Lab5\Lab5.srcs\sim_1\new\testbench_skeleton.v:]
WARNING: [filemgmt 56-199] Attempt to get parsing info during refresh. "On-the-fly" syntax checking information may be incorrect. [C:\Users\fallo\Desktop\CECS 440\Lab 5\Lab5\Lab5.srcs\sources_1\new\alu.v:]
WARNING: [filemgmt 56-199] Attempt to get parsing info during refresh. "On-the-fly" syntax checking information may be incorrect. [C:\Users\fallo\Desktop\CECS 440\Lab 5\Lab5\Lab5.srcs\sources_1\new\aluout.v:]
WARNING: [filemgmt 56-199] Attempt to get parsing info during refresh. "On-the-fly" syntax checking information may be incorrect. [C:\Users\fallo\Desktop\CECS 440\Lab 5\Lab5\Lab5.srcs\sources_1\new\design.v:]
WARNING: [filemgmt 56-199] Attempt to get parsing info during refresh. "On-the-fly" syntax checking information may be incorrect. [C:\Users\fallo\Desktop\CECS 440\Lab 5\Lab5\Lab5.srcs\sources_1\new\regfile.v:]
WARNING: [filemgmt 56-199] Attempt to get parsing info during refresh. "On-the-fly" syntax checking information may be incorrect. [C:\Users\fallo\Desktop\CECS 440\Lab 5\Lab5\Lab5.srcs\sources_1\new\regfile.v:]
WARNING: [filemgmt 56-199] Attempt to get parsing info during refresh. "On-the-fly" syntax checking information may be incorrect. [C:\Users\fallo\Desktop\CECS 440\Lab 5\Lab5\Lab5.srcs\sources_1\new\regfile.v:]
WARNING: [filemgmt 56-199] Attempt to get parsing info during refresh. "On-the-fly" syntax checking information may be incorrect. [C:\Users\fallo\Desktop\CECS 440\Lab 5\Lab5\Lab5.srcs\sim_1\new\testbench_skeleton.v:]
WARNING: [filemgmt 56-199] Attempt to get parsing info during refresh. "On-the-fly" syntax checking information may be incorrect. [C:\Users\fallo\Desktop\CECS 440\Lab 5\Lab5\Lab5.srcs\sources_1\new\alu.v:]
WARNING: [filemgmt 56-199] Attempt to get parsing info during refresh. "On-the-fly" syntax checking information may be incorrect. [C:\Users\fallo\Desktop\CECS 440\Lab 5\Lab5\Lab5.srcs\sources_1\new\aluout.v:]
WARNING: [filemgmt 56-199] Attempt to get parsing info during refresh. "On-the-fly" syntax checking information may be incorrect. [C:\Users\fallo\Desktop\CECS 440\Lab 5\Lab5\Lab5.srcs\sources_1\new\design.v:]
WARNING: [filemgmt 56-199] Attempt to get parsing info during refresh. "On-the-fly" syntax checking information may be incorrect. [C:\Users\fallo\Desktop\CECS 440\Lab 5\Lab5\Lab5.srcs\sources_1\new\ALUout.v:]
WARNING: [filemgmt 56-199] Attempt to get parsing info during refresh. "On-the-fly" syntax checking information may be incorrect. [C:\Users\fallo\Desktop\CECS 440\Lab 5\Lab5\Lab5.srcs\sources_1\new\ALUout.v:]
WARNING: [filemgmt 56-199] Attempt to get parsing info during refresh. "On-the-fly" syntax checking information may be incorrect. [C:\Users\fallo\Desktop\CECS 440\Lab 5\Lab5\Lab5.srcs\sources_1\new\regfile.v:]
WARNING: [filemgmt 56-199] Attempt to get parsing info during refresh. "On-the-fly" syntax checking information may be incorrect. [C:\Users\fallo\Desktop\CECS 440\Lab 5\Lab5\Lab5.srcs\sim_1\new\testbench_skeleton.v:]
WARNING: [filemgmt 56-199] Attempt to get parsing info during refresh. "On-the-fly" syntax checking information may be incorrect. [C:\Users\fallo\Desktop\CECS 440\Lab 5\Lab5\Lab5.srcs\sources_1\new\alu.v:]
WARNING: [filemgmt 56-199] Attempt to get parsing info during refresh. "On-the-fly" syntax checking information may be incorrect. [C:\Users\fallo\Desktop\CECS 440\Lab 5\Lab5\Lab5.srcs\sources_1\new\aluout.v:]
WARNING: [filemgmt 56-199] Attempt to get parsing info during refresh. "On-the-fly" syntax checking information may be incorrect. [C:\Users\fallo\Desktop\CECS 440\Lab 5\Lab5\Lab5.srcs\sources_1\new\design.v:]
WARNING: [filemgmt 56-199] Attempt to get parsing info during refresh. "On-the-fly" syntax checking information may be incorrect. [C:\Users\fallo\Desktop\CECS 440\Lab 5\Lab5\Lab5.srcs\sources_1\new\alu.v:]
WARNING: [filemgmt 56-199] Attempt to get parsing info during refresh. "On-the-fly" syntax checking information may be incorrect. [C:\Users\fallo\Desktop\CECS 440\Lab 5\Lab5\Lab5.srcs\sources_1\new\alu.v:]
WARNING: [filemgmt 56-199] Attempt to get parsing info during refresh. "On-the-fly" syntax checking information may be incorrect. [C:\Users\fallo\Desktop\CECS 440\Lab 5\Lab5\Lab5.srcs\sources_1\new\regfile.v:]
WARNING: [filemgmt 56-199] Attempt to get parsing info during refresh. "On-the-fly" syntax checking information may be incorrect. [C:\Users\fallo\Desktop\CECS 440\Lab 5\Lab5\Lab5.srcs\sim_1\new\testbench_skeleton.v:]
WARNING: [filemgmt 56-199] Attempt to get parsing info during refresh. "On-the-fly" syntax checking information may be incorrect. [C:\Users\fallo\Desktop\CECS 440\Lab 5\Lab5\Lab5.srcs\sources_1\new\alu.v:]
WARNING: [filemgmt 56-199] Attempt to get parsing info during refresh. "On-the-fly" syntax checking information may be incorrect. [C:\Users\fallo\Desktop\CECS 440\Lab 5\Lab5\Lab5.srcs\sources_1\new\aluout.v:]
WARNING: [filemgmt 56-199] Attempt to get parsing info during refresh. "On-the-fly" syntax checking information may be incorrect. [C:\Users\fallo\Desktop\CECS 440\Lab 5\Lab5\Lab5.srcs\sources_1\new\design.v:]
WARNING: [filemgmt 56-199] Attempt to get parsing info during refresh. "On-the-fly" syntax checking information may be incorrect. [C:\Users\fallo\Desktop\CECS 440\Lab 5\Lab5\Lab5.srcs\sources_1\new\design.v:]
WARNING: [filemgmt 56-199] Attempt to get parsing info during refresh. "On-the-fly" syntax checking information may be incorrect. [C:\Users\fallo\Desktop\CECS 440\Lab 5\Lab5\Lab5.srcs\sources_1\new\design.v:]
WARNING: [filemgmt 56-199] Attempt to get parsing info during refresh. "On-the-fly" syntax checking information may be incorrect. [C:\Users\fallo\Desktop\CECS 440\Lab 5\Lab5\Lab5.srcs\sources_1\new\regfile.v:]
WARNING: [filemgmt 56-199] Attempt to get parsing info during refresh. "On-the-fly" syntax checking information may be incorrect. [C:\Users\fallo\Desktop\CECS 440\Lab 5\Lab5\Lab5.srcs\sim_1\new\testbench_skeleton.v:]
WARNING: [filemgmt 56-199] Attempt to get parsing info during refresh. "On-the-fly" syntax checking information may be incorrect. [C:\Users\fallo\Desktop\CECS 440\Lab 5\Lab5\Lab5.srcs\sources_1\new\alu.v:]
WARNING: [filemgmt 56-199] Attempt to get parsing info during refresh. "On-the-fly" syntax checking information may be incorrect. [C:\Users\fallo\Desktop\CECS 440\Lab 5\Lab5\Lab5.srcs\sources_1\new\aluout.v:]
WARNING: [filemgmt 56-199] Attempt to get parsing info during refresh. "On-the-fly" syntax checking information may be incorrect. [C:\Users\fallo\Desktop\CECS 440\Lab 5\Lab5\Lab5.srcs\sources_1\new\design.v:]
WARNING: [filemgmt 56-199] Attempt to get parsing info during refresh. "On-the-fly" syntax checking information may be incorrect. [C:\Users\fallo\Desktop\CECS 440\Lab 5\Lab5\Lab5.srcs\sources_1\new\regfile.v:]
WARNING: [filemgmt 56-199] Attempt to get parsing info during refresh. "On-the-fly" syntax checking information may be incorrect. [C:\Users\fallo\Desktop\CECS 440\Lab 5\Lab5\Lab5.srcs\sources_1\new\regfile.v:]
WARNING: [filemgmt 56-199] Attempt to get parsing info during refresh. "On-the-fly" syntax checking information may be incorrect. [C:\Users\fallo\Desktop\CECS 440\Lab 5\Lab5\Lab5.srcs\sources_1\new\regfile.v:]
WARNING: [filemgmt 56-199] Attempt to get parsing info during refresh. "On-the-fly" syntax checking information may be incorrect. [C:\Users\fallo\Desktop\CECS 440\Lab 5\Lab5\Lab5.srcs\sim_1\new\testbench_skeleton.v:]
WARNING: [filemgmt 56-199] Attempt to get parsing info during refresh. "On-the-fly" syntax checking information may be incorrect. [C:\Users\fallo\Desktop\CECS 440\Lab 5\Lab5\Lab5.srcs\sources_1\new\alu.v:]
WARNING: [filemgmt 56-199] Attempt to get parsing info during refresh. "On-the-fly" syntax checking information may be incorrect. [C:\Users\fallo\Desktop\CECS 440\Lab 5\Lab5\Lab5.srcs\sources_1\new\aluout.v:]
WARNING: [filemgmt 56-199] Attempt to get parsing info during refresh. "On-the-fly" syntax checking information may be incorrect. [C:\Users\fallo\Desktop\CECS 440\Lab 5\Lab5\Lab5.srcs\sources_1\new\design.v:]
WARNING: [filemgmt 56-199] Attempt to get parsing info during refresh. "On-the-fly" syntax checking information may be incorrect. [C:\Users\fallo\Desktop\CECS 440\Lab 5\Lab5\Lab5.srcs\sources_1\new\design.v:]
WARNING: [filemgmt 56-199] Attempt to get parsing info during refresh. "On-the-fly" syntax checking information may be incorrect. [C:\Users\fallo\Desktop\CECS 440\Lab 5\Lab5\Lab5.srcs\sources_1\new\design.v:]
WARNING: [filemgmt 56-199] Attempt to get parsing info during refresh. "On-the-fly" syntax checking information may be incorrect. [C:\Users\fallo\Desktop\CECS 440\Lab 5\Lab5\Lab5.srcs\sources_1\new\regfile.v:]
WARNING: [filemgmt 56-199] Attempt to get parsing info during refresh. "On-the-fly" syntax checking information may be incorrect. [C:\Users\fallo\Desktop\CECS 440\Lab 5\Lab5\Lab5.srcs\sim_1\new\testbench_skeleton.v:]
WARNING: [filemgmt 56-199] Attempt to get parsing info during refresh. "On-the-fly" syntax checking information may be incorrect. [C:\Users\fallo\Desktop\CECS 440\Lab 5\Lab5\Lab5.srcs\sources_1\new\alu.v:]
WARNING: [filemgmt 56-199] Attempt to get parsing info during refresh. "On-the-fly" syntax checking information may be incorrect. [C:\Users\fallo\Desktop\CECS 440\Lab 5\Lab5\Lab5.srcs\sources_1\new\aluout.v:]
WARNING: [filemgmt 56-199] Attempt to get parsing info during refresh. "On-the-fly" syntax checking information may be incorrect. [C:\Users\fallo\Desktop\CECS 440\Lab 5\Lab5\Lab5.srcs\sources_1\new\design.v:]
WARNING: [filemgmt 56-199] Attempt to get parsing info during refresh. "On-the-fly" syntax checking information may be incorrect. [C:\Users\fallo\Desktop\CECS 440\Lab 5\Lab5\Lab5.srcs\sources_1\new\alu.v:]
WARNING: [filemgmt 56-199] Attempt to get parsing info during refresh. "On-the-fly" syntax checking information may be incorrect. [C:\Users\fallo\Desktop\CECS 440\Lab 5\Lab5\Lab5.srcs\sources_1\new\alu.v:]
ERROR: [Common 17-180] Spawn failed: No error
WARNING: [filemgmt 56-199] Attempt to get parsing info during refresh. "On-the-fly" syntax checking information may be incorrect. [C:\Users\fallo\Desktop\CECS 440\Lab 5\Lab5\Lab5.srcs\sources_1\new\regfile.v:]
WARNING: [filemgmt 56-199] Attempt to get parsing info during refresh. "On-the-fly" syntax checking information may be incorrect. [C:\Users\fallo\Desktop\CECS 440\Lab 5\Lab5\Lab5.srcs\sim_1\new\testbench_skeleton.v:]
WARNING: [filemgmt 56-199] Attempt to get parsing info during refresh. "On-the-fly" syntax checking information may be incorrect. [C:\Users\fallo\Desktop\CECS 440\Lab 5\Lab5\Lab5.srcs\sources_1\new\alu.v:]
WARNING: [filemgmt 56-199] Attempt to get parsing info during refresh. "On-the-fly" syntax checking information may be incorrect. [C:\Users\fallo\Desktop\CECS 440\Lab 5\Lab5\Lab5.srcs\sources_1\new\aluout.v:]
WARNING: [filemgmt 56-199] Attempt to get parsing info during refresh. "On-the-fly" syntax checking information may be incorrect. [C:\Users\fallo\Desktop\CECS 440\Lab 5\Lab5\Lab5.srcs\sources_1\new\design.v:]
WARNING: [filemgmt 56-199] Attempt to get parsing info during refresh. "On-the-fly" syntax checking information may be incorrect. [C:\Users\fallo\Desktop\CECS 440\Lab 5\Lab5\Lab5.srcs\sources_1\new\ALUout.v:]
WARNING: [filemgmt 56-199] Attempt to get parsing info during refresh. "On-the-fly" syntax checking information may be incorrect. [C:\Users\fallo\Desktop\CECS 440\Lab 5\Lab5\Lab5.srcs\sources_1\new\ALUout.v:]
ERROR: [Common 17-180] Spawn failed: No error
WARNING: [filemgmt 56-199] Attempt to get parsing info during refresh. "On-the-fly" syntax checking information may be incorrect. [C:\Users\fallo\Desktop\CECS 440\Lab 5\Lab5\Lab5.srcs\sources_1\new\regfile.v:]
WARNING: [filemgmt 56-199] Attempt to get parsing info during refresh. "On-the-fly" syntax checking information may be incorrect. [C:\Users\fallo\Desktop\CECS 440\Lab 5\Lab5\Lab5.srcs\sim_1\new\testbench_skeleton.v:]
WARNING: [filemgmt 56-199] Attempt to get parsing info during refresh. "On-the-fly" syntax checking information may be incorrect. [C:\Users\fallo\Desktop\CECS 440\Lab 5\Lab5\Lab5.srcs\sources_1\new\alu.v:]
WARNING: [filemgmt 56-199] Attempt to get parsing info during refresh. "On-the-fly" syntax checking information may be incorrect. [C:\Users\fallo\Desktop\CECS 440\Lab 5\Lab5\Lab5.srcs\sources_1\new\aluout.v:]
WARNING: [filemgmt 56-199] Attempt to get parsing info during refresh. "On-the-fly" syntax checking information may be incorrect. [C:\Users\fallo\Desktop\CECS 440\Lab 5\Lab5\Lab5.srcs\sources_1\new\design.v:]
WARNING: [filemgmt 56-199] Attempt to get parsing info during refresh. "On-the-fly" syntax checking information may be incorrect. [C:\Users\fallo\Desktop\CECS 440\Lab 5\Lab5\Lab5.srcs\sources_1\new\regfile.v:]
WARNING: [filemgmt 56-199] Attempt to get parsing info during refresh. "On-the-fly" syntax checking information may be incorrect. [C:\Users\fallo\Desktop\CECS 440\Lab 5\Lab5\Lab5.srcs\sources_1\new\regfile.v:]
WARNING: [filemgmt 56-199] Attempt to get parsing info during refresh. "On-the-fly" syntax checking information may be incorrect. [C:\Users\fallo\Desktop\CECS 440\Lab 5\Lab5\Lab5.srcs\sources_1\new\regfile.v:]
WARNING: [filemgmt 56-199] Attempt to get parsing info during refresh. "On-the-fly" syntax checking information may be incorrect. [C:\Users\fallo\Desktop\CECS 440\Lab 5\Lab5\Lab5.srcs\sim_1\new\testbench_skeleton.v:]
WARNING: [filemgmt 56-199] Attempt to get parsing info during refresh. "On-the-fly" syntax checking information may be incorrect. [C:\Users\fallo\Desktop\CECS 440\Lab 5\Lab5\Lab5.srcs\sources_1\new\alu.v:]
WARNING: [filemgmt 56-199] Attempt to get parsing info during refresh. "On-the-fly" syntax checking information may be incorrect. [C:\Users\fallo\Desktop\CECS 440\Lab 5\Lab5\Lab5.srcs\sources_1\new\aluout.v:]
WARNING: [filemgmt 56-199] Attempt to get parsing info during refresh. "On-the-fly" syntax checking information may be incorrect. [C:\Users\fallo\Desktop\CECS 440\Lab 5\Lab5\Lab5.srcs\sources_1\new\design.v:]
WARNING: [filemgmt 56-199] Attempt to get parsing info during refresh. "On-the-fly" syntax checking information may be incorrect. [C:\Users\fallo\Desktop\CECS 440\Lab 5\Lab5\Lab5.srcs\sources_1\new\design.v:]
WARNING: [filemgmt 56-199] Attempt to get parsing info during refresh. "On-the-fly" syntax checking information may be incorrect. [C:\Users\fallo\Desktop\CECS 440\Lab 5\Lab5\Lab5.srcs\sources_1\new\design.v:]
ERROR: [Common 17-180] Spawn failed: No error
WARNING: [filemgmt 56-199] Attempt to get parsing info during refresh. "On-the-fly" syntax checking information may be incorrect. [C:\Users\fallo\Desktop\CECS 440\Lab 5\Lab5\Lab5.srcs\sources_1\new\regfile.v:]
WARNING: [filemgmt 56-199] Attempt to get parsing info during refresh. "On-the-fly" syntax checking information may be incorrect. [C:\Users\fallo\Desktop\CECS 440\Lab 5\Lab5\Lab5.srcs\sim_1\new\testbench_skeleton.v:]
WARNING: [filemgmt 56-199] Attempt to get parsing info during refresh. "On-the-fly" syntax checking information may be incorrect. [C:\Users\fallo\Desktop\CECS 440\Lab 5\Lab5\Lab5.srcs\sources_1\new\alu.v:]
WARNING: [filemgmt 56-199] Attempt to get parsing info during refresh. "On-the-fly" syntax checking information may be incorrect. [C:\Users\fallo\Desktop\CECS 440\Lab 5\Lab5\Lab5.srcs\sources_1\new\aluout.v:]
WARNING: [filemgmt 56-199] Attempt to get parsing info during refresh. "On-the-fly" syntax checking information may be incorrect. [C:\Users\fallo\Desktop\CECS 440\Lab 5\Lab5\Lab5.srcs\sources_1\new\design.v:]
WARNING: [filemgmt 56-199] Attempt to get parsing info during refresh. "On-the-fly" syntax checking information may be incorrect. [C:\Users\fallo\Desktop\CECS 440\Lab 5\Lab5\Lab5.srcs\sources_1\new\alu.v:]
WARNING: [filemgmt 56-199] Attempt to get parsing info during refresh. "On-the-fly" syntax checking information may be incorrect. [C:\Users\fallo\Desktop\CECS 440\Lab 5\Lab5\Lab5.srcs\sources_1\new\alu.v:]
WARNING: [filemgmt 56-199] Attempt to get parsing info during refresh. "On-the-fly" syntax checking information may be incorrect. [C:\Users\fallo\Desktop\CECS 440\Lab 5\Lab5\Lab5.srcs\sources_1\new\regfile.v:]
WARNING: [filemgmt 56-199] Attempt to get parsing info during refresh. "On-the-fly" syntax checking information may be incorrect. [C:\Users\fallo\Desktop\CECS 440\Lab 5\Lab5\Lab5.srcs\sim_1\new\testbench_skeleton.v:]
WARNING: [filemgmt 56-199] Attempt to get parsing info during refresh. "On-the-fly" syntax checking information may be incorrect. [C:\Users\fallo\Desktop\CECS 440\Lab 5\Lab5\Lab5.srcs\sources_1\new\alu.v:]
WARNING: [filemgmt 56-199] Attempt to get parsing info during refresh. "On-the-fly" syntax checking information may be incorrect. [C:\Users\fallo\Desktop\CECS 440\Lab 5\Lab5\Lab5.srcs\sources_1\new\aluout.v:]
WARNING: [filemgmt 56-199] Attempt to get parsing info during refresh. "On-the-fly" syntax checking information may be incorrect. [C:\Users\fallo\Desktop\CECS 440\Lab 5\Lab5\Lab5.srcs\sources_1\new\design.v:]
WARNING: [filemgmt 56-199] Attempt to get parsing info during refresh. "On-the-fly" syntax checking information may be incorrect. [C:\Users\fallo\Desktop\CECS 440\Lab 5\Lab5\Lab5.srcs\sources_1\new\ALUout.v:]
WARNING: [filemgmt 56-199] Attempt to get parsing info during refresh. "On-the-fly" syntax checking information may be incorrect. [C:\Users\fallo\Desktop\CECS 440\Lab 5\Lab5\Lab5.srcs\sources_1\new\ALUout.v:]
ERROR: [Common 17-180] Spawn failed: No error
WARNING: [filemgmt 56-199] Attempt to get parsing info during refresh. "On-the-fly" syntax checking information may be incorrect. [C:\Users\fallo\Desktop\CECS 440\Lab 5\Lab5\Lab5.srcs\sources_1\new\regfile.v:]
WARNING: [filemgmt 56-199] Attempt to get parsing info during refresh. "On-the-fly" syntax checking information may be incorrect. [C:\Users\fallo\Desktop\CECS 440\Lab 5\Lab5\Lab5.srcs\sim_1\new\testbench_skeleton.v:]
WARNING: [filemgmt 56-199] Attempt to get parsing info during refresh. "On-the-fly" syntax checking information may be incorrect. [C:\Users\fallo\Desktop\CECS 440\Lab 5\Lab5\Lab5.srcs\sources_1\new\alu.v:]
WARNING: [filemgmt 56-199] Attempt to get parsing info during refresh. "On-the-fly" syntax checking information may be incorrect. [C:\Users\fallo\Desktop\CECS 440\Lab 5\Lab5\Lab5.srcs\sources_1\new\aluout.v:]
WARNING: [filemgmt 56-199] Attempt to get parsing info during refresh. "On-the-fly" syntax checking information may be incorrect. [C:\Users\fallo\Desktop\CECS 440\Lab 5\Lab5\Lab5.srcs\sources_1\new\design.v:]
WARNING: [filemgmt 56-199] Attempt to get parsing info during refresh. "On-the-fly" syntax checking information may be incorrect. [C:\Users\fallo\Desktop\CECS 440\Lab 5\Lab5\Lab5.srcs\sources_1\new\regfile.v:]
WARNING: [filemgmt 56-199] Attempt to get parsing info during refresh. "On-the-fly" syntax checking information may be incorrect. [C:\Users\fallo\Desktop\CECS 440\Lab 5\Lab5\Lab5.srcs\sources_1\new\regfile.v:]
WARNING: [filemgmt 56-199] Attempt to get parsing info during refresh. "On-the-fly" syntax checking information may be incorrect. [C:\Users\fallo\Desktop\CECS 440\Lab 5\Lab5\Lab5.srcs\sources_1\new\regfile.v:]
WARNING: [filemgmt 56-199] Attempt to get parsing info during refresh. "On-the-fly" syntax checking information may be incorrect. [C:\Users\fallo\Desktop\CECS 440\Lab 5\Lab5\Lab5.srcs\sim_1\new\testbench_skeleton.v:]
WARNING: [filemgmt 56-199] Attempt to get parsing info during refresh. "On-the-fly" syntax checking information may be incorrect. [C:\Users\fallo\Desktop\CECS 440\Lab 5\Lab5\Lab5.srcs\sources_1\new\alu.v:]
WARNING: [filemgmt 56-199] Attempt to get parsing info during refresh. "On-the-fly" syntax checking information may be incorrect. [C:\Users\fallo\Desktop\CECS 440\Lab 5\Lab5\Lab5.srcs\sources_1\new\aluout.v:]
WARNING: [filemgmt 56-199] Attempt to get parsing info during refresh. "On-the-fly" syntax checking information may be incorrect. [C:\Users\fallo\Desktop\CECS 440\Lab 5\Lab5\Lab5.srcs\sources_1\new\design.v:]
WARNING: [filemgmt 56-199] Attempt to get parsing info during refresh. "On-the-fly" syntax checking information may be incorrect. [C:\Users\fallo\Desktop\CECS 440\Lab 5\Lab5\Lab5.srcs\sources_1\new\design.v:]
WARNING: [filemgmt 56-199] Attempt to get parsing info during refresh. "On-the-fly" syntax checking information may be incorrect. [C:\Users\fallo\Desktop\CECS 440\Lab 5\Lab5\Lab5.srcs\sources_1\new\design.v:]
ERROR: [Common 17-180] Spawn failed: No error
WARNING: [filemgmt 56-199] Attempt to get parsing info during refresh. "On-the-fly" syntax checking information may be incorrect. [C:\Users\fallo\Desktop\CECS 440\Lab 5\Lab5\Lab5.srcs\sources_1\new\regfile.v:]
WARNING: [filemgmt 56-199] Attempt to get parsing info during refresh. "On-the-fly" syntax checking information may be incorrect. [C:\Users\fallo\Desktop\CECS 440\Lab 5\Lab5\Lab5.srcs\sim_1\new\testbench_skeleton.v:]
WARNING: [filemgmt 56-199] Attempt to get parsing info during refresh. "On-the-fly" syntax checking information may be incorrect. [C:\Users\fallo\Desktop\CECS 440\Lab 5\Lab5\Lab5.srcs\sources_1\new\alu.v:]
WARNING: [filemgmt 56-199] Attempt to get parsing info during refresh. "On-the-fly" syntax checking information may be incorrect. [C:\Users\fallo\Desktop\CECS 440\Lab 5\Lab5\Lab5.srcs\sources_1\new\aluout.v:]
WARNING: [filemgmt 56-199] Attempt to get parsing info during refresh. "On-the-fly" syntax checking information may be incorrect. [C:\Users\fallo\Desktop\CECS 440\Lab 5\Lab5\Lab5.srcs\sources_1\new\design.v:]
WARNING: [filemgmt 56-199] Attempt to get parsing info during refresh. "On-the-fly" syntax checking information may be incorrect. [C:\Users\fallo\Desktop\CECS 440\Lab 5\Lab5\Lab5.srcs\sources_1\new\alu.v:]
WARNING: [filemgmt 56-199] Attempt to get parsing info during refresh. "On-the-fly" syntax checking information may be incorrect. [C:\Users\fallo\Desktop\CECS 440\Lab 5\Lab5\Lab5.srcs\sources_1\new\alu.v:]
WARNING: [filemgmt 56-199] Attempt to get parsing info during refresh. "On-the-fly" syntax checking information may be incorrect. [C:\Users\fallo\Desktop\CECS 440\Lab 5\Lab5\Lab5.srcs\sources_1\new\regfile.v:]
WARNING: [filemgmt 56-199] Attempt to get parsing info during refresh. "On-the-fly" syntax checking information may be incorrect. [C:\Users\fallo\Desktop\CECS 440\Lab 5\Lab5\Lab5.srcs\sim_1\new\testbench_skeleton.v:]
WARNING: [filemgmt 56-199] Attempt to get parsing info during refresh. "On-the-fly" syntax checking information may be incorrect. [C:\Users\fallo\Desktop\CECS 440\Lab 5\Lab5\Lab5.srcs\sources_1\new\alu.v:]
WARNING: [filemgmt 56-199] Attempt to get parsing info during refresh. "On-the-fly" syntax checking information may be incorrect. [C:\Users\fallo\Desktop\CECS 440\Lab 5\Lab5\Lab5.srcs\sources_1\new\aluout.v:]
WARNING: [filemgmt 56-199] Attempt to get parsing info during refresh. "On-the-fly" syntax checking information may be incorrect. [C:\Users\fallo\Desktop\CECS 440\Lab 5\Lab5\Lab5.srcs\sources_1\new\design.v:]
WARNING: [filemgmt 56-199] Attempt to get parsing info during refresh. "On-the-fly" syntax checking information may be incorrect. [C:\Users\fallo\Desktop\CECS 440\Lab 5\Lab5\Lab5.srcs\sources_1\new\ALUout.v:]
WARNING: [filemgmt 56-199] Attempt to get parsing info during refresh. "On-the-fly" syntax checking information may be incorrect. [C:\Users\fallo\Desktop\CECS 440\Lab 5\Lab5\Lab5.srcs\sources_1\new\ALUout.v:]
ERROR: [Common 17-180] Spawn failed: No error
WARNING: [filemgmt 56-199] Attempt to get parsing info during refresh. "On-the-fly" syntax checking information may be incorrect. [C:\Users\fallo\Desktop\CECS 440\Lab 5\Lab5\Lab5.srcs\sources_1\new\regfile.v:]
WARNING: [filemgmt 56-199] Attempt to get parsing info during refresh. "On-the-fly" syntax checking information may be incorrect. [C:\Users\fallo\Desktop\CECS 440\Lab 5\Lab5\Lab5.srcs\sim_1\new\testbench_skeleton.v:]
WARNING: [filemgmt 56-199] Attempt to get parsing info during refresh. "On-the-fly" syntax checking information may be incorrect. [C:\Users\fallo\Desktop\CECS 440\Lab 5\Lab5\Lab5.srcs\sources_1\new\alu.v:]
WARNING: [filemgmt 56-199] Attempt to get parsing info during refresh. "On-the-fly" syntax checking information may be incorrect. [C:\Users\fallo\Desktop\CECS 440\Lab 5\Lab5\Lab5.srcs\sources_1\new\aluout.v:]
WARNING: [filemgmt 56-199] Attempt to get parsing info during refresh. "On-the-fly" syntax checking information may be incorrect. [C:\Users\fallo\Desktop\CECS 440\Lab 5\Lab5\Lab5.srcs\sources_1\new\design.v:]
WARNING: [filemgmt 56-199] Attempt to get parsing info during refresh. "On-the-fly" syntax checking information may be incorrect. [C:\Users\fallo\Desktop\CECS 440\Lab 5\Lab5\Lab5.srcs\sources_1\new\regfile.v:]
WARNING: [filemgmt 56-199] Attempt to get parsing info during refresh. "On-the-fly" syntax checking information may be incorrect. [C:\Users\fallo\Desktop\CECS 440\Lab 5\Lab5\Lab5.srcs\sources_1\new\regfile.v:]
WARNING: [filemgmt 56-199] Attempt to get parsing info during refresh. "On-the-fly" syntax checking information may be incorrect. [C:\Users\fallo\Desktop\CECS 440\Lab 5\Lab5\Lab5.srcs\sources_1\new\regfile.v:]
WARNING: [filemgmt 56-199] Attempt to get parsing info during refresh. "On-the-fly" syntax checking information may be incorrect. [C:\Users\fallo\Desktop\CECS 440\Lab 5\Lab5\Lab5.srcs\sim_1\new\testbench_skeleton.v:]
WARNING: [filemgmt 56-199] Attempt to get parsing info during refresh. "On-the-fly" syntax checking information may be incorrect. [C:\Users\fallo\Desktop\CECS 440\Lab 5\Lab5\Lab5.srcs\sources_1\new\alu.v:]
WARNING: [filemgmt 56-199] Attempt to get parsing info during refresh. "On-the-fly" syntax checking information may be incorrect. [C:\Users\fallo\Desktop\CECS 440\Lab 5\Lab5\Lab5.srcs\sources_1\new\aluout.v:]
WARNING: [filemgmt 56-199] Attempt to get parsing info during refresh. "On-the-fly" syntax checking information may be incorrect. [C:\Users\fallo\Desktop\CECS 440\Lab 5\Lab5\Lab5.srcs\sources_1\new\design.v:]
WARNING: [filemgmt 56-199] Attempt to get parsing info during refresh. "On-the-fly" syntax checking information may be incorrect. [C:\Users\fallo\Desktop\CECS 440\Lab 5\Lab5\Lab5.srcs\sources_1\new\design.v:]
WARNING: [filemgmt 56-199] Attempt to get parsing info during refresh. "On-the-fly" syntax checking information may be incorrect. [C:\Users\fallo\Desktop\CECS 440\Lab 5\Lab5\Lab5.srcs\sources_1\new\design.v:]
ERROR: [Common 17-180] Spawn failed: No error
WARNING: [filemgmt 56-199] Attempt to get parsing info during refresh. "On-the-fly" syntax checking information may be incorrect. [C:\Users\fallo\Desktop\CECS 440\Lab 5\Lab5\Lab5.srcs\sources_1\new\regfile.v:]
WARNING: [filemgmt 56-199] Attempt to get parsing info during refresh. "On-the-fly" syntax checking information may be incorrect. [C:\Users\fallo\Desktop\CECS 440\Lab 5\Lab5\Lab5.srcs\sim_1\new\testbench_skeleton.v:]
WARNING: [filemgmt 56-199] Attempt to get parsing info during refresh. "On-the-fly" syntax checking information may be incorrect. [C:\Users\fallo\Desktop\CECS 440\Lab 5\Lab5\Lab5.srcs\sources_1\new\alu.v:]
WARNING: [filemgmt 56-199] Attempt to get parsing info during refresh. "On-the-fly" syntax checking information may be incorrect. [C:\Users\fallo\Desktop\CECS 440\Lab 5\Lab5\Lab5.srcs\sources_1\new\aluout.v:]
WARNING: [filemgmt 56-199] Attempt to get parsing info during refresh. "On-the-fly" syntax checking information may be incorrect. [C:\Users\fallo\Desktop\CECS 440\Lab 5\Lab5\Lab5.srcs\sources_1\new\design.v:]
WARNING: [filemgmt 56-199] Attempt to get parsing info during refresh. "On-the-fly" syntax checking information may be incorrect. [C:\Users\fallo\Desktop\CECS 440\Lab 5\Lab5\Lab5.srcs\sources_1\new\alu.v:]
WARNING: [filemgmt 56-199] Attempt to get parsing info during refresh. "On-the-fly" syntax checking information may be incorrect. [C:\Users\fallo\Desktop\CECS 440\Lab 5\Lab5\Lab5.srcs\sources_1\new\alu.v:]
WARNING: [filemgmt 56-199] Attempt to get parsing info during refresh. "On-the-fly" syntax checking information may be incorrect. [C:\Users\fallo\Desktop\CECS 440\Lab 5\Lab5\Lab5.srcs\sources_1\new\regfile.v:]
WARNING: [filemgmt 56-199] Attempt to get parsing info during refresh. "On-the-fly" syntax checking information may be incorrect. [C:\Users\fallo\Desktop\CECS 440\Lab 5\Lab5\Lab5.srcs\sim_1\new\testbench_skeleton.v:]
WARNING: [filemgmt 56-199] Attempt to get parsing info during refresh. "On-the-fly" syntax checking information may be incorrect. [C:\Users\fallo\Desktop\CECS 440\Lab 5\Lab5\Lab5.srcs\sources_1\new\alu.v:]
WARNING: [filemgmt 56-199] Attempt to get parsing info during refresh. "On-the-fly" syntax checking information may be incorrect. [C:\Users\fallo\Desktop\CECS 440\Lab 5\Lab5\Lab5.srcs\sources_1\new\aluout.v:]
WARNING: [filemgmt 56-199] Attempt to get parsing info during refresh. "On-the-fly" syntax checking information may be incorrect. [C:\Users\fallo\Desktop\CECS 440\Lab 5\Lab5\Lab5.srcs\sources_1\new\design.v:]
WARNING: [filemgmt 56-199] Attempt to get parsing info during refresh. "On-the-fly" syntax checking information may be incorrect. [C:\Users\fallo\Desktop\CECS 440\Lab 5\Lab5\Lab5.srcs\sources_1\new\ALUout.v:]
WARNING: [filemgmt 56-199] Attempt to get parsing info during refresh. "On-the-fly" syntax checking information may be incorrect. [C:\Users\fallo\Desktop\CECS 440\Lab 5\Lab5\Lab5.srcs\sources_1\new\ALUout.v:]
WARNING: [filemgmt 56-199] Attempt to get parsing info during refresh. "On-the-fly" syntax checking information may be incorrect. [C:\Users\fallo\Desktop\CECS 440\Lab 5\Lab5\Lab5.srcs\sources_1\new\regfile.v:]
WARNING: [filemgmt 56-199] Attempt to get parsing info during refresh. "On-the-fly" syntax checking information may be incorrect. [C:\Users\fallo\Desktop\CECS 440\Lab 5\Lab5\Lab5.srcs\sim_1\new\testbench_skeleton.v:]
WARNING: [filemgmt 56-199] Attempt to get parsing info during refresh. "On-the-fly" syntax checking information may be incorrect. [C:\Users\fallo\Desktop\CECS 440\Lab 5\Lab5\Lab5.srcs\sources_1\new\alu.v:]
WARNING: [filemgmt 56-199] Attempt to get parsing info during refresh. "On-the-fly" syntax checking information may be incorrect. [C:\Users\fallo\Desktop\CECS 440\Lab 5\Lab5\Lab5.srcs\sources_1\new\aluout.v:]
WARNING: [filemgmt 56-199] Attempt to get parsing info during refresh. "On-the-fly" syntax checking information may be incorrect. [C:\Users\fallo\Desktop\CECS 440\Lab 5\Lab5\Lab5.srcs\sources_1\new\design.v:]
WARNING: [filemgmt 56-199] Attempt to get parsing info during refresh. "On-the-fly" syntax checking information may be incorrect. [C:\Users\fallo\Desktop\CECS 440\Lab 5\Lab5\Lab5.srcs\sim_1\new\testbench_skeleton.v:]
WARNING: [filemgmt 56-199] Attempt to get parsing info during refresh. "On-the-fly" syntax checking information may be incorrect. [C:\Users\fallo\Desktop\CECS 440\Lab 5\Lab5\Lab5.srcs\sim_1\new\testbench_skeleton.v:]
save_wave_config {C:/Users/fallo/Desktop/CECS 440/Lab 5/Lab5/datapathTester_behav.wcfg}
WARNING: [filemgmt 56-199] Attempt to get parsing info during refresh. "On-the-fly" syntax checking information may be incorrect. [C:\Users\fallo\Desktop\CECS 440\Lab 5\Lab5\Lab5.srcs\sources_1\new\regfile.v:]
WARNING: [filemgmt 56-199] Attempt to get parsing info during refresh. "On-the-fly" syntax checking information may be incorrect. [C:\Users\fallo\Desktop\CECS 440\Lab 5\Lab5\Lab5.srcs\sim_1\new\testbench_skeleton.v:]
WARNING: [filemgmt 56-199] Attempt to get parsing info during refresh. "On-the-fly" syntax checking information may be incorrect. [C:\Users\fallo\Desktop\CECS 440\Lab 5\Lab5\Lab5.srcs\sources_1\new\alu.v:]
WARNING: [filemgmt 56-199] Attempt to get parsing info during refresh. "On-the-fly" syntax checking information may be incorrect. [C:\Users\fallo\Desktop\CECS 440\Lab 5\Lab5\Lab5.srcs\sources_1\new\aluout.v:]
WARNING: [filemgmt 56-199] Attempt to get parsing info during refresh. "On-the-fly" syntax checking information may be incorrect. [C:\Users\fallo\Desktop\CECS 440\Lab 5\Lab5\Lab5.srcs\sources_1\new\design.v:]
WARNING: [filemgmt 56-199] Attempt to get parsing info during refresh. "On-the-fly" syntax checking information may be incorrect. [C:\Users\fallo\Desktop\CECS 440\Lab 5\Lab5\Lab5.srcs\sim_1\new\testbench_skeleton.v:]
WARNING: [filemgmt 56-199] Attempt to get parsing info during refresh. "On-the-fly" syntax checking information may be incorrect. [C:\Users\fallo\Desktop\CECS 440\Lab 5\Lab5\Lab5.srcs\sim_1\new\testbench_skeleton.v:]
ERROR: [Common 17-180] Spawn failed: No error
WARNING: [filemgmt 56-199] Attempt to get parsing info during refresh. "On-the-fly" syntax checking information may be incorrect. [C:\Users\fallo\Desktop\CECS 440\Lab 5\Lab5\Lab5.srcs\sources_1\new\regfile.v:]
WARNING: [filemgmt 56-199] Attempt to get parsing info during refresh. "On-the-fly" syntax checking information may be incorrect. [C:\Users\fallo\Desktop\CECS 440\Lab 5\Lab5\Lab5.srcs\sim_1\new\testbench_skeleton.v:]
WARNING: [filemgmt 56-199] Attempt to get parsing info during refresh. "On-the-fly" syntax checking information may be incorrect. [C:\Users\fallo\Desktop\CECS 440\Lab 5\Lab5\Lab5.srcs\sources_1\new\alu.v:]
WARNING: [filemgmt 56-199] Attempt to get parsing info during refresh. "On-the-fly" syntax checking information may be incorrect. [C:\Users\fallo\Desktop\CECS 440\Lab 5\Lab5\Lab5.srcs\sources_1\new\aluout.v:]
WARNING: [filemgmt 56-199] Attempt to get parsing info during refresh. "On-the-fly" syntax checking information may be incorrect. [C:\Users\fallo\Desktop\CECS 440\Lab 5\Lab5\Lab5.srcs\sources_1\new\design.v:]
WARNING: [filemgmt 56-199] Attempt to get parsing info during refresh. "On-the-fly" syntax checking information may be incorrect. [C:\Users\fallo\Desktop\CECS 440\Lab 5\Lab5\Lab5.srcs\sources_1\new\regfile.v:]
WARNING: [filemgmt 56-199] Attempt to get parsing info during refresh. "On-the-fly" syntax checking information may be incorrect. [C:\Users\fallo\Desktop\CECS 440\Lab 5\Lab5\Lab5.srcs\sources_1\new\regfile.v:]
WARNING: [filemgmt 56-199] Attempt to get parsing info during refresh. "On-the-fly" syntax checking information may be incorrect. [C:\Users\fallo\Desktop\CECS 440\Lab 5\Lab5\Lab5.srcs\sources_1\new\regfile.v:]
WARNING: [filemgmt 56-199] Attempt to get parsing info during refresh. "On-the-fly" syntax checking information may be incorrect. [C:\Users\fallo\Desktop\CECS 440\Lab 5\Lab5\Lab5.srcs\sim_1\new\testbench_skeleton.v:]
WARNING: [filemgmt 56-199] Attempt to get parsing info during refresh. "On-the-fly" syntax checking information may be incorrect. [C:\Users\fallo\Desktop\CECS 440\Lab 5\Lab5\Lab5.srcs\sources_1\new\alu.v:]
WARNING: [filemgmt 56-199] Attempt to get parsing info during refresh. "On-the-fly" syntax checking information may be incorrect. [C:\Users\fallo\Desktop\CECS 440\Lab 5\Lab5\Lab5.srcs\sources_1\new\aluout.v:]
WARNING: [filemgmt 56-199] Attempt to get parsing info during refresh. "On-the-fly" syntax checking information may be incorrect. [C:\Users\fallo\Desktop\CECS 440\Lab 5\Lab5\Lab5.srcs\sources_1\new\design.v:]
WARNING: [filemgmt 56-199] Attempt to get parsing info during refresh. "On-the-fly" syntax checking information may be incorrect. [C:\Users\fallo\Desktop\CECS 440\Lab 5\Lab5\Lab5.srcs\sources_1\new\design.v:]
WARNING: [filemgmt 56-199] Attempt to get parsing info during refresh. "On-the-fly" syntax checking information may be incorrect. [C:\Users\fallo\Desktop\CECS 440\Lab 5\Lab5\Lab5.srcs\sources_1\new\design.v:]
WARNING: [filemgmt 56-199] Attempt to get parsing info during refresh. "On-the-fly" syntax checking information may be incorrect. [C:\Users\fallo\Desktop\CECS 440\Lab 5\Lab5\Lab5.srcs\sources_1\new\regfile.v:]
WARNING: [filemgmt 56-199] Attempt to get parsing info during refresh. "On-the-fly" syntax checking information may be incorrect. [C:\Users\fallo\Desktop\CECS 440\Lab 5\Lab5\Lab5.srcs\sim_1\new\testbench_skeleton.v:]
WARNING: [filemgmt 56-199] Attempt to get parsing info during refresh. "On-the-fly" syntax checking information may be incorrect. [C:\Users\fallo\Desktop\CECS 440\Lab 5\Lab5\Lab5.srcs\sources_1\new\alu.v:]
WARNING: [filemgmt 56-199] Attempt to get parsing info during refresh. "On-the-fly" syntax checking information may be incorrect. [C:\Users\fallo\Desktop\CECS 440\Lab 5\Lab5\Lab5.srcs\sources_1\new\aluout.v:]
WARNING: [filemgmt 56-199] Attempt to get parsing info during refresh. "On-the-fly" syntax checking information may be incorrect. [C:\Users\fallo\Desktop\CECS 440\Lab 5\Lab5\Lab5.srcs\sources_1\new\design.v:]
WARNING: [filemgmt 56-199] Attempt to get parsing info during refresh. "On-the-fly" syntax checking information may be incorrect. [C:\Users\fallo\Desktop\CECS 440\Lab 5\Lab5\Lab5.srcs\sources_1\new\ALUout.v:]
WARNING: [filemgmt 56-199] Attempt to get parsing info during refresh. "On-the-fly" syntax checking information may be incorrect. [C:\Users\fallo\Desktop\CECS 440\Lab 5\Lab5\Lab5.srcs\sources_1\new\ALUout.v:]
WARNING: [filemgmt 56-199] Attempt to get parsing info during refresh. "On-the-fly" syntax checking information may be incorrect. [C:\Users\fallo\Desktop\CECS 440\Lab 5\Lab5\Lab5.srcs\sources_1\new\regfile.v:]
WARNING: [filemgmt 56-199] Attempt to get parsing info during refresh. "On-the-fly" syntax checking information may be incorrect. [C:\Users\fallo\Desktop\CECS 440\Lab 5\Lab5\Lab5.srcs\sim_1\new\testbench_skeleton.v:]
WARNING: [filemgmt 56-199] Attempt to get parsing info during refresh. "On-the-fly" syntax checking information may be incorrect. [C:\Users\fallo\Desktop\CECS 440\Lab 5\Lab5\Lab5.srcs\sources_1\new\alu.v:]
WARNING: [filemgmt 56-199] Attempt to get parsing info during refresh. "On-the-fly" syntax checking information may be incorrect. [C:\Users\fallo\Desktop\CECS 440\Lab 5\Lab5\Lab5.srcs\sources_1\new\aluout.v:]
WARNING: [filemgmt 56-199] Attempt to get parsing info during refresh. "On-the-fly" syntax checking information may be incorrect. [C:\Users\fallo\Desktop\CECS 440\Lab 5\Lab5\Lab5.srcs\sources_1\new\design.v:]
WARNING: [filemgmt 56-199] Attempt to get parsing info during refresh. "On-the-fly" syntax checking information may be incorrect. [C:\Users\fallo\Desktop\CECS 440\Lab 5\Lab5\Lab5.srcs\sources_1\new\alu.v:]
WARNING: [filemgmt 56-199] Attempt to get parsing info during refresh. "On-the-fly" syntax checking information may be incorrect. [C:\Users\fallo\Desktop\CECS 440\Lab 5\Lab5\Lab5.srcs\sources_1\new\alu.v:]
ERROR: [Common 17-180] Spawn failed: No error
WARNING: [filemgmt 56-199] Attempt to get parsing info during refresh. "On-the-fly" syntax checking information may be incorrect. [C:\Users\fallo\Desktop\CECS 440\Lab 5\Lab5\Lab5.srcs\sources_1\new\regfile.v:]
WARNING: [filemgmt 56-199] Attempt to get parsing info during refresh. "On-the-fly" syntax checking information may be incorrect. [C:\Users\fallo\Desktop\CECS 440\Lab 5\Lab5\Lab5.srcs\sim_1\new\testbench_skeleton.v:]
WARNING: [filemgmt 56-199] Attempt to get parsing info during refresh. "On-the-fly" syntax checking information may be incorrect. [C:\Users\fallo\Desktop\CECS 440\Lab 5\Lab5\Lab5.srcs\sources_1\new\alu.v:]
WARNING: [filemgmt 56-199] Attempt to get parsing info during refresh. "On-the-fly" syntax checking information may be incorrect. [C:\Users\fallo\Desktop\CECS 440\Lab 5\Lab5\Lab5.srcs\sources_1\new\aluout.v:]
WARNING: [filemgmt 56-199] Attempt to get parsing info during refresh. "On-the-fly" syntax checking information may be incorrect. [C:\Users\fallo\Desktop\CECS 440\Lab 5\Lab5\Lab5.srcs\sources_1\new\design.v:]
WARNING: [filemgmt 56-199] Attempt to get parsing info during refresh. "On-the-fly" syntax checking information may be incorrect. [C:\Users\fallo\Desktop\CECS 440\Lab 5\Lab5\Lab5.srcs\sources_1\new\regfile.v:]
WARNING: [filemgmt 56-199] Attempt to get parsing info during refresh. "On-the-fly" syntax checking information may be incorrect. [C:\Users\fallo\Desktop\CECS 440\Lab 5\Lab5\Lab5.srcs\sources_1\new\regfile.v:]
WARNING: [filemgmt 56-199] Attempt to get parsing info during refresh. "On-the-fly" syntax checking information may be incorrect. [C:\Users\fallo\Desktop\CECS 440\Lab 5\Lab5\Lab5.srcs\sources_1\new\regfile.v:]
WARNING: [filemgmt 56-199] Attempt to get parsing info during refresh. "On-the-fly" syntax checking information may be incorrect. [C:\Users\fallo\Desktop\CECS 440\Lab 5\Lab5\Lab5.srcs\sim_1\new\testbench_skeleton.v:]
WARNING: [filemgmt 56-199] Attempt to get parsing info during refresh. "On-the-fly" syntax checking information may be incorrect. [C:\Users\fallo\Desktop\CECS 440\Lab 5\Lab5\Lab5.srcs\sources_1\new\alu.v:]
WARNING: [filemgmt 56-199] Attempt to get parsing info during refresh. "On-the-fly" syntax checking information may be incorrect. [C:\Users\fallo\Desktop\CECS 440\Lab 5\Lab5\Lab5.srcs\sources_1\new\aluout.v:]
WARNING: [filemgmt 56-199] Attempt to get parsing info during refresh. "On-the-fly" syntax checking information may be incorrect. [C:\Users\fallo\Desktop\CECS 440\Lab 5\Lab5\Lab5.srcs\sources_1\new\design.v:]
WARNING: [filemgmt 56-199] Attempt to get parsing info during refresh. "On-the-fly" syntax checking information may be incorrect. [C:\Users\fallo\Desktop\CECS 440\Lab 5\Lab5\Lab5.srcs\sources_1\new\ALUout.v:]
WARNING: [filemgmt 56-199] Attempt to get parsing info during refresh. "On-the-fly" syntax checking information may be incorrect. [C:\Users\fallo\Desktop\CECS 440\Lab 5\Lab5\Lab5.srcs\sources_1\new\ALUout.v:]
WARNING: [filemgmt 56-199] Attempt to get parsing info during refresh. "On-the-fly" syntax checking information may be incorrect. [C:\Users\fallo\Desktop\CECS 440\Lab 5\Lab5\Lab5.srcs\sources_1\new\regfile.v:]
WARNING: [filemgmt 56-199] Attempt to get parsing info during refresh. "On-the-fly" syntax checking information may be incorrect. [C:\Users\fallo\Desktop\CECS 440\Lab 5\Lab5\Lab5.srcs\sim_1\new\testbench_skeleton.v:]
WARNING: [filemgmt 56-199] Attempt to get parsing info during refresh. "On-the-fly" syntax checking information may be incorrect. [C:\Users\fallo\Desktop\CECS 440\Lab 5\Lab5\Lab5.srcs\sources_1\new\alu.v:]
WARNING: [filemgmt 56-199] Attempt to get parsing info during refresh. "On-the-fly" syntax checking information may be incorrect. [C:\Users\fallo\Desktop\CECS 440\Lab 5\Lab5\Lab5.srcs\sources_1\new\aluout.v:]
WARNING: [filemgmt 56-199] Attempt to get parsing info during refresh. "On-the-fly" syntax checking information may be incorrect. [C:\Users\fallo\Desktop\CECS 440\Lab 5\Lab5\Lab5.srcs\sources_1\new\design.v:]
WARNING: [filemgmt 56-199] Attempt to get parsing info during refresh. "On-the-fly" syntax checking information may be incorrect. [C:\Users\fallo\Desktop\CECS 440\Lab 5\Lab5\Lab5.srcs\sources_1\new\regfile.v:]
WARNING: [filemgmt 56-199] Attempt to get parsing info during refresh. "On-the-fly" syntax checking information may be incorrect. [C:\Users\fallo\Desktop\CECS 440\Lab 5\Lab5\Lab5.srcs\sources_1\new\regfile.v:]
WARNING: [filemgmt 56-199] Attempt to get parsing info during refresh. "On-the-fly" syntax checking information may be incorrect. [C:\Users\fallo\Desktop\CECS 440\Lab 5\Lab5\Lab5.srcs\sources_1\new\regfile.v:]
WARNING: [filemgmt 56-199] Attempt to get parsing info during refresh. "On-the-fly" syntax checking information may be incorrect. [C:\Users\fallo\Desktop\CECS 440\Lab 5\Lab5\Lab5.srcs\sim_1\new\testbench_skeleton.v:]
WARNING: [filemgmt 56-199] Attempt to get parsing info during refresh. "On-the-fly" syntax checking information may be incorrect. [C:\Users\fallo\Desktop\CECS 440\Lab 5\Lab5\Lab5.srcs\sources_1\new\alu.v:]
WARNING: [filemgmt 56-199] Attempt to get parsing info during refresh. "On-the-fly" syntax checking information may be incorrect. [C:\Users\fallo\Desktop\CECS 440\Lab 5\Lab5\Lab5.srcs\sources_1\new\aluout.v:]
WARNING: [filemgmt 56-199] Attempt to get parsing info during refresh. "On-the-fly" syntax checking information may be incorrect. [C:\Users\fallo\Desktop\CECS 440\Lab 5\Lab5\Lab5.srcs\sources_1\new\design.v:]
WARNING: [filemgmt 56-199] Attempt to get parsing info during refresh. "On-the-fly" syntax checking information may be incorrect. [C:\Users\fallo\Desktop\CECS 440\Lab 5\Lab5\Lab5.srcs\sources_1\new\ALUout.v:]
WARNING: [filemgmt 56-199] Attempt to get parsing info during refresh. "On-the-fly" syntax checking information may be incorrect. [C:\Users\fallo\Desktop\CECS 440\Lab 5\Lab5\Lab5.srcs\sources_1\new\ALUout.v:]
WARNING: [filemgmt 56-199] Attempt to get parsing info during refresh. "On-the-fly" syntax checking information may be incorrect. [C:\Users\fallo\Desktop\CECS 440\Lab 5\Lab5\Lab5.srcs\sources_1\new\regfile.v:]
WARNING: [filemgmt 56-199] Attempt to get parsing info during refresh. "On-the-fly" syntax checking information may be incorrect. [C:\Users\fallo\Desktop\CECS 440\Lab 5\Lab5\Lab5.srcs\sim_1\new\testbench_skeleton.v:]
WARNING: [filemgmt 56-199] Attempt to get parsing info during refresh. "On-the-fly" syntax checking information may be incorrect. [C:\Users\fallo\Desktop\CECS 440\Lab 5\Lab5\Lab5.srcs\sources_1\new\alu.v:]
WARNING: [filemgmt 56-199] Attempt to get parsing info during refresh. "On-the-fly" syntax checking information may be incorrect. [C:\Users\fallo\Desktop\CECS 440\Lab 5\Lab5\Lab5.srcs\sources_1\new\aluout.v:]
WARNING: [filemgmt 56-199] Attempt to get parsing info during refresh. "On-the-fly" syntax checking information may be incorrect. [C:\Users\fallo\Desktop\CECS 440\Lab 5\Lab5\Lab5.srcs\sources_1\new\design.v:]
WARNING: [filemgmt 56-199] Attempt to get parsing info during refresh. "On-the-fly" syntax checking information may be incorrect. [C:\Users\fallo\Desktop\CECS 440\Lab 5\Lab5\Lab5.srcs\sim_1\new\testbench_skeleton.v:]
WARNING: [filemgmt 56-199] Attempt to get parsing info during refresh. "On-the-fly" syntax checking information may be incorrect. [C:\Users\fallo\Desktop\CECS 440\Lab 5\Lab5\Lab5.srcs\sim_1\new\testbench_skeleton.v:]
WARNING: [filemgmt 56-199] Attempt to get parsing info during refresh. "On-the-fly" syntax checking information may be incorrect. [C:\Users\fallo\Desktop\CECS 440\Lab 5\Lab5\Lab5.srcs\sources_1\new\regfile.v:]
WARNING: [filemgmt 56-199] Attempt to get parsing info during refresh. "On-the-fly" syntax checking information may be incorrect. [C:\Users\fallo\Desktop\CECS 440\Lab 5\Lab5\Lab5.srcs\sim_1\new\testbench_skeleton.v:]
WARNING: [filemgmt 56-199] Attempt to get parsing info during refresh. "On-the-fly" syntax checking information may be incorrect. [C:\Users\fallo\Desktop\CECS 440\Lab 5\Lab5\Lab5.srcs\sources_1\new\alu.v:]
WARNING: [filemgmt 56-199] Attempt to get parsing info during refresh. "On-the-fly" syntax checking information may be incorrect. [C:\Users\fallo\Desktop\CECS 440\Lab 5\Lab5\Lab5.srcs\sources_1\new\aluout.v:]
WARNING: [filemgmt 56-199] Attempt to get parsing info during refresh. "On-the-fly" syntax checking information may be incorrect. [C:\Users\fallo\Desktop\CECS 440\Lab 5\Lab5\Lab5.srcs\sources_1\new\design.v:]
WARNING: [filemgmt 56-199] Attempt to get parsing info during refresh. "On-the-fly" syntax checking information may be incorrect. [C:\Users\fallo\Desktop\CECS 440\Lab 5\Lab5\Lab5.srcs\sources_1\new\alu.v:]
WARNING: [filemgmt 56-199] Attempt to get parsing info during refresh. "On-the-fly" syntax checking information may be incorrect. [C:\Users\fallo\Desktop\CECS 440\Lab 5\Lab5\Lab5.srcs\sources_1\new\alu.v:]
ERROR: [Common 17-180] Spawn failed: No error
WARNING: [filemgmt 56-199] Attempt to get parsing info during refresh. "On-the-fly" syntax checking information may be incorrect. [C:\Users\fallo\Desktop\CECS 440\Lab 5\Lab5\Lab5.srcs\sources_1\new\regfile.v:]
WARNING: [filemgmt 56-199] Attempt to get parsing info during refresh. "On-the-fly" syntax checking information may be incorrect. [C:\Users\fallo\Desktop\CECS 440\Lab 5\Lab5\Lab5.srcs\sim_1\new\testbench_skeleton.v:]
WARNING: [filemgmt 56-199] Attempt to get parsing info during refresh. "On-the-fly" syntax checking information may be incorrect. [C:\Users\fallo\Desktop\CECS 440\Lab 5\Lab5\Lab5.srcs\sources_1\new\alu.v:]
WARNING: [filemgmt 56-199] Attempt to get parsing info during refresh. "On-the-fly" syntax checking information may be incorrect. [C:\Users\fallo\Desktop\CECS 440\Lab 5\Lab5\Lab5.srcs\sources_1\new\aluout.v:]
WARNING: [filemgmt 56-199] Attempt to get parsing info during refresh. "On-the-fly" syntax checking information may be incorrect. [C:\Users\fallo\Desktop\CECS 440\Lab 5\Lab5\Lab5.srcs\sources_1\new\design.v:]
WARNING: [filemgmt 56-199] Attempt to get parsing info during refresh. "On-the-fly" syntax checking information may be incorrect. [C:\Users\fallo\Desktop\CECS 440\Lab 5\Lab5\Lab5.srcs\sources_1\new\regfile.v:]
WARNING: [filemgmt 56-199] Attempt to get parsing info during refresh. "On-the-fly" syntax checking information may be incorrect. [C:\Users\fallo\Desktop\CECS 440\Lab 5\Lab5\Lab5.srcs\sources_1\new\regfile.v:]
WARNING: [filemgmt 56-199] Attempt to get parsing info during refresh. "On-the-fly" syntax checking information may be incorrect. [C:\Users\fallo\Desktop\CECS 440\Lab 5\Lab5\Lab5.srcs\sources_1\new\regfile.v:]
WARNING: [filemgmt 56-199] Attempt to get parsing info during refresh. "On-the-fly" syntax checking information may be incorrect. [C:\Users\fallo\Desktop\CECS 440\Lab 5\Lab5\Lab5.srcs\sim_1\new\testbench_skeleton.v:]
WARNING: [filemgmt 56-199] Attempt to get parsing info during refresh. "On-the-fly" syntax checking information may be incorrect. [C:\Users\fallo\Desktop\CECS 440\Lab 5\Lab5\Lab5.srcs\sources_1\new\alu.v:]
WARNING: [filemgmt 56-199] Attempt to get parsing info during refresh. "On-the-fly" syntax checking information may be incorrect. [C:\Users\fallo\Desktop\CECS 440\Lab 5\Lab5\Lab5.srcs\sources_1\new\aluout.v:]
WARNING: [filemgmt 56-199] Attempt to get parsing info during refresh. "On-the-fly" syntax checking information may be incorrect. [C:\Users\fallo\Desktop\CECS 440\Lab 5\Lab5\Lab5.srcs\sources_1\new\design.v:]
WARNING: [filemgmt 56-199] Attempt to get parsing info during refresh. "On-the-fly" syntax checking information may be incorrect. [C:\Users\fallo\Desktop\CECS 440\Lab 5\Lab5\Lab5.srcs\sources_1\new\design.v:]
WARNING: [filemgmt 56-199] Attempt to get parsing info during refresh. "On-the-fly" syntax checking information may be incorrect. [C:\Users\fallo\Desktop\CECS 440\Lab 5\Lab5\Lab5.srcs\sources_1\new\design.v:]
WARNING: [filemgmt 56-199] Attempt to get parsing info during refresh. "On-the-fly" syntax checking information may be incorrect. [C:\Users\fallo\Desktop\CECS 440\Lab 5\Lab5\Lab5.srcs\sources_1\new\regfile.v:]
WARNING: [filemgmt 56-199] Attempt to get parsing info during refresh. "On-the-fly" syntax checking information may be incorrect. [C:\Users\fallo\Desktop\CECS 440\Lab 5\Lab5\Lab5.srcs\sim_1\new\testbench_skeleton.v:]
WARNING: [filemgmt 56-199] Attempt to get parsing info during refresh. "On-the-fly" syntax checking information may be incorrect. [C:\Users\fallo\Desktop\CECS 440\Lab 5\Lab5\Lab5.srcs\sources_1\new\alu.v:]
WARNING: [filemgmt 56-199] Attempt to get parsing info during refresh. "On-the-fly" syntax checking information may be incorrect. [C:\Users\fallo\Desktop\CECS 440\Lab 5\Lab5\Lab5.srcs\sources_1\new\aluout.v:]
WARNING: [filemgmt 56-199] Attempt to get parsing info during refresh. "On-the-fly" syntax checking information may be incorrect. [C:\Users\fallo\Desktop\CECS 440\Lab 5\Lab5\Lab5.srcs\sources_1\new\design.v:]
WARNING: [filemgmt 56-199] Attempt to get parsing info during refresh. "On-the-fly" syntax checking information may be incorrect. [C:\Users\fallo\Desktop\CECS 440\Lab 5\Lab5\Lab5.srcs\sources_1\new\alu.v:]
WARNING: [filemgmt 56-199] Attempt to get parsing info during refresh. "On-the-fly" syntax checking information may be incorrect. [C:\Users\fallo\Desktop\CECS 440\Lab 5\Lab5\Lab5.srcs\sources_1\new\alu.v:]
ERROR: [Common 17-180] Spawn failed: No error
ERROR: [Common 17-180] Spawn failed: No error
WARNING: [filemgmt 56-199] Attempt to get parsing info during refresh. "On-the-fly" syntax checking information may be incorrect. [C:\Users\fallo\Desktop\CECS 440\Lab 5\Lab5\Lab5.srcs\sources_1\new\regfile.v:]
WARNING: [filemgmt 56-199] Attempt to get parsing info during refresh. "On-the-fly" syntax checking information may be incorrect. [C:\Users\fallo\Desktop\CECS 440\Lab 5\Lab5\Lab5.srcs\sim_1\new\testbench_skeleton.v:]
WARNING: [filemgmt 56-199] Attempt to get parsing info during refresh. "On-the-fly" syntax checking information may be incorrect. [C:\Users\fallo\Desktop\CECS 440\Lab 5\Lab5\Lab5.srcs\sources_1\new\alu.v:]
WARNING: [filemgmt 56-199] Attempt to get parsing info during refresh. "On-the-fly" syntax checking information may be incorrect. [C:\Users\fallo\Desktop\CECS 440\Lab 5\Lab5\Lab5.srcs\sources_1\new\aluout.v:]
WARNING: [filemgmt 56-199] Attempt to get parsing info during refresh. "On-the-fly" syntax checking information may be incorrect. [C:\Users\fallo\Desktop\CECS 440\Lab 5\Lab5\Lab5.srcs\sources_1\new\design.v:]
WARNING: [filemgmt 56-199] Attempt to get parsing info during refresh. "On-the-fly" syntax checking information may be incorrect. [C:\Users\fallo\Desktop\CECS 440\Lab 5\Lab5\Lab5.srcs\sources_1\new\regfile.v:]
WARNING: [filemgmt 56-199] Attempt to get parsing info during refresh. "On-the-fly" syntax checking information may be incorrect. [C:\Users\fallo\Desktop\CECS 440\Lab 5\Lab5\Lab5.srcs\sources_1\new\regfile.v:]
WARNING: [filemgmt 56-199] Attempt to get parsing info during refresh. "On-the-fly" syntax checking information may be incorrect. [C:\Users\fallo\Desktop\CECS 440\Lab 5\Lab5\Lab5.srcs\sources_1\new\regfile.v:]
WARNING: [filemgmt 56-199] Attempt to get parsing info during refresh. "On-the-fly" syntax checking information may be incorrect. [C:\Users\fallo\Desktop\CECS 440\Lab 5\Lab5\Lab5.srcs\sim_1\new\testbench_skeleton.v:]
WARNING: [filemgmt 56-199] Attempt to get parsing info during refresh. "On-the-fly" syntax checking information may be incorrect. [C:\Users\fallo\Desktop\CECS 440\Lab 5\Lab5\Lab5.srcs\sources_1\new\alu.v:]
WARNING: [filemgmt 56-199] Attempt to get parsing info during refresh. "On-the-fly" syntax checking information may be incorrect. [C:\Users\fallo\Desktop\CECS 440\Lab 5\Lab5\Lab5.srcs\sources_1\new\aluout.v:]
WARNING: [filemgmt 56-199] Attempt to get parsing info during refresh. "On-the-fly" syntax checking information may be incorrect. [C:\Users\fallo\Desktop\CECS 440\Lab 5\Lab5\Lab5.srcs\sources_1\new\design.v:]
WARNING: [filemgmt 56-199] Attempt to get parsing info during refresh. "On-the-fly" syntax checking information may be incorrect. [C:\Users\fallo\Desktop\CECS 440\Lab 5\Lab5\Lab5.srcs\sources_1\new\design.v:]
WARNING: [filemgmt 56-199] Attempt to get parsing info during refresh. "On-the-fly" syntax checking information may be incorrect. [C:\Users\fallo\Desktop\CECS 440\Lab 5\Lab5\Lab5.srcs\sources_1\new\design.v:]
ERROR: [Common 17-180] Spawn failed: No error
WARNING: [filemgmt 56-199] Attempt to get parsing info during refresh. "On-the-fly" syntax checking information may be incorrect. [C:\Users\fallo\Desktop\CECS 440\Lab 5\Lab5\Lab5.srcs\sources_1\new\regfile.v:]
WARNING: [filemgmt 56-199] Attempt to get parsing info during refresh. "On-the-fly" syntax checking information may be incorrect. [C:\Users\fallo\Desktop\CECS 440\Lab 5\Lab5\Lab5.srcs\sim_1\new\testbench_skeleton.v:]
WARNING: [filemgmt 56-199] Attempt to get parsing info during refresh. "On-the-fly" syntax checking information may be incorrect. [C:\Users\fallo\Desktop\CECS 440\Lab 5\Lab5\Lab5.srcs\sources_1\new\alu.v:]
WARNING: [filemgmt 56-199] Attempt to get parsing info during refresh. "On-the-fly" syntax checking information may be incorrect. [C:\Users\fallo\Desktop\CECS 440\Lab 5\Lab5\Lab5.srcs\sources_1\new\aluout.v:]
WARNING: [filemgmt 56-199] Attempt to get parsing info during refresh. "On-the-fly" syntax checking information may be incorrect. [C:\Users\fallo\Desktop\CECS 440\Lab 5\Lab5\Lab5.srcs\sources_1\new\design.v:]
WARNING: [filemgmt 56-199] Attempt to get parsing info during refresh. "On-the-fly" syntax checking information may be incorrect. [C:\Users\fallo\Desktop\CECS 440\Lab 5\Lab5\Lab5.srcs\sources_1\new\alu.v:]
WARNING: [filemgmt 56-199] Attempt to get parsing info during refresh. "On-the-fly" syntax checking information may be incorrect. [C:\Users\fallo\Desktop\CECS 440\Lab 5\Lab5\Lab5.srcs\sources_1\new\alu.v:]
WARNING: [filemgmt 56-199] Attempt to get parsing info during refresh. "On-the-fly" syntax checking information may be incorrect. [C:\Users\fallo\Desktop\CECS 440\Lab 5\Lab5\Lab5.srcs\sources_1\new\regfile.v:]
WARNING: [filemgmt 56-199] Attempt to get parsing info during refresh. "On-the-fly" syntax checking information may be incorrect. [C:\Users\fallo\Desktop\CECS 440\Lab 5\Lab5\Lab5.srcs\sim_1\new\testbench_skeleton.v:]
WARNING: [filemgmt 56-199] Attempt to get parsing info during refresh. "On-the-fly" syntax checking information may be incorrect. [C:\Users\fallo\Desktop\CECS 440\Lab 5\Lab5\Lab5.srcs\sources_1\new\alu.v:]
WARNING: [filemgmt 56-199] Attempt to get parsing info during refresh. "On-the-fly" syntax checking information may be incorrect. [C:\Users\fallo\Desktop\CECS 440\Lab 5\Lab5\Lab5.srcs\sources_1\new\aluout.v:]
WARNING: [filemgmt 56-199] Attempt to get parsing info during refresh. "On-the-fly" syntax checking information may be incorrect. [C:\Users\fallo\Desktop\CECS 440\Lab 5\Lab5\Lab5.srcs\sources_1\new\design.v:]
WARNING: [filemgmt 56-199] Attempt to get parsing info during refresh. "On-the-fly" syntax checking information may be incorrect. [C:\Users\fallo\Desktop\CECS 440\Lab 5\Lab5\Lab5.srcs\sources_1\new\ALUout.v:]
WARNING: [filemgmt 56-199] Attempt to get parsing info during refresh. "On-the-fly" syntax checking information may be incorrect. [C:\Users\fallo\Desktop\CECS 440\Lab 5\Lab5\Lab5.srcs\sources_1\new\ALUout.v:]
ERROR: [Common 17-180] Spawn failed: No error
save_wave_config {C:/Users/fallo/Desktop/CECS 440/Lab 5/Lab5/datapathTester_behav.wcfg}
WARNING: [filemgmt 56-199] Attempt to get parsing info during refresh. "On-the-fly" syntax checking information may be incorrect. [C:\Users\fallo\Desktop\CECS 440\Lab 5\Lab5\Lab5.srcs\sources_1\new\regfile.v:]
WARNING: [filemgmt 56-199] Attempt to get parsing info during refresh. "On-the-fly" syntax checking information may be incorrect. [C:\Users\fallo\Desktop\CECS 440\Lab 5\Lab5\Lab5.srcs\sim_1\new\testbench_skeleton.v:]
WARNING: [filemgmt 56-199] Attempt to get parsing info during refresh. "On-the-fly" syntax checking information may be incorrect. [C:\Users\fallo\Desktop\CECS 440\Lab 5\Lab5\Lab5.srcs\sources_1\new\alu.v:]
WARNING: [filemgmt 56-199] Attempt to get parsing info during refresh. "On-the-fly" syntax checking information may be incorrect. [C:\Users\fallo\Desktop\CECS 440\Lab 5\Lab5\Lab5.srcs\sources_1\new\aluout.v:]
WARNING: [filemgmt 56-199] Attempt to get parsing info during refresh. "On-the-fly" syntax checking information may be incorrect. [C:\Users\fallo\Desktop\CECS 440\Lab 5\Lab5\Lab5.srcs\sources_1\new\design.v:]
WARNING: [filemgmt 56-199] Attempt to get parsing info during refresh. "On-the-fly" syntax checking information may be incorrect. [C:\Users\fallo\Desktop\CECS 440\Lab 5\Lab5\Lab5.srcs\sources_1\new\regfile.v:]
WARNING: [filemgmt 56-199] Attempt to get parsing info during refresh. "On-the-fly" syntax checking information may be incorrect. [C:\Users\fallo\Desktop\CECS 440\Lab 5\Lab5\Lab5.srcs\sources_1\new\regfile.v:]
WARNING: [filemgmt 56-199] Attempt to get parsing info during refresh. "On-the-fly" syntax checking information may be incorrect. [C:\Users\fallo\Desktop\CECS 440\Lab 5\Lab5\Lab5.srcs\sources_1\new\regfile.v:]
WARNING: [filemgmt 56-199] Attempt to get parsing info during refresh. "On-the-fly" syntax checking information may be incorrect. [C:\Users\fallo\Desktop\CECS 440\Lab 5\Lab5\Lab5.srcs\sim_1\new\testbench_skeleton.v:]
WARNING: [filemgmt 56-199] Attempt to get parsing info during refresh. "On-the-fly" syntax checking information may be incorrect. [C:\Users\fallo\Desktop\CECS 440\Lab 5\Lab5\Lab5.srcs\sources_1\new\alu.v:]
WARNING: [filemgmt 56-199] Attempt to get parsing info during refresh. "On-the-fly" syntax checking information may be incorrect. [C:\Users\fallo\Desktop\CECS 440\Lab 5\Lab5\Lab5.srcs\sources_1\new\aluout.v:]
WARNING: [filemgmt 56-199] Attempt to get parsing info during refresh. "On-the-fly" syntax checking information may be incorrect. [C:\Users\fallo\Desktop\CECS 440\Lab 5\Lab5\Lab5.srcs\sources_1\new\design.v:]
WARNING: [filemgmt 56-199] Attempt to get parsing info during refresh. "On-the-fly" syntax checking information may be incorrect. [C:\Users\fallo\Desktop\CECS 440\Lab 5\Lab5\Lab5.srcs\sources_1\new\design.v:]
WARNING: [filemgmt 56-199] Attempt to get parsing info during refresh. "On-the-fly" syntax checking information may be incorrect. [C:\Users\fallo\Desktop\CECS 440\Lab 5\Lab5\Lab5.srcs\sources_1\new\design.v:]
WARNING: [filemgmt 56-199] Attempt to get parsing info during refresh. "On-the-fly" syntax checking information may be incorrect. [C:\Users\fallo\Desktop\CECS 440\Lab 5\Lab5\Lab5.srcs\sources_1\new\regfile.v:]
WARNING: [filemgmt 56-199] Attempt to get parsing info during refresh. "On-the-fly" syntax checking information may be incorrect. [C:\Users\fallo\Desktop\CECS 440\Lab 5\Lab5\Lab5.srcs\sim_1\new\testbench_skeleton.v:]
WARNING: [filemgmt 56-199] Attempt to get parsing info during refresh. "On-the-fly" syntax checking information may be incorrect. [C:\Users\fallo\Desktop\CECS 440\Lab 5\Lab5\Lab5.srcs\sources_1\new\alu.v:]
WARNING: [filemgmt 56-199] Attempt to get parsing info during refresh. "On-the-fly" syntax checking information may be incorrect. [C:\Users\fallo\Desktop\CECS 440\Lab 5\Lab5\Lab5.srcs\sources_1\new\aluout.v:]
WARNING: [filemgmt 56-199] Attempt to get parsing info during refresh. "On-the-fly" syntax checking information may be incorrect. [C:\Users\fallo\Desktop\CECS 440\Lab 5\Lab5\Lab5.srcs\sources_1\new\design.v:]
WARNING: [filemgmt 56-199] Attempt to get parsing info during refresh. "On-the-fly" syntax checking information may be incorrect. [C:\Users\fallo\Desktop\CECS 440\Lab 5\Lab5\Lab5.srcs\sources_1\new\alu.v:]
WARNING: [filemgmt 56-199] Attempt to get parsing info during refresh. "On-the-fly" syntax checking information may be incorrect. [C:\Users\fallo\Desktop\CECS 440\Lab 5\Lab5\Lab5.srcs\sources_1\new\alu.v:]
ERROR: [Common 17-180] Spawn failed: No error
WARNING: [filemgmt 56-199] Attempt to get parsing info during refresh. "On-the-fly" syntax checking information may be incorrect. [C:\Users\fallo\Desktop\CECS 440\Lab 5\Lab5\Lab5.srcs\sources_1\new\regfile.v:]
WARNING: [filemgmt 56-199] Attempt to get parsing info during refresh. "On-the-fly" syntax checking information may be incorrect. [C:\Users\fallo\Desktop\CECS 440\Lab 5\Lab5\Lab5.srcs\sim_1\new\testbench_skeleton.v:]
WARNING: [filemgmt 56-199] Attempt to get parsing info during refresh. "On-the-fly" syntax checking information may be incorrect. [C:\Users\fallo\Desktop\CECS 440\Lab 5\Lab5\Lab5.srcs\sources_1\new\alu.v:]
WARNING: [filemgmt 56-199] Attempt to get parsing info during refresh. "On-the-fly" syntax checking information may be incorrect. [C:\Users\fallo\Desktop\CECS 440\Lab 5\Lab5\Lab5.srcs\sources_1\new\aluout.v:]
WARNING: [filemgmt 56-199] Attempt to get parsing info during refresh. "On-the-fly" syntax checking information may be incorrect. [C:\Users\fallo\Desktop\CECS 440\Lab 5\Lab5\Lab5.srcs\sources_1\new\design.v:]
WARNING: [filemgmt 56-199] Attempt to get parsing info during refresh. "On-the-fly" syntax checking information may be incorrect. [C:\Users\fallo\Desktop\CECS 440\Lab 5\Lab5\Lab5.srcs\sources_1\new\ALUout.v:]
WARNING: [filemgmt 56-199] Attempt to get parsing info during refresh. "On-the-fly" syntax checking information may be incorrect. [C:\Users\fallo\Desktop\CECS 440\Lab 5\Lab5\Lab5.srcs\sources_1\new\ALUout.v:]
ERROR: [Common 17-180] Spawn failed: No error
save_wave_config {C:/Users/fallo/Desktop/CECS 440/Lab 5/Lab5/datapathTester_behav.wcfg}
WARNING: [filemgmt 56-199] Attempt to get parsing info during refresh. "On-the-fly" syntax checking information may be incorrect. [C:\Users\fallo\Desktop\CECS 440\Lab 5\Lab5\Lab5.srcs\sources_1\new\regfile.v:]
WARNING: [filemgmt 56-199] Attempt to get parsing info during refresh. "On-the-fly" syntax checking information may be incorrect. [C:\Users\fallo\Desktop\CECS 440\Lab 5\Lab5\Lab5.srcs\sim_1\new\testbench_skeleton.v:]
WARNING: [filemgmt 56-199] Attempt to get parsing info during refresh. "On-the-fly" syntax checking information may be incorrect. [C:\Users\fallo\Desktop\CECS 440\Lab 5\Lab5\Lab5.srcs\sources_1\new\alu.v:]
WARNING: [filemgmt 56-199] Attempt to get parsing info during refresh. "On-the-fly" syntax checking information may be incorrect. [C:\Users\fallo\Desktop\CECS 440\Lab 5\Lab5\Lab5.srcs\sources_1\new\aluout.v:]
WARNING: [filemgmt 56-199] Attempt to get parsing info during refresh. "On-the-fly" syntax checking information may be incorrect. [C:\Users\fallo\Desktop\CECS 440\Lab 5\Lab5\Lab5.srcs\sources_1\new\design.v:]
WARNING: [filemgmt 56-199] Attempt to get parsing info during refresh. "On-the-fly" syntax checking information may be incorrect. [C:\Users\fallo\Desktop\CECS 440\Lab 5\Lab5\Lab5.srcs\sources_1\new\regfile.v:]
WARNING: [filemgmt 56-199] Attempt to get parsing info during refresh. "On-the-fly" syntax checking information may be incorrect. [C:\Users\fallo\Desktop\CECS 440\Lab 5\Lab5\Lab5.srcs\sources_1\new\regfile.v:]
WARNING: [filemgmt 56-199] Attempt to get parsing info during refresh. "On-the-fly" syntax checking information may be incorrect. [C:\Users\fallo\Desktop\CECS 440\Lab 5\Lab5\Lab5.srcs\sources_1\new\regfile.v:]
WARNING: [filemgmt 56-199] Attempt to get parsing info during refresh. "On-the-fly" syntax checking information may be incorrect. [C:\Users\fallo\Desktop\CECS 440\Lab 5\Lab5\Lab5.srcs\sim_1\new\testbench_skeleton.v:]
WARNING: [filemgmt 56-199] Attempt to get parsing info during refresh. "On-the-fly" syntax checking information may be incorrect. [C:\Users\fallo\Desktop\CECS 440\Lab 5\Lab5\Lab5.srcs\sources_1\new\alu.v:]
WARNING: [filemgmt 56-199] Attempt to get parsing info during refresh. "On-the-fly" syntax checking information may be incorrect. [C:\Users\fallo\Desktop\CECS 440\Lab 5\Lab5\Lab5.srcs\sources_1\new\aluout.v:]
WARNING: [filemgmt 56-199] Attempt to get parsing info during refresh. "On-the-fly" syntax checking information may be incorrect. [C:\Users\fallo\Desktop\CECS 440\Lab 5\Lab5\Lab5.srcs\sources_1\new\design.v:]
WARNING: [filemgmt 56-199] Attempt to get parsing info during refresh. "On-the-fly" syntax checking information may be incorrect. [C:\Users\fallo\Desktop\CECS 440\Lab 5\Lab5\Lab5.srcs\sources_1\new\design.v:]
WARNING: [filemgmt 56-199] Attempt to get parsing info during refresh. "On-the-fly" syntax checking information may be incorrect. [C:\Users\fallo\Desktop\CECS 440\Lab 5\Lab5\Lab5.srcs\sources_1\new\design.v:]
WARNING: [filemgmt 56-199] Attempt to get parsing info during refresh. "On-the-fly" syntax checking information may be incorrect. [C:\Users\fallo\Desktop\CECS 440\Lab 5\Lab5\Lab5.srcs\sources_1\new\regfile.v:]
WARNING: [filemgmt 56-199] Attempt to get parsing info during refresh. "On-the-fly" syntax checking information may be incorrect. [C:\Users\fallo\Desktop\CECS 440\Lab 5\Lab5\Lab5.srcs\sim_1\new\testbench_skeleton.v:]
WARNING: [filemgmt 56-199] Attempt to get parsing info during refresh. "On-the-fly" syntax checking information may be incorrect. [C:\Users\fallo\Desktop\CECS 440\Lab 5\Lab5\Lab5.srcs\sources_1\new\alu.v:]
WARNING: [filemgmt 56-199] Attempt to get parsing info during refresh. "On-the-fly" syntax checking information may be incorrect. [C:\Users\fallo\Desktop\CECS 440\Lab 5\Lab5\Lab5.srcs\sources_1\new\aluout.v:]
WARNING: [filemgmt 56-199] Attempt to get parsing info during refresh. "On-the-fly" syntax checking information may be incorrect. [C:\Users\fallo\Desktop\CECS 440\Lab 5\Lab5\Lab5.srcs\sources_1\new\design.v:]
WARNING: [filemgmt 56-199] Attempt to get parsing info during refresh. "On-the-fly" syntax checking information may be incorrect. [C:\Users\fallo\Desktop\CECS 440\Lab 5\Lab5\Lab5.srcs\sources_1\new\alu.v:]
WARNING: [filemgmt 56-199] Attempt to get parsing info during refresh. "On-the-fly" syntax checking information may be incorrect. [C:\Users\fallo\Desktop\CECS 440\Lab 5\Lab5\Lab5.srcs\sources_1\new\alu.v:]
WARNING: [filemgmt 56-199] Attempt to get parsing info during refresh. "On-the-fly" syntax checking information may be incorrect. [C:\Users\fallo\Desktop\CECS 440\Lab 5\Lab5\Lab5.srcs\sources_1\new\regfile.v:]
WARNING: [filemgmt 56-199] Attempt to get parsing info during refresh. "On-the-fly" syntax checking information may be incorrect. [C:\Users\fallo\Desktop\CECS 440\Lab 5\Lab5\Lab5.srcs\sim_1\new\testbench_skeleton.v:]
WARNING: [filemgmt 56-199] Attempt to get parsing info during refresh. "On-the-fly" syntax checking information may be incorrect. [C:\Users\fallo\Desktop\CECS 440\Lab 5\Lab5\Lab5.srcs\sources_1\new\alu.v:]
WARNING: [filemgmt 56-199] Attempt to get parsing info during refresh. "On-the-fly" syntax checking information may be incorrect. [C:\Users\fallo\Desktop\CECS 440\Lab 5\Lab5\Lab5.srcs\sources_1\new\aluout.v:]
WARNING: [filemgmt 56-199] Attempt to get parsing info during refresh. "On-the-fly" syntax checking information may be incorrect. [C:\Users\fallo\Desktop\CECS 440\Lab 5\Lab5\Lab5.srcs\sources_1\new\design.v:]
WARNING: [filemgmt 56-199] Attempt to get parsing info during refresh. "On-the-fly" syntax checking information may be incorrect. [C:\Users\fallo\Desktop\CECS 440\Lab 5\Lab5\Lab5.srcs\sources_1\new\ALUout.v:]
WARNING: [filemgmt 56-199] Attempt to get parsing info during refresh. "On-the-fly" syntax checking information may be incorrect. [C:\Users\fallo\Desktop\CECS 440\Lab 5\Lab5\Lab5.srcs\sources_1\new\ALUout.v:]
ERROR: [Common 17-180] Spawn failed: No error
synth_design -top simple_datapath -part xc7vx485tffg1157-1 -lint 
Command: synth_design -top simple_datapath -part xc7vx485tffg1157-1 -lint
Starting synth_design
Attempting to get a license for feature 'Synthesis' and/or device 'xc7vx485t'
WARNING: [Common 17-348] Failed to get the license for feature 'Synthesis' and/or device 'xc7vx485t'. Explanation: The license feature Synthesis could not be found.
Resolution: Check the status of your licenses in the Vivado License Manager. For debug help search Xilinx Support for "Licensing FAQ". 
0 Infos, 1 Warnings, 0 Critical Warnings and 1 Errors encountered.
synth_design failed
ERROR: [Common 17-345] A valid license was not found for feature 'Synthesis' and/or device 'xc7vx485t'. Please run the Vivado License Manager for assistance in determining
which features and devices are licensed for your system.
Resolution: Check the status of your licenses in the Vivado License Manager. For debug help search Xilinx Support for "Licensing FAQ". If you are using a license server, verify that the license server is up and running a version of the xilinx daemon that is compatible with the version of Xilinx software that you are using. Note: Vivado 2021.1 and later versions require upgrading your license server tools to the Flex 11.17.2.0 versions. Please confirm with your license admin that the correct version of the license server tools are installed.
synth_design -top simple_datapath -part xc7vx485tffg1157-1 -lint 
Command: synth_design -top simple_datapath -part xc7vx485tffg1157-1 -lint
Starting synth_design
Attempting to get a license for feature 'Synthesis' and/or device 'xc7vx485t'
WARNING: [Common 17-348] Failed to get the license for feature 'Synthesis' and/or device 'xc7vx485t'. Explanation: The license feature Synthesis could not be found.
Resolution: Check the status of your licenses in the Vivado License Manager. For debug help search Xilinx Support for "Licensing FAQ". 
0 Infos, 1 Warnings, 0 Critical Warnings and 1 Errors encountered.
synth_design failed
ERROR: [Common 17-345] A valid license was not found for feature 'Synthesis' and/or device 'xc7vx485t'. Please run the Vivado License Manager for assistance in determining
which features and devices are licensed for your system.
Resolution: Check the status of your licenses in the Vivado License Manager. For debug help search Xilinx Support for "Licensing FAQ". If you are using a license server, verify that the license server is up and running a version of the xilinx daemon that is compatible with the version of Xilinx software that you are using. Note: Vivado 2021.1 and later versions require upgrading your license server tools to the Flex 11.17.2.0 versions. Please confirm with your license admin that the correct version of the license server tools are installed.
synth_design -top simple_datapath -part xc7vx485tffg1157-1 -lint 
Command: synth_design -top simple_datapath -part xc7vx485tffg1157-1 -lint
Starting synth_design
Attempting to get a license for feature 'Synthesis' and/or device 'xc7vx485t'
WARNING: [Common 17-348] Failed to get the license for feature 'Synthesis' and/or device 'xc7vx485t'. Explanation: The license feature Synthesis could not be found.
Resolution: Check the status of your licenses in the Vivado License Manager. For debug help search Xilinx Support for "Licensing FAQ". 
0 Infos, 1 Warnings, 0 Critical Warnings and 1 Errors encountered.
synth_design failed
ERROR: [Common 17-345] A valid license was not found for feature 'Synthesis' and/or device 'xc7vx485t'. Please run the Vivado License Manager for assistance in determining
which features and devices are licensed for your system.
Resolution: Check the status of your licenses in the Vivado License Manager. For debug help search Xilinx Support for "Licensing FAQ". If you are using a license server, verify that the license server is up and running a version of the xilinx daemon that is compatible with the version of Xilinx software that you are using. Note: Vivado 2021.1 and later versions require upgrading your license server tools to the Flex 11.17.2.0 versions. Please confirm with your license admin that the correct version of the license server tools are installed.
synth_design -top simple_datapath -part xc7vx485tffg1157-1 -lint 
Command: synth_design -top simple_datapath -part xc7vx485tffg1157-1 -lint
Starting synth_design
Attempting to get a license for feature 'Synthesis' and/or device 'xc7vx485t'
WARNING: [Common 17-348] Failed to get the license for feature 'Synthesis' and/or device 'xc7vx485t'. Explanation: The license feature Synthesis could not be found.
Resolution: Check the status of your licenses in the Vivado License Manager. For debug help search Xilinx Support for "Licensing FAQ". 
0 Infos, 1 Warnings, 0 Critical Warnings and 1 Errors encountered.
synth_design failed
ERROR: [Common 17-345] A valid license was not found for feature 'Synthesis' and/or device 'xc7vx485t'. Please run the Vivado License Manager for assistance in determining
which features and devices are licensed for your system.
Resolution: Check the status of your licenses in the Vivado License Manager. For debug help search Xilinx Support for "Licensing FAQ". If you are using a license server, verify that the license server is up and running a version of the xilinx daemon that is compatible with the version of Xilinx software that you are using. Note: Vivado 2021.1 and later versions require upgrading your license server tools to the Flex 11.17.2.0 versions. Please confirm with your license admin that the correct version of the license server tools are installed.
synth_design -top simple_datapath -part xc7vx485tffg1157-1 -lint 
Command: synth_design -top simple_datapath -part xc7vx485tffg1157-1 -lint
Starting synth_design
Attempting to get a license for feature 'Synthesis' and/or device 'xc7vx485t'
WARNING: [Common 17-348] Failed to get the license for feature 'Synthesis' and/or device 'xc7vx485t'. Explanation: The license feature Synthesis could not be found.
Resolution: Check the status of your licenses in the Vivado License Manager. For debug help search Xilinx Support for "Licensing FAQ". 
0 Infos, 1 Warnings, 0 Critical Warnings and 1 Errors encountered.
synth_design failed
ERROR: [Common 17-345] A valid license was not found for feature 'Synthesis' and/or device 'xc7vx485t'. Please run the Vivado License Manager for assistance in determining
which features and devices are licensed for your system.
Resolution: Check the status of your licenses in the Vivado License Manager. For debug help search Xilinx Support for "Licensing FAQ". If you are using a license server, verify that the license server is up and running a version of the xilinx daemon that is compatible with the version of Xilinx software that you are using. Note: Vivado 2021.1 and later versions require upgrading your license server tools to the Flex 11.17.2.0 versions. Please confirm with your license admin that the correct version of the license server tools are installed.
synth_design -top simple_datapath -part xc7vx485tffg1157-1 -lint 
Command: synth_design -top simple_datapath -part xc7vx485tffg1157-1 -lint
Starting synth_design
Attempting to get a license for feature 'Synthesis' and/or device 'xc7vx485t'
WARNING: [Common 17-348] Failed to get the license for feature 'Synthesis' and/or device 'xc7vx485t'. Explanation: The license feature Synthesis could not be found.
Resolution: Check the status of your licenses in the Vivado License Manager. For debug help search Xilinx Support for "Licensing FAQ". 
0 Infos, 1 Warnings, 0 Critical Warnings and 1 Errors encountered.
synth_design failed
ERROR: [Common 17-345] A valid license was not found for feature 'Synthesis' and/or device 'xc7vx485t'. Please run the Vivado License Manager for assistance in determining
which features and devices are licensed for your system.
Resolution: Check the status of your licenses in the Vivado License Manager. For debug help search Xilinx Support for "Licensing FAQ". If you are using a license server, verify that the license server is up and running a version of the xilinx daemon that is compatible with the version of Xilinx software that you are using. Note: Vivado 2021.1 and later versions require upgrading your license server tools to the Flex 11.17.2.0 versions. Please confirm with your license admin that the correct version of the license server tools are installed.
launch_runs synth_1 -jobs 8
WARNING: [HDL 9-3756] overwriting previous definition of module 'ALUout' [C:/Users/fallo/Desktop/CECS 440/Lab 5/Lab5/Lab5.srcs/sources_1/new/ALUout.v:7]
WARNING: [HDL 9-3756] overwriting previous definition of module 'alu' [C:/Users/fallo/Desktop/CECS 440/Lab 5/Lab5/Lab5.srcs/sources_1/new/alu.v:8]
WARNING: [HDL 9-3756] overwriting previous definition of module 'regfile' [C:/Users/fallo/Desktop/CECS 440/Lab 5/Lab5/Lab5.srcs/sources_1/new/regfile.v:7]
WARNING: [filemgmt 20-1318] Duplicate Design Unit 'ALUout()' found in library 'xil_defaultlib'
	(Active) Duplicate found at line 7 of file C:/Users/fallo/Desktop/CECS 440/Lab 5/Lab5/Lab5.srcs/sources_1/new/ALUout.v
Duplicate found at line 7 of file C:/Users/fallo/Desktop/CECS 440/Lab 5/Lab5/Lab5.srcs/sources_1/new/design.v
WARNING: [filemgmt 20-1318] Duplicate Design Unit 'alu()' found in library 'xil_defaultlib'
	(Active) Duplicate found at line 8 of file C:/Users/fallo/Desktop/CECS 440/Lab 5/Lab5/Lab5.srcs/sources_1/new/alu.v
Duplicate found at line 8 of file C:/Users/fallo/Desktop/CECS 440/Lab 5/Lab5/Lab5.srcs/sources_1/new/design.v
WARNING: [filemgmt 20-1318] Duplicate Design Unit 'regfile()' found in library 'xil_defaultlib'
Duplicate found at line 7 of file C:/Users/fallo/Desktop/CECS 440/Lab 5/Lab5/Lab5.srcs/sources_1/new/design.v
	(Active) Duplicate found at line 7 of file C:/Users/fallo/Desktop/CECS 440/Lab 5/Lab5/Lab5.srcs/sources_1/new/regfile.v
WARNING: [Vivado 12-7122] Auto Incremental Compile:: No reference checkpoint was found in run synth_1. Auto-incremental flow will not be run, the standard flow will be run instead.
[Wed Oct 15 22:15:08 2025] Launched synth_1...
Run output will be captured here: C:/Users/fallo/Desktop/CECS 440/Lab 5/Lab5/Lab5.runs/synth_1/runme.log
close_sim
INFO: [Simtcl 6-16] Simulation closed
launch_simulation
Command: launch_simulation 
INFO: [Vivado 12-12493] Simulation top is 'datapathTester'
WARNING: [Vivado 12-13340] Unable to auto find GCC executables from simulator install path! (path not set)
INFO: [Vivado 12-5682] Launching behavioral simulation in 'C:/Users/fallo/Desktop/CECS 440/Lab 5/Lab5/Lab5.sim/sim_1/behav/xsim'
INFO: [SIM-utils-51] Simulation object is 'sim_1'
INFO: [SIM-utils-72] Using boost library from 'E:/Vivado/2024.2/tps/boost_1_72_0'
INFO: [SIM-utils-54] Inspecting design source files for 'datapathTester' in fileset 'sim_1'...
INFO: [USF-XSim-97] Finding global include files...
INFO: [USF-XSim-98] Fetching design files from 'sim_1'...
INFO: [USF-XSim-2] XSim::Compile design
INFO: [USF-XSim-61] Executing 'COMPILE and ANALYZE' step in 'C:/Users/fallo/Desktop/CECS 440/Lab 5/Lab5/Lab5.sim/sim_1/behav/xsim'
"xvlog --incr --relax -prj datapathTester_vlog.prj"
INFO: [VRFC 10-2263] Analyzing Verilog file "C:/Users/fallo/Desktop/CECS 440/Lab 5/Lab5/Lab5.srcs/sources_1/new/ALUout.v" into library xil_defaultlib
INFO: [VRFC 10-311] analyzing module ALUout
INFO: [VRFC 10-2263] Analyzing Verilog file "C:/Users/fallo/Desktop/CECS 440/Lab 5/Lab5/Lab5.srcs/sources_1/new/alu.v" into library xil_defaultlib
INFO: [VRFC 10-311] analyzing module alu
INFO: [VRFC 10-2263] Analyzing Verilog file "C:/Users/fallo/Desktop/CECS 440/Lab 5/Lab5/Lab5.srcs/sources_1/new/design.v" into library xil_defaultlib
INFO: [VRFC 10-311] analyzing module regfile
INFO: [VRFC 10-311] analyzing module ALUout
WARNING: [VRFC 10-3609] overwriting previous definition of module 'ALUout' [C:/Users/fallo/Desktop/CECS 440/Lab 5/Lab5/Lab5.srcs/sources_1/new/ALUout.v:7]
INFO: [VRFC 10-311] analyzing module alu
WARNING: [VRFC 10-3609] overwriting previous definition of module 'alu' [C:/Users/fallo/Desktop/CECS 440/Lab 5/Lab5/Lab5.srcs/sources_1/new/alu.v:8]
INFO: [VRFC 10-311] analyzing module simple_datapath
INFO: [VRFC 10-2263] Analyzing Verilog file "C:/Users/fallo/Desktop/CECS 440/Lab 5/Lab5/Lab5.srcs/sources_1/new/regfile.v" into library xil_defaultlib
INFO: [VRFC 10-311] analyzing module regfile
WARNING: [VRFC 10-3609] overwriting previous definition of module 'regfile' [C:/Users/fallo/Desktop/CECS 440/Lab 5/Lab5/Lab5.srcs/sources_1/new/regfile.v:7]
INFO: [VRFC 10-2263] Analyzing Verilog file "C:/Users/fallo/Desktop/CECS 440/Lab 5/Lab5/Lab5.srcs/sim_1/new/testbench_skeleton.v" into library xil_defaultlib
INFO: [VRFC 10-311] analyzing module datapathTester
INFO: [USF-XSim-69] 'compile' step finished in '2' seconds
INFO: [USF-XSim-3] XSim::Elaborate design
INFO: [USF-XSim-61] Executing 'ELABORATE' step in 'C:/Users/fallo/Desktop/CECS 440/Lab 5/Lab5/Lab5.sim/sim_1/behav/xsim'
"xelab --incr --debug typical --relax --mt 2 -L xil_defaultlib -L unisims_ver -L unimacro_ver -L secureip --snapshot datapathTester_behav xil_defaultlib.datapathTester xil_defaultlib.glbl -log elaborate.log"
Vivado Simulator v2024.2.0
Copyright 1986-2022 Xilinx, Inc. All Rights Reserved.
Copyright 2022-2024 Advanced Micro Devices, Inc. All Rights Reserved.
Running: E:/Vivado/2024.2/bin/unwrapped/win64.o/xelab.exe --incr --debug typical --relax --mt 2 -L xil_defaultlib -L unisims_ver -L unimacro_ver -L secureip --snapshot datapathTester_behav xil_defaultlib.datapathTester xil_defaultlib.glbl -log elaborate.log 
Using 2 slave threads.
Starting static elaboration
Pass Through NonSizing Optimizer
Completed static elaboration
Starting simulation data flow analysis
Completed simulation data flow analysis
Time Resolution for simulation is 1ps
Compiling module xil_defaultlib.regfile(width=32)
Compiling module xil_defaultlib.alu(width=32)
Compiling module xil_defaultlib.ALUout(width=32)
Compiling module xil_defaultlib.simple_datapath
Compiling module xil_defaultlib.datapathTester
Compiling module xil_defaultlib.glbl
Built simulation snapshot datapathTester_behav
INFO: [USF-XSim-69] 'elaborate' step finished in '1' seconds
INFO: [USF-XSim-4] XSim::Simulate design
INFO: [USF-XSim-61] Executing 'SIMULATE' step in 'C:/Users/fallo/Desktop/CECS 440/Lab 5/Lab5/Lab5.sim/sim_1/behav/xsim'
INFO: [USF-XSim-98] *** Running xsim
   with args "datapathTester_behav -key {Behavioral:sim_1:Functional:datapathTester} -tclbatch {datapathTester.tcl} -view {{C:/Users/fallo/Desktop/CECS 440/Lab 5/Lab5/datapathTester_behav.wcfg}} -log {simulate.log}"
INFO: [USF-XSim-8] Loading simulator feature
Time resolution is 1 ps
open_wave_config {C:/Users/fallo/Desktop/CECS 440/Lab 5/Lab5/datapathTester_behav.wcfg}
source datapathTester.tcl
# set curr_wave [current_wave_config]
# if { [string length $curr_wave] == 0 } {
#   if { [llength [get_objects]] > 0} {
#     add_wave /
#     set_property needs_save false [current_wave_config]
#   } else {
#      send_msg_id Add_Wave-1 WARNING "No top level signals found. Simulator will start without a wave window. If you want to open a wave window go to 'File->New Waveform Configuration' or type 'create_wave_config' in the TCL console."
#   }
# }
# run 1000ns
Registers Initialized!
	Register	Content
          0	0x00000000
          1	0xffff0000
          2	0x0a0a0a0a
          3	0x000001f4
          4	0x000003e8
          5	0x00000005
          6	0x00000006
          7	0x00000007
          8	0x00000008
          9	0x00000009
         10	0x0000000a
         11	0x0000000b
         12	0x0000000c
         13	0x0000000d
         14	0x0000000e
         15	0x0000000f
         16	0x00000010
         17	0x00000011
         18	0x00000012
         19	0x00000013
         20	0x00000014
         21	0x00000015
         22	0x00000016
         23	0x00000017
         24	0x00000018
         25	0x00000019
         26	0x0000001a
         27	0x0000001b
         28	0x0000001c
         29	0x0000001d
         30	0x0000001e
         31	0x0000001f

Checking test case
srca =        500, srcb =       1000
add $ALUout, $ 3, $ 4 performed
sum =       1500
test passed

Checking test case
srca =        500, srcb =       1000
increment $ALUout, $ 3 performed
d_out =        501
test passed

Checking test case
srca = ffff0000, srcb = 0a0a0a0a
and $ALUout, $ 1, $ 2 performed
d_out = 0a0a0000
test passed

Checking test case
srca = ffff0000, srcb = 0a0a0a0a
or $ALUout, $ 1, $ 2 performed
d_out = ffff0a0a
test passed

Checking test case
srca = 0a0a0a0a, srcb = ffff0000
xor $ALUout, $ 2, $ 1 performed
d_out = f5f50a0a
test passed

Checking test case
srca = 0a0a0a0a, srcb = ffff0000
not $ALUout, $ 2 performed
d_out = f5f5f5f5
test passed

Checking test case
srca =       1000, srcb = 4294901760
sll $ALUout, $ 4, performed
d_out =       2000
test passed

Checking test case
srca = 000003e8, srcb = ffff0000
nop operation performed
d_out = 00000000
test passed
$finish called at time : 146 ns : File "C:/Users/fallo/Desktop/CECS 440/Lab 5/Lab5/Lab5.srcs/sim_1/new/testbench_skeleton.v" Line 120
INFO: [USF-XSim-96] XSim completed. Design snapshot 'datapathTester_behav' loaded.
INFO: [USF-XSim-97] XSim simulation ran for 1000ns
launch_simulation: Time (s): cpu = 00:00:02 ; elapsed = 00:00:05 . Memory (MB): peak = 1803.777 ; gain = 0.000
remove_forces { {/datapathTester/i} }
save_wave_config {C:/Users/fallo/Desktop/CECS 440/Lab 5/Lab5/datapathTester_behav.wcfg}
WARNING: [filemgmt 56-199] Attempt to get parsing info during refresh. "On-the-fly" syntax checking information may be incorrect. [C:\Users\fallo\Desktop\CECS 440\Lab 5\Lab5\Lab5.srcs\sources_1\new\regfile.v:]
WARNING: [filemgmt 56-199] Attempt to get parsing info during refresh. "On-the-fly" syntax checking information may be incorrect. [C:\Users\fallo\Desktop\CECS 440\Lab 5\Lab5\Lab5.srcs\sim_1\new\testbench_skeleton.v:]
WARNING: [filemgmt 56-199] Attempt to get parsing info during refresh. "On-the-fly" syntax checking information may be incorrect. [C:\Users\fallo\Desktop\CECS 440\Lab 5\Lab5\Lab5.srcs\sources_1\new\alu.v:]
WARNING: [filemgmt 56-199] Attempt to get parsing info during refresh. "On-the-fly" syntax checking information may be incorrect. [C:\Users\fallo\Desktop\CECS 440\Lab 5\Lab5\Lab5.srcs\sources_1\new\aluout.v:]
WARNING: [filemgmt 56-199] Attempt to get parsing info during refresh. "On-the-fly" syntax checking information may be incorrect. [C:\Users\fallo\Desktop\CECS 440\Lab 5\Lab5\Lab5.srcs\sources_1\new\design.v:]
WARNING: [filemgmt 56-199] Attempt to get parsing info during refresh. "On-the-fly" syntax checking information may be incorrect. [C:\Users\fallo\Desktop\CECS 440\Lab 5\Lab5\Lab5.srcs\sources_1\new\regfile.v:]
WARNING: [filemgmt 56-199] Attempt to get parsing info during refresh. "On-the-fly" syntax checking information may be incorrect. [C:\Users\fallo\Desktop\CECS 440\Lab 5\Lab5\Lab5.srcs\sources_1\new\regfile.v:]
WARNING: [filemgmt 56-199] Attempt to get parsing info during refresh. "On-the-fly" syntax checking information may be incorrect. [C:\Users\fallo\Desktop\CECS 440\Lab 5\Lab5\Lab5.srcs\sources_1\new\regfile.v:]
WARNING: [filemgmt 56-199] Attempt to get parsing info during refresh. "On-the-fly" syntax checking information may be incorrect. [C:\Users\fallo\Desktop\CECS 440\Lab 5\Lab5\Lab5.srcs\sim_1\new\testbench_skeleton.v:]
WARNING: [filemgmt 56-199] Attempt to get parsing info during refresh. "On-the-fly" syntax checking information may be incorrect. [C:\Users\fallo\Desktop\CECS 440\Lab 5\Lab5\Lab5.srcs\sources_1\new\alu.v:]
WARNING: [filemgmt 56-199] Attempt to get parsing info during refresh. "On-the-fly" syntax checking information may be incorrect. [C:\Users\fallo\Desktop\CECS 440\Lab 5\Lab5\Lab5.srcs\sources_1\new\aluout.v:]
WARNING: [filemgmt 56-199] Attempt to get parsing info during refresh. "On-the-fly" syntax checking information may be incorrect. [C:\Users\fallo\Desktop\CECS 440\Lab 5\Lab5\Lab5.srcs\sources_1\new\design.v:]
WARNING: [filemgmt 56-199] Attempt to get parsing info during refresh. "On-the-fly" syntax checking information may be incorrect. [C:\Users\fallo\Desktop\CECS 440\Lab 5\Lab5\Lab5.srcs\sources_1\new\design.v:]
WARNING: [filemgmt 56-199] Attempt to get parsing info during refresh. "On-the-fly" syntax checking information may be incorrect. [C:\Users\fallo\Desktop\CECS 440\Lab 5\Lab5\Lab5.srcs\sources_1\new\design.v:]
WARNING: [filemgmt 56-199] Attempt to get parsing info during refresh. "On-the-fly" syntax checking information may be incorrect. [C:\Users\fallo\Desktop\CECS 440\Lab 5\Lab5\Lab5.srcs\sources_1\new\regfile.v:]
WARNING: [filemgmt 56-199] Attempt to get parsing info during refresh. "On-the-fly" syntax checking information may be incorrect. [C:\Users\fallo\Desktop\CECS 440\Lab 5\Lab5\Lab5.srcs\sim_1\new\testbench_skeleton.v:]
WARNING: [filemgmt 56-199] Attempt to get parsing info during refresh. "On-the-fly" syntax checking information may be incorrect. [C:\Users\fallo\Desktop\CECS 440\Lab 5\Lab5\Lab5.srcs\sources_1\new\alu.v:]
WARNING: [filemgmt 56-199] Attempt to get parsing info during refresh. "On-the-fly" syntax checking information may be incorrect. [C:\Users\fallo\Desktop\CECS 440\Lab 5\Lab5\Lab5.srcs\sources_1\new\aluout.v:]
WARNING: [filemgmt 56-199] Attempt to get parsing info during refresh. "On-the-fly" syntax checking information may be incorrect. [C:\Users\fallo\Desktop\CECS 440\Lab 5\Lab5\Lab5.srcs\sources_1\new\design.v:]
WARNING: [filemgmt 56-199] Attempt to get parsing info during refresh. "On-the-fly" syntax checking information may be incorrect. [C:\Users\fallo\Desktop\CECS 440\Lab 5\Lab5\Lab5.srcs\sources_1\new\alu.v:]
WARNING: [filemgmt 56-199] Attempt to get parsing info during refresh. "On-the-fly" syntax checking information may be incorrect. [C:\Users\fallo\Desktop\CECS 440\Lab 5\Lab5\Lab5.srcs\sources_1\new\alu.v:]
ERROR: [Common 17-180] Spawn failed: No error
WARNING: [filemgmt 56-199] Attempt to get parsing info during refresh. "On-the-fly" syntax checking information may be incorrect. [C:\Users\fallo\Desktop\CECS 440\Lab 5\Lab5\Lab5.srcs\sources_1\new\regfile.v:]
WARNING: [filemgmt 56-199] Attempt to get parsing info during refresh. "On-the-fly" syntax checking information may be incorrect. [C:\Users\fallo\Desktop\CECS 440\Lab 5\Lab5\Lab5.srcs\sim_1\new\testbench_skeleton.v:]
WARNING: [filemgmt 56-199] Attempt to get parsing info during refresh. "On-the-fly" syntax checking information may be incorrect. [C:\Users\fallo\Desktop\CECS 440\Lab 5\Lab5\Lab5.srcs\sources_1\new\alu.v:]
WARNING: [filemgmt 56-199] Attempt to get parsing info during refresh. "On-the-fly" syntax checking information may be incorrect. [C:\Users\fallo\Desktop\CECS 440\Lab 5\Lab5\Lab5.srcs\sources_1\new\aluout.v:]
WARNING: [filemgmt 56-199] Attempt to get parsing info during refresh. "On-the-fly" syntax checking information may be incorrect. [C:\Users\fallo\Desktop\CECS 440\Lab 5\Lab5\Lab5.srcs\sources_1\new\design.v:]
WARNING: [filemgmt 56-199] Attempt to get parsing info during refresh. "On-the-fly" syntax checking information may be incorrect. [C:\Users\fallo\Desktop\CECS 440\Lab 5\Lab5\Lab5.srcs\sources_1\new\ALUout.v:]
WARNING: [filemgmt 56-199] Attempt to get parsing info during refresh. "On-the-fly" syntax checking information may be incorrect. [C:\Users\fallo\Desktop\CECS 440\Lab 5\Lab5\Lab5.srcs\sources_1\new\ALUout.v:]
ERROR: [Common 17-180] Spawn failed: No error
save_wave_config {C:/Users/fallo/Desktop/CECS 440/Lab 5/Lab5/datapathTester_behav.wcfg}
WARNING: [filemgmt 56-199] Attempt to get parsing info during refresh. "On-the-fly" syntax checking information may be incorrect. [C:\Users\fallo\Desktop\CECS 440\Lab 5\Lab5\Lab5.srcs\sources_1\new\regfile.v:]
WARNING: [filemgmt 56-199] Attempt to get parsing info during refresh. "On-the-fly" syntax checking information may be incorrect. [C:\Users\fallo\Desktop\CECS 440\Lab 5\Lab5\Lab5.srcs\sim_1\new\testbench_skeleton.v:]
WARNING: [filemgmt 56-199] Attempt to get parsing info during refresh. "On-the-fly" syntax checking information may be incorrect. [C:\Users\fallo\Desktop\CECS 440\Lab 5\Lab5\Lab5.srcs\sources_1\new\alu.v:]
WARNING: [filemgmt 56-199] Attempt to get parsing info during refresh. "On-the-fly" syntax checking information may be incorrect. [C:\Users\fallo\Desktop\CECS 440\Lab 5\Lab5\Lab5.srcs\sources_1\new\aluout.v:]
WARNING: [filemgmt 56-199] Attempt to get parsing info during refresh. "On-the-fly" syntax checking information may be incorrect. [C:\Users\fallo\Desktop\CECS 440\Lab 5\Lab5\Lab5.srcs\sources_1\new\design.v:]
WARNING: [filemgmt 56-199] Attempt to get parsing info during refresh. "On-the-fly" syntax checking information may be incorrect. [C:\Users\fallo\Desktop\CECS 440\Lab 5\Lab5\Lab5.srcs\sources_1\new\regfile.v:]
WARNING: [filemgmt 56-199] Attempt to get parsing info during refresh. "On-the-fly" syntax checking information may be incorrect. [C:\Users\fallo\Desktop\CECS 440\Lab 5\Lab5\Lab5.srcs\sources_1\new\regfile.v:]
WARNING: [filemgmt 56-199] Attempt to get parsing info during refresh. "On-the-fly" syntax checking information may be incorrect. [C:\Users\fallo\Desktop\CECS 440\Lab 5\Lab5\Lab5.srcs\sources_1\new\regfile.v:]
WARNING: [filemgmt 56-199] Attempt to get parsing info during refresh. "On-the-fly" syntax checking information may be incorrect. [C:\Users\fallo\Desktop\CECS 440\Lab 5\Lab5\Lab5.srcs\sim_1\new\testbench_skeleton.v:]
WARNING: [filemgmt 56-199] Attempt to get parsing info during refresh. "On-the-fly" syntax checking information may be incorrect. [C:\Users\fallo\Desktop\CECS 440\Lab 5\Lab5\Lab5.srcs\sources_1\new\alu.v:]
WARNING: [filemgmt 56-199] Attempt to get parsing info during refresh. "On-the-fly" syntax checking information may be incorrect. [C:\Users\fallo\Desktop\CECS 440\Lab 5\Lab5\Lab5.srcs\sources_1\new\aluout.v:]
WARNING: [filemgmt 56-199] Attempt to get parsing info during refresh. "On-the-fly" syntax checking information may be incorrect. [C:\Users\fallo\Desktop\CECS 440\Lab 5\Lab5\Lab5.srcs\sources_1\new\design.v:]
WARNING: [filemgmt 56-199] Attempt to get parsing info during refresh. "On-the-fly" syntax checking information may be incorrect. [C:\Users\fallo\Desktop\CECS 440\Lab 5\Lab5\Lab5.srcs\sources_1\new\design.v:]
WARNING: [filemgmt 56-199] Attempt to get parsing info during refresh. "On-the-fly" syntax checking information may be incorrect. [C:\Users\fallo\Desktop\CECS 440\Lab 5\Lab5\Lab5.srcs\sources_1\new\design.v:]
close_sim
INFO: [Simtcl 6-16] Simulation closed
exit
INFO: [Common 17-206] Exiting Vivado at Wed Oct 15 23:30:54 2025...
